# -*- coding: utf-8 -*-

# Resource object code
#
# Created by: The Resource Compiler for PyQt5 (Qt v5.15.15)
#
# WARNING! All changes made in this file will be lost!

from PyQt5 import QtCore

qt_resource_data = b"\
\x00\x00\x01\x9f\
\x89\
\x50\x4e\x47\x0d\x0a\x1a\x0a\x00\x00\x00\x0d\x49\x48\x44\x52\x00\
\x00\x00\x18\x00\x00\x00\x18\x08\x06\x00\x00\x00\xe0\x77\x3d\xf8\
\x00\x00\x00\x01\x73\x52\x47\x42\x00\xae\xce\x1c\xe9\x00\x00\x01\
\x59\x49\x44\x41\x54\x48\x0d\x63\x60\x18\x05\x04\x42\x80\x11\x59\
\xbe\xb8\xaa\xce\xf3\xef\xdf\x7f\xb3\x18\x18\xfe\xcb\x20\x8b\x13\
\xcb\x66\x64\x64\x7c\xcc\xc4\xc4\x94\xde\xdb\xd6\xb4\x1d\xa6\x87\
\x09\xc6\x00\xd1\x94\x18\x0e\xd2\xff\xff\xff\x7f\xd9\x7f\xff\xfe\
\xcd\x04\xb1\x61\x80\x05\xc6\x80\xd0\x10\x97\x4f\xe8\x6c\x45\xf1\
\x19\xaa\x1a\xdc\xbc\x82\xf2\x6a\xa0\x1d\xff\x65\x91\x55\xa0\xf8\
\x00\x59\x82\x5a\xec\x51\x0b\x08\x86\xe4\xe0\x0d\xa2\x55\xab\x56\
\x31\x13\x74\x3e\x50\x01\x59\x3e\x28\xa8\xa8\x8e\x3e\x7e\xf6\xd2\
\x6c\xaa\x58\x00\xca\xdd\x45\x95\x35\x7e\x30\xc3\x4a\xaa\x1a\x74\
\x18\x18\x18\x67\xfd\x67\xf8\x9f\x58\x58\x59\x1d\x0f\x13\xc7\x45\
\xe3\xf5\x41\x45\x45\x83\xc2\xbf\xbf\xff\x96\xfc\xfb\xcf\xb0\x14\
\x64\x70\x43\x43\x03\xdf\xdf\x7f\xbf\xd7\x02\xb3\x2c\x17\xc8\xc0\
\xff\xff\x19\xa7\x15\x57\x36\x68\xe1\x32\x1c\x24\x8e\xd3\x02\xa0\
\x61\x1c\x3f\xff\xff\x5e\x0b\x74\xa9\x10\xd0\x24\x9e\xbf\x7f\xff\
\x6c\xfa\xf8\xfd\xf7\xb2\xff\xff\x19\xd4\xe0\x06\x02\x2d\xfa\xf7\
\xff\xf7\x6a\xa0\x5a\xb0\x85\x70\x71\x24\x06\x4e\x0b\x3e\x7e\xff\
\x33\xe5\x3f\x03\x83\x11\x4c\x2d\xd0\x22\x45\x20\xdf\x1b\xc6\x87\
\xd1\x40\x0b\xb5\x3e\xfc\xf8\x3d\x15\xc6\x47\xa7\xd1\xca\x22\x84\
\x74\x7f\x67\x4b\x0a\x90\x07\xc2\x14\x01\x9c\x3e\xa0\xc8\x54\x24\
\xcd\x68\x3e\x60\x7c\x02\xaa\x0b\x40\xa5\x22\x92\x1a\x92\x98\xa0\
\x3a\x01\x59\x03\x8a\x0f\x98\x99\x99\xd2\x80\x49\x10\x68\x09\x79\
\x00\x56\xe1\x90\xa7\x7b\xc4\xea\x02\x00\x78\x2c\x74\xd6\xb0\x03\
\x22\x82\x00\x00\x00\x00\x49\x45\x4e\x44\xae\x42\x60\x82\
\x00\x00\x03\x03\
\x89\
\x50\x4e\x47\x0d\x0a\x1a\x0a\x00\x00\x00\x0d\x49\x48\x44\x52\x00\
\x00\x00\x18\x00\x00\x00\x18\x08\x06\x00\x00\x00\xe0\x77\x3d\xf8\
\x00\x00\x00\x01\x73\x52\x47\x42\x00\xae\xce\x1c\xe9\x00\x00\x02\
\xbd\x49\x44\x41\x54\x48\x0d\xed\x54\x4d\x48\x54\x51\x14\x3e\xe7\
\xbd\x37\x3a\xa0\xa8\x1b\xa7\xc8\x82\xa2\x45\xab\x76\x12\x81\x9a\
\xb4\x6c\x97\xab\x20\x28\x88\x28\x24\x2b\x9a\x54\x66\xcc\x19\x79\
\x39\xfe\xcc\x60\x4e\x8b\xb2\x16\x41\x6d\x5c\xb5\x68\x59\x5b\x05\
\x4b\x08\x2a\x57\xb5\x0c\x02\x0b\xa6\x45\x8e\x24\x33\xcd\xfb\xb9\
\x7d\xe7\x35\x23\xaf\xe9\x4d\x3e\xd7\x75\xe1\x7a\xee\x3b\xe7\x3b\
\xdf\x77\xce\xb9\x77\x24\xfa\xa7\x56\x7c\xdc\x3c\x26\x7b\x37\x4d\
\x1b\xbb\x01\x93\x63\x5f\x05\x9e\xb1\xcf\x85\xcd\x13\x70\xa8\x35\
\x62\x9a\x31\xbb\x64\x7d\x62\x2c\x3d\x6a\x1c\xb8\x63\x9a\x85\x30\
\x89\x5a\x18\x90\x60\xdc\xb2\x7d\x09\xa6\x59\x29\xd5\xe4\x94\xac\
\xcb\x61\xf3\x42\x75\x60\x9a\xa6\xb1\x51\xb2\x3f\x12\xa9\xfd\x42\
\xcc\x4c\xeb\xed\xd1\xc8\x41\xf8\xed\x9d\x84\x42\x75\xb0\xf1\xc3\
\x3e\xfd\x8b\x9c\x3f\x80\xfc\xbd\x52\xd4\xb5\x59\xb6\x06\x76\x22\
\xf7\x8a\x09\x02\xa1\xb2\xb6\x62\x99\x62\x3a\x3b\x9d\x8e\xcb\x31\
\x22\x27\xa5\x88\xba\x99\xb5\x21\xc6\x8c\x5c\x52\x0f\x70\x15\x6f\
\x88\xb4\x69\xc5\xaa\x10\xd1\x55\x41\xb3\x5a\x0b\xb9\x5c\xb2\x58\
\xcf\xb7\x3d\xa2\x78\x62\x3c\xa9\x88\x87\x50\x69\x27\x40\xcd\xf5\
\x40\xcc\x65\xb3\x23\x6a\x74\x89\x7f\xa3\x6c\xaf\x93\x52\x6d\xf5\
\x18\x88\x56\xd0\x5d\x81\x49\x2d\xdc\xcd\x4d\x67\x25\xbe\x2d\x80\
\xc2\xf8\xe6\x58\x3a\x07\x3b\x5a\x4d\x84\x1e\xbf\x06\xb8\x40\x8a\
\x91\xc4\x4b\xf9\x5c\x66\x51\x62\xf1\x44\xfa\x2c\xb1\xdb\x8f\x94\
\x18\x18\xf6\x40\xec\x78\x8d\x0b\x22\x73\xf9\xd9\x4c\x02\x16\x4d\
\xfb\x04\xe4\x43\x56\x3c\x99\x1e\xc4\x10\xee\xe3\xa8\x03\xb4\xd8\
\x1e\x35\x2e\x62\x64\x15\x2f\x58\xf7\x07\xfe\x26\x74\xf3\x08\x02\
\xe7\x11\x72\x34\xe2\x6b\xf9\xdc\xd4\x43\x3f\x6c\xbb\x03\xbf\x73\
\xf8\xd6\xc4\x29\xc7\x75\x9f\x22\xb1\x15\x22\xcb\xcd\xd4\x32\x90\
\xcd\x8e\x7d\xf3\x63\x40\xde\x51\x2c\x59\xcf\x50\xe6\x49\x74\xfa\
\x5d\x63\x3a\x93\x9f\x9d\x7a\xee\xc7\xc8\x39\xf0\x15\xcd\xcf\x4c\
\xbe\x88\x68\x46\x1f\x1a\xfc\x8c\x91\xf5\x57\x78\x2b\x53\x9f\x58\
\x2c\x5b\xb7\x85\x1c\xaf\xea\x0b\x2a\x3f\x11\x44\xde\x50\x40\x02\
\x73\x33\xe6\x1a\xc6\xf8\x52\xce\x20\x7a\x27\xf6\xb7\xc5\xbc\x56\
\xfd\x7e\x95\xcf\x66\xfe\x8c\x57\x83\x7f\xfd\x5f\x84\x4b\xec\x11\
\xfa\x88\x4e\x2b\xb8\xd8\xa3\xc4\x6a\xc1\xcb\x53\x3c\x64\xe8\x6a\
\xc5\x72\xf1\xe5\x61\xaa\x6c\x01\x26\x70\x44\x82\x1b\x49\xa5\x0e\
\x21\x7b\x1f\x2e\x69\xab\x62\xa9\x41\x90\xbf\xc5\xb8\xfa\x64\xcb\
\xd9\xb2\xd4\x15\x99\xbd\x22\xb5\x77\x34\x95\x3a\x1c\xc0\xed\xb9\
\x1a\x0a\xd8\x8e\xea\x15\x04\xc6\xd3\x02\x73\x03\xc4\xac\x69\x7c\
\x4f\xb6\x9c\xc5\x27\x8f\x40\x30\x8e\x25\x9d\x06\xaf\x86\x02\xe4\
\xfa\x92\x98\x57\x23\x7a\xa4\x1b\x17\x79\x5d\xb6\x9c\x51\xfd\x6a\
\x8d\x52\xb1\xdb\x50\xa0\xe1\x1d\xa0\xc4\x5e\xd4\xf9\x55\x23\x2d\
\x39\x3f\x3b\xf9\xa4\xf6\xc3\x11\x52\x79\x00\xe8\xa2\x67\x78\x6c\
\xe2\x82\x4b\xae\xfc\x62\xbd\x6e\x6b\x82\x7e\x1b\xd8\x41\x22\x91\
\x6d\xc7\x9c\x97\xa3\xd4\x7a\x04\x2f\xe4\xb1\x9f\xbc\x96\x2c\x3e\
\x89\x09\x06\xbe\x25\x2f\xa7\x16\xfc\x6f\x77\x33\x81\x9f\x9e\x83\
\x17\xa3\x3b\x7a\x27\x96\x00\x00\x00\x00\x49\x45\x4e\x44\xae\x42\
\x60\x82\
\x00\x00\x02\x90\
\x89\
\x50\x4e\x47\x0d\x0a\x1a\x0a\x00\x00\x00\x0d\x49\x48\x44\x52\x00\
\x00\x00\x18\x00\x00\x00\x18\x08\x06\x00\x00\x00\xe0\x77\x3d\xf8\
\x00\x00\x00\x01\x73\x52\x47\x42\x00\xae\xce\x1c\xe9\x00\x00\x02\
\x4a\x49\x44\x41\x54\x48\x0d\xed\x54\xcd\x6b\x13\x41\x14\x7f\x6f\
\x36\xd1\xad\x49\x15\x84\x0a\xf6\x68\xae\x62\xf5\x52\x50\xc1\xa0\
\x50\x2c\xda\x83\x5f\x17\x6f\x82\x77\xa1\x6a\xb5\x1f\x56\x4a\x4d\
\xdb\xd4\xa6\xb6\xfe\x11\x7a\xf4\xa4\xd8\x50\x28\x6a\xc0\x7a\xb3\
\x62\x8b\x5e\xf4\xe8\xa5\x2a\x84\xb2\x26\xb5\xc9\x3c\xdf\x5b\x77\
\x4a\x66\x1b\x12\x36\xe7\x0e\x2c\xef\xeb\xf7\x7e\xbf\xdd\xb7\x33\
\x03\xb0\xbb\x9a\x4c\x00\x6b\xeb\xfd\xf7\x47\x5e\x12\xc0\x45\x93\
\xe3\xe2\x06\x21\x5e\x9a\xcf\x66\x96\x4c\x2e\xaa\x55\xb5\x0d\x4c\
\x96\xb6\x62\x80\x76\x16\xe9\xad\xcd\x45\xf5\x2d\x01\x04\xfa\x21\
\x04\xf1\xb6\xf8\x61\x54\x70\x43\x7c\x02\xea\x10\xdb\xea\xb2\x04\
\x08\xd0\x17\xd8\xda\xac\xa6\x14\xa9\x55\x9f\x94\xe0\x78\xab\xe4\
\xd2\x67\x09\xf0\xfb\x7e\x97\x24\x12\x75\x83\xa3\x7f\xfa\x3e\xe2\
\xb1\xbb\x33\x33\x09\xf1\x5b\x59\x96\x80\x83\xf8\xca\x27\x21\xb8\
\xa6\x2b\x81\x0f\xf0\x39\xe9\x79\x9b\xad\x90\x4b\x4f\xac\xb6\x11\
\x0f\x1e\xc8\xe3\xaf\x62\x99\x88\x4e\xf9\x79\x84\x55\x17\xf7\xf5\
\x8c\x8d\x0d\x57\x6a\x71\x51\x7c\xeb\x0b\x72\x03\x03\x1e\x11\x2c\
\xfc\x27\xc0\x6f\x6d\x98\x38\x37\x35\x35\xbc\x1e\x85\x30\x8c\xb5\
\x04\xa4\xa8\x10\xc7\xd9\x10\xef\xa8\x43\x65\xa5\xf7\x84\x1b\xa2\
\xc6\x3b\x04\x9e\x64\x1f\x7d\x64\x91\xe7\x7c\xe0\xda\xa1\x5a\x7a\
\x1a\x95\x30\x8c\xdf\x21\x20\x00\x74\x68\x84\x0f\x58\x91\xc7\x75\
\xb5\x7f\xf0\xc1\x9d\x70\x53\x94\xd8\xa9\x07\x5e\x2e\x14\x8a\xa7\
\xd3\x67\x3f\x71\xed\x3a\x3f\x3d\x27\xcf\xa4\xbf\x7e\x28\xbc\x5b\
\x0b\x63\x79\x33\xa0\x97\x4c\x26\xde\x2f\x2e\x6e\x85\x6b\x26\xb6\
\xee\x22\x93\x34\x56\xde\x9e\x49\x72\x88\xa8\x39\x77\x6f\x2e\x9b\
\x99\x35\xb5\xa1\xa1\xc9\x8e\xb2\xf6\x16\x78\x94\x5d\x5c\x5f\xe1\
\x23\xbf\xc2\xdf\xbe\xee\x20\xe5\x73\xd9\xcc\x1b\x83\x6b\x28\x20\
\xa0\x60\x44\x8f\x59\x88\xc7\x89\x2f\x30\xe6\xde\x72\xb5\xfa\x5b\
\x22\x6f\x89\x49\x8f\x1a\x22\x63\x99\x70\x63\x6e\x7a\x62\xbf\x89\
\xeb\xfe\x03\x53\x14\x2b\x6f\xad\x94\xea\x93\x7f\xc2\x9b\xeb\x0a\
\x54\x4a\x5f\x4a\xfa\xcf\xb2\x90\x23\xe0\x5a\x2c\x8e\x47\x1c\x54\
\xdd\x0a\xd5\x4d\xc1\xfb\x9b\x43\x9c\x60\x35\x15\x10\xdc\xec\xe4\
\xf8\x6b\x15\x83\x2e\xde\x5d\xcf\x98\x20\xc9\x34\xa9\xa0\xbf\xa8\
\xab\x74\x59\x23\xb8\xe4\xec\xcd\x07\x39\xcb\x34\x1d\x91\x85\xe6\
\xe0\xf6\xe0\xe8\x09\x4d\xf4\x10\x11\x7a\x79\x6c\x6e\xb8\x2e\xf1\
\xfc\xf4\xc4\x36\xef\xb6\x53\x0f\xd8\x28\x27\x17\x20\xfd\x2e\x9e\
\xd7\x1a\x2e\xf0\xa9\x4c\xf1\xc1\xec\xe4\xdb\xb8\x93\x2f\xca\xb7\
\xfc\x0f\xfa\x1a\xf5\xee\xd6\xac\x09\xfc\x03\x15\x11\xb9\x86\xc2\
\x28\x55\x5d\x00\x00\x00\x00\x49\x45\x4e\x44\xae\x42\x60\x82\
\x00\x00\x02\x94\
\x89\
\x50\x4e\x47\x0d\x0a\x1a\x0a\x00\x00\x00\x0d\x49\x48\x44\x52\x00\
\x00\x00\x30\x00\x00\x00\x30\x08\x06\x00\x00\x00\x57\x02\xf9\x87\
\x00\x00\x00\x01\x73\x52\x47\x42\x00\xae\xce\x1c\xe9\x00\x00\x02\
\x4e\x49\x44\x41\x54\x68\x05\xed\x58\x4b\x4a\x03\x41\x10\x35\x59\
\xe7\x02\x11\x43\x02\x82\x27\x10\xcc\x26\xab\x08\xea\xce\x65\xf0\
\x00\xb9\x81\x87\x51\xc1\x03\xb8\x70\xa9\x08\x46\x02\x22\x44\x70\
\xa9\x17\x10\x17\xee\x44\x12\x37\x82\xc4\xf7\xc2\x0c\x53\xa9\x8c\
\xc9\xf4\x74\x0d\x46\xec\x82\x47\xaa\xba\xaa\x5e\x55\x57\xf7\xe4\
\xb7\xb2\x12\x24\x4c\x20\x4c\xc0\x74\x02\xe3\xf1\xb8\x04\x74\x81\
\x01\x30\x8c\x40\x9d\x6b\x25\xd3\x62\xd6\x64\x68\xb0\x0a\xf4\x80\
\x9f\x84\xbe\xaa\x75\x5d\x13\x3e\x34\xc6\xc9\xcf\x6b\x3e\xde\x14\
\x63\x96\xef\x24\xd0\x14\xaf\x48\x56\xe9\x9a\x4c\xcd\x92\x04\x9d\
\xf3\x9e\x4b\xb9\x80\x51\x8b\x70\x29\x1d\xd0\x07\x96\xb5\x4d\xb8\
\xd0\x14\x1f\x58\x29\x6b\x31\x31\x16\xb9\x11\x29\xc3\xd8\xe7\xfb\
\x6a\x76\x17\xd9\x9d\x6c\xa6\x04\x91\xf6\x22\xbf\x8c\x75\xd1\xcb\
\x2e\xc1\xcb\x18\x1b\x36\xf0\xdb\xa7\x12\x4e\x20\x9c\x80\xe7\x04\
\xc2\x15\xf2\x1c\xa0\x77\x7a\x38\x01\xef\x11\x7a\x12\xfc\x9f\x13\
\xc0\x77\x99\x11\xbf\xcf\x08\xa9\xa8\xe1\x8d\xa4\x8d\xb8\x5a\x6c\
\x4b\x3d\x5a\xd3\xb1\x15\xc1\x4b\x75\xca\x1f\xf3\xa4\xbd\xba\x9c\
\xc0\xab\x22\x58\x55\xf6\x93\xb2\x8f\xd8\x38\x81\xf5\x63\xe5\xd3\
\xb1\x9a\x4b\xd7\x52\xe9\x89\xe9\xb2\x81\x97\x24\x6d\xa2\x6d\x2a\
\xfb\x54\xd9\x7b\xb0\x9f\x23\xec\x2a\x9f\x8e\xd5\x5c\xba\x96\x4a\
\x4f\x4c\x97\x0d\xf4\x93\xb4\x89\xb6\xaf\xec\x13\xd8\x37\x6a\x2d\
\xcd\x64\x0c\x63\xa5\x68\xae\xbe\x74\x9a\xe8\xb8\x0a\x4d\x40\xca\
\x27\x8c\x75\x49\x0e\xdb\xf9\x47\x3d\x39\x00\x72\x49\x69\x4a\x5e\
\x13\x1d\xec\xfc\xd1\xfe\x28\xab\x40\x3f\xd7\xe4\x51\x5c\xe6\xbf\
\x55\xc8\xa1\x38\x59\x63\xea\xc7\x90\xae\x91\xdb\x06\x71\x47\x15\
\xa3\x79\x98\x97\x90\xb9\x29\x7c\x9d\xbc\x7c\x0b\xf3\x50\xac\x0c\
\xdc\xa9\xa2\x5f\xb0\x9d\x37\xc1\x1c\x80\xb9\x52\xc8\xed\xf2\x5c\
\x2e\xec\x79\x26\x00\x05\xea\xc0\x1b\xa0\x85\x57\x61\xea\x99\x98\
\x49\xc6\x02\x63\x00\x7d\x6d\xc8\x45\xce\x7a\x5a\x8e\xf9\x1a\x0a\
\xb5\x81\x0f\x40\x0b\x1f\xc6\x33\xe0\x00\xd8\x00\xf8\x01\x45\x50\
\xe7\x1a\x7d\xfa\x81\xc5\xd2\x84\xab\x6d\xde\xe8\x3c\x42\x14\x6d\
\x01\xef\xac\xee\x29\xe4\x68\xcd\xab\x55\x98\x0f\x85\x1b\x40\xcf\
\x63\x03\xcc\x6d\x14\xd6\x60\x16\x62\x34\xc0\xb7\x57\x5e\x8f\x07\
\x20\xab\x30\x96\x39\xde\x6f\x97\xde\x04\x72\x93\x68\x68\x0b\xf6\
\x36\xc0\x2b\xb1\x23\x7d\xd0\xaf\x80\x5b\xe0\x1a\xff\x79\xdd\x2b\
\x5f\x6e\xd3\x74\x03\xb2\x0b\x1e\x85\xb4\xf5\x3f\x75\xd2\xe7\xa3\
\x17\xfb\x9e\xeb\xd3\x59\xc6\xdc\xb0\x81\x8c\x83\x2a\x2c\x2c\x9c\
\x40\x61\xa3\x0d\xc4\x61\x02\x61\x02\x61\x02\x7f\x62\x02\xdf\x25\
\x4e\xa0\x09\x20\x4a\xe6\x2d\x00\x00\x00\x00\x49\x45\x4e\x44\xae\
\x42\x60\x82\
\x00\x00\x01\x9b\
\x89\
\x50\x4e\x47\x0d\x0a\x1a\x0a\x00\x00\x00\x0d\x49\x48\x44\x52\x00\
\x00\x00\x30\x00\x00\x00\x30\x08\x06\x00\x00\x00\x57\x02\xf9\x87\
\x00\x00\x01\x62\x49\x44\x41\x54\x68\x81\xed\x98\x31\x4e\xc3\x40\
\x10\x45\x9f\x11\x2d\x88\x4b\x44\xd0\x9b\x22\xdc\x2a\x5c\x22\x6d\
\x72\x10\xc2\x01\x10\x3d\x14\xd0\x87\x5b\x60\x92\x7e\x28\xe2\x48\
\x66\x3d\x89\x77\x6c\x07\x4d\xa4\x79\xd2\x16\xb1\x67\x77\xff\xcb\
\x5a\xbb\x96\x21\x08\x82\x20\x08\x02\x47\x88\x08\x22\x32\x11\x91\
\x95\x88\x54\x32\x3e\x55\x3d\xf6\xa4\x9e\xcb\xd4\x52\x0a\x45\xe0\
\x16\x78\x07\x6e\x4e\xfc\x5f\x7d\x03\x53\xe0\xcb\xd2\xa9\x28\xfe\
\x46\xbe\x50\x6a\xe6\x9c\x3e\x3c\xf5\x1c\xf3\x8c\xba\x12\x90\xba\
\x3d\xa5\x37\xb5\x15\xa8\x80\xeb\xa1\xe9\x32\xd9\x02\x57\x47\xee\
\x97\xc0\x47\xf3\x42\x91\x2c\x81\x26\x90\x3e\x68\xad\x9a\x81\xe4\
\x8e\xdf\x0a\x0f\x6d\x01\xed\x11\xf2\x80\x1a\x5e\xc3\xa3\x40\x76\
\x78\xf0\x27\x60\x0a\x0f\xbe\x04\xcc\xe1\xc1\x8f\xc0\xa1\xf0\x4b\
\xf3\x48\xca\xc9\x69\x3e\x2d\x3b\x5a\x4a\x79\xe0\xc4\x5e\x68\xf5\
\x69\x5e\x0f\xdb\xa8\xc6\x12\x78\xd4\xea\xcf\x61\x1b\x6d\x86\xef\
\xc4\xe3\x0a\xa4\xf3\x9d\xdd\x0a\x98\xf0\x28\xb0\xb0\x14\x7b\x14\
\x98\x61\x90\xf0\x20\x70\xaf\x5c\xcb\x96\xb8\x1c\x37\x4b\x2f\x3e\
\xd9\x49\xa4\x07\xd9\x2c\xa7\xb3\x87\x5d\x68\x3f\x7e\xd6\xab\x84\
\xe7\x5d\x68\xbf\x12\x26\x3c\x09\x40\x0f\x09\x6f\x02\x60\x94\xf0\
\x28\x00\x06\x09\x4d\xe0\x27\xf9\x2d\x23\xb7\x26\xdb\xa1\x12\x9a\
\xc0\x6b\x57\xa7\x11\x79\xe9\xb8\x9f\x4a\xac\xd2\x02\x6d\x1b\xbd\
\x03\xde\xf8\x9f\x0f\x5b\x0f\xc0\xda\xd2\x29\xe7\xc3\xd6\x9a\xdd\
\x17\xb3\x67\x60\xd3\x33\xdc\x31\x36\xf5\xd8\x53\x8c\xe1\x83\x20\
\x08\x82\x20\xf0\xc6\x2f\x7c\xee\x76\x62\x8f\xa4\x56\xe1\x00\x00\
\x00\x00\x49\x45\x4e\x44\xae\x42\x60\x82\
\x00\x00\x02\x06\
\x89\
\x50\x4e\x47\x0d\x0a\x1a\x0a\x00\x00\x00\x0d\x49\x48\x44\x52\x00\
\x00\x00\x30\x00\x00\x00\x30\x08\x06\x00\x00\x00\x57\x02\xf9\x87\
\x00\x00\x00\x01\x73\x52\x47\x42\x00\xae\xce\x1c\xe9\x00\x00\x01\
\xc0\x49\x44\x41\x54\x68\x05\xed\x97\xdd\x4a\xc3\x30\x14\x80\x73\
\xd6\x81\xbb\xf4\x75\xea\xda\xb5\x38\xf0\x0d\xd6\x07\xf1\xca\x0b\
\xc1\x89\x0e\x15\x44\x7c\x1f\xd9\x0f\xdd\xd4\xf9\x20\xfa\x00\x5e\
\xbb\xc6\x9c\x41\xa0\x8c\x36\xe9\x4f\xd2\x64\x90\x40\x49\x69\xd3\
\x93\xef\x3b\x69\xda\x84\x10\x57\x5c\x06\x5c\x06\x5c\x06\x5c\x06\
\x5c\x06\x34\x65\xe0\xf2\xea\x7a\x8a\x87\xa6\xf0\xfb\xb0\x9e\xae\
\xe0\x08\x9e\x51\x7a\x43\x09\x89\xcf\xc2\xc8\xfb\xdc\xa4\x4b\x1d\
\x7d\x69\x11\xe0\xf0\x1c\x98\x49\x44\x7e\x30\xda\x6d\xdf\xd7\x29\
\xbf\xa6\xaa\xee\xab\x0a\xc4\xe3\x1c\xc2\xef\xaf\x03\xfc\x7a\x00\
\x6f\xbc\x8d\xca\x1a\x54\x06\x2b\x83\xef\x03\x5c\x3c\x3f\xdc\x7d\
\xa9\xec\x8b\xc7\x52\x26\x60\x02\x1e\x25\x94\x08\x98\x82\x57\x22\
\x60\x12\xbe\xb5\x80\x69\xf8\x56\x02\x36\xc0\x37\x16\xb0\x05\xbe\
\x91\x80\x4d\xf0\xb5\x05\x6c\x83\xaf\x25\x60\x23\x7c\x65\x81\x42\
\x78\x7c\xba\x83\xf2\xfa\x34\x13\xfe\xab\x7a\x32\x06\x93\xf0\x32\
\x36\xbc\x2f\x15\xa8\x12\xc4\x64\x1b\xa9\xc0\xcb\xe3\xfd\xb4\x07\
\x70\x6b\x12\x52\xd4\xb7\xf0\xfd\xca\x3f\x58\xf8\x2a\xb1\x65\xb2\
\xce\x95\x66\xbe\xff\xb2\xf3\xca\x1b\x1a\xb6\xa3\x5a\xb1\x9d\x15\
\xe0\x0e\x2b\x17\xec\x24\x23\x24\x09\xc2\x68\xf9\xb1\x49\xbf\x73\
\xd7\x3b\x3b\xad\x2c\x80\x44\x65\x12\x94\xd2\x49\x30\x8a\x8d\x48\
\xd4\x12\x10\x48\x0c\x50\xc2\x8f\xc7\x8b\xed\x7a\xd5\xe9\x48\xd4\
\x16\x10\x49\x40\x96\x25\x5d\x4b\x34\x12\xb0\x49\xa2\xb1\x80\x4c\
\x62\x18\xc6\x73\x36\x67\x7e\xb0\x9d\xce\xd2\x4a\x00\xc1\x4a\x26\
\xf6\x80\x10\x9a\x74\x21\xd1\x5a\x40\x24\xc1\x3e\xb9\x93\x61\x18\
\x2d\x74\x8e\x84\x12\x01\x99\x84\x1f\x9f\xcf\xd9\xd7\x49\xcb\xeb\
\xa4\x4c\x40\x24\x41\x32\xca\xbe\x4e\x7a\x24\xa4\x6b\x21\x04\xab\
\x53\x8a\xd7\x4e\xf4\x14\x76\x7f\xe3\x3a\x71\xaa\xb6\x55\x3a\x02\
\xbc\xd3\xc3\x89\x8d\x8b\x41\x26\x36\xe3\xf7\x8f\xa6\xc6\x05\x20\
\x1e\x47\x03\xec\x40\x5d\x06\x5c\x06\x5c\x06\x5c\x06\x8e\x2e\x03\
\xff\x4d\x04\x1a\x9b\xfd\x8d\xec\x45\x00\x00\x00\x00\x49\x45\x4e\
\x44\xae\x42\x60\x82\
\x00\x00\x00\xf3\
\x89\
\x50\x4e\x47\x0d\x0a\x1a\x0a\x00\x00\x00\x0d\x49\x48\x44\x52\x00\
\x00\x00\x18\x00\x00\x00\x18\x08\x06\x00\x00\x00\xe0\x77\x3d\xf8\
\x00\x00\x00\xba\x49\x44\x41\x54\x48\x89\xed\x94\x21\x0e\x02\x41\
\x0c\x45\x7f\xc1\x10\x04\x27\x20\x04\x4d\xb8\xc8\x1a\x2e\x80\xc0\
\xc1\xa1\x20\xe1\x12\x5c\x03\x89\xc0\x20\x18\x2c\x8a\xac\x7e\x98\
\x0d\x69\x36\x3b\x64\x77\x36\x08\x60\x5f\x32\x62\x9a\xb6\xaf\xa6\
\x95\x3a\x9a\x00\x64\x40\x20\x9d\x2b\x90\xf9\x9e\x56\x12\x04\x49\
\xe3\x96\x73\x06\x33\x9b\xc4\x04\x54\xc5\x1b\x80\x24\x99\xd9\xab\
\xbe\x97\xd8\xa8\x36\x9d\xe0\xbb\x05\xfd\x4f\x0a\x96\x92\xb6\x8d\
\xab\xdc\x46\xca\xbd\x0c\x58\xb8\xff\x1c\xc8\x8b\xbc\x55\x29\x17\
\xb7\x4b\xb5\x04\x53\xe0\x0e\x3c\x8a\xc6\x23\xe0\xec\xf2\x72\x60\
\x96\x2a\x18\x00\x47\x17\xbb\x00\x87\x8a\xfb\x73\x02\x86\x29\x82\
\x5d\x45\xb3\x18\xfb\x98\xe0\xf7\x6e\xd1\xcd\x4d\x92\xf2\x24\x29\
\xbc\x13\xac\x9d\x24\x85\x20\x69\xd3\xa2\xfe\x1f\x79\x02\x39\x3e\
\x6d\x4f\xac\xfa\x35\xa3\x00\x00\x00\x00\x49\x45\x4e\x44\xae\x42\
\x60\x82\
\x00\x00\x01\x0f\
\x89\
\x50\x4e\x47\x0d\x0a\x1a\x0a\x00\x00\x00\x0d\x49\x48\x44\x52\x00\
\x00\x00\x18\x00\x00\x00\x18\x08\x06\x00\x00\x00\xe0\x77\x3d\xf8\
\x00\x00\x00\x01\x73\x52\x47\x42\x00\xae\xce\x1c\xe9\x00\x00\x00\
\xc9\x49\x44\x41\x54\x48\x0d\xed\x53\xdb\x0d\x83\x30\x0c\x24\x55\
\xc7\x40\xdd\x87\x45\xca\x24\x5d\xa0\x23\x36\xdd\x80\xfe\x9b\x3b\
\x8a\x91\xc9\x83\x4a\xc8\x7f\x8d\x25\x63\xe7\xec\xbb\xc0\x49\x74\
\x5d\x8b\xe6\x80\x8b\x03\x22\x32\x20\x23\xd2\x2b\x5e\x10\x1a\xf8\
\x72\x81\x0f\x1c\x22\x4a\xcf\xde\x31\x62\x08\xe1\xb6\xe8\xe9\x6b\
\x7b\x89\x5b\xbd\x4b\x4d\xd4\x2e\xd5\x76\x14\xc7\xee\x03\x39\xb1\
\x2a\xb6\xab\x25\xb1\x12\xb6\x23\x99\xc3\x2a\x4e\xca\x44\xd8\x72\
\xb3\x2f\xb0\xc3\x74\xd9\x68\xa6\xed\x13\xc0\x07\xc9\x9a\x87\x15\
\xd5\x3e\xad\x96\x85\xd9\xa1\x25\xca\xdd\x38\x19\x80\x49\x09\x53\
\x02\x66\xf4\x9b\xb1\x58\xa2\xb8\xd6\xef\x48\x84\xe7\xcc\x22\x5d\
\xfa\x51\x8f\x2d\x49\xc9\xf6\xc6\x74\x76\xe6\x6c\xf5\xae\xab\xc0\
\x1b\xb5\xe7\xe0\x8c\x60\x85\xc3\x9f\x77\xb3\xe8\x8e\x9e\x97\x78\
\x05\xc5\x47\x2f\xb1\xa6\xf3\xef\x0e\xcc\x1a\xb3\x24\xd3\x20\xda\
\x05\xb3\x00\x00\x00\x00\x49\x45\x4e\x44\xae\x42\x60\x82\
\x00\x00\x01\xa1\
\x89\
\x50\x4e\x47\x0d\x0a\x1a\x0a\x00\x00\x00\x0d\x49\x48\x44\x52\x00\
\x00\x00\x18\x00\x00\x00\x18\x08\x06\x00\x00\x00\xe0\x77\x3d\xf8\
\x00\x00\x00\x01\x73\x52\x47\x42\x00\xae\xce\x1c\xe9\x00\x00\x01\
\x5b\x49\x44\x41\x54\x48\x0d\xed\x94\xad\x4e\x03\x41\x14\x85\x3b\
\x04\xd7\x20\x2b\x68\x45\x43\xf0\x04\x04\xb8\x06\x52\x03\x25\x28\
\x04\x9a\xf0\x08\xf4\x21\x78\x09\x24\x12\x82\xe1\x05\x10\x38\x48\
\x9a\x50\x49\x90\xa8\x0a\x52\x83\xa1\x5d\xbe\xb3\xb9\x9b\x2c\xb3\
\x3b\x85\xfd\x91\x3d\xc9\xd7\x3b\x73\x77\xe7\xdc\xdd\x9d\x3b\x6d\
\x34\x96\x2a\xf2\x05\xa2\x28\x7a\x80\xb4\xa6\x4c\xfa\x45\x3c\xfc\
\x7b\x57\xbc\xc4\xbe\x37\x5f\x63\x7e\xe4\xe5\x0a\x4d\xfd\x02\x1f\
\xb6\x7a\x9d\x78\x6e\xe3\x96\xc5\x52\x21\x54\x60\x13\xb7\xb1\x39\
\x6e\x97\x72\xb6\x45\x7e\x81\x77\xcb\xef\x11\x27\x36\xde\x62\x1f\
\x9a\x36\xae\x16\x30\x3a\xb5\x1d\x7e\x22\x8e\x6d\x3c\x22\xae\x56\
\x73\xb6\xd5\x18\x35\xe1\xcb\x8c\x15\x5e\xa1\xd2\x1e\x64\x1e\x0c\
\xc3\x7b\x39\xa3\x37\xa8\xd7\x5c\xd5\x30\xdd\x81\x39\xe8\x0c\x74\
\x32\x4f\x50\x47\x02\xe3\x1b\x90\x6e\xeb\xf0\xcb\x78\x60\xdc\x85\
\x4f\x90\x86\x99\x1b\xea\x48\x60\x3c\x80\x99\x71\x96\xe7\xc9\x35\
\x07\xe5\x5b\x98\xc5\x43\x90\x54\xe8\xd7\x9b\x30\x6f\xc1\x0b\x7c\
\xc3\x33\x5c\xc3\x15\x1c\xe4\x3d\x4c\x30\xc7\x02\x15\x51\x01\xe9\
\x0e\x3a\x20\x73\xb5\x70\x9e\xa6\x41\xb3\xd0\x05\x5c\xf4\xb9\x92\
\x3d\x51\x77\xa9\x85\x25\x1d\xc6\x0d\xd8\x85\x0b\x88\x15\xf2\x59\
\x98\x67\x65\x17\xd4\x5d\x6a\xe1\x44\x3a\xf1\x97\xd0\x03\xbd\x59\
\xac\x85\x46\x7f\x5d\xc4\x41\xe7\x44\x87\x31\x7d\xe2\x63\xe3\xe4\
\x27\xed\xe1\xd2\x93\x22\x63\xcc\xd4\x3d\x87\x70\x0c\xfa\xf7\x6d\
\x1b\x8f\xce\xb9\x13\xc6\x4b\xfd\xef\x0b\xfc\x00\xc1\xb6\x6f\xc5\
\x65\xc2\xc1\x45\x00\x00\x00\x00\x49\x45\x4e\x44\xae\x42\x60\x82\
\
\x00\x00\x01\xca\
\x89\
\x50\x4e\x47\x0d\x0a\x1a\x0a\x00\x00\x00\x0d\x49\x48\x44\x52\x00\
\x00\x00\x30\x00\x00\x00\x30\x08\x06\x00\x00\x00\x57\x02\xf9\x87\
\x00\x00\x01\x91\x49\x44\x41\x54\x68\x81\xed\x99\xb1\x4a\xc3\x50\
\x14\x86\xff\x5b\x1c\xac\x0e\x82\xe2\xa0\x59\xdc\xc4\x2e\x05\x45\
\xc1\x47\x70\x76\xd7\x17\xf0\x11\x1c\x9c\x75\xd5\x55\x27\x8b\x6f\
\xe0\xa8\x83\x6e\x2e\x42\xe9\x2c\x48\xdb\xa9\x8b\xa8\x83\x43\x3f\
\x87\xa6\xd0\x94\xe4\xda\xc4\x24\xb7\xca\xfd\xa0\xd3\x39\xb9\xe7\
\xff\x92\x4b\x21\x37\x92\xc7\xe3\xf1\x4c\x25\x80\x80\x00\xb8\x06\
\x3a\x94\x4f\x3b\x9c\x1d\x00\x89\x39\x8d\x45\x20\x90\xf4\x2c\x69\
\xa9\x80\xfb\x93\x86\x9e\xa4\xba\x31\xa6\x1d\x57\xac\x58\x2e\x3c\
\x93\xfb\xf0\xd2\x20\xc3\x69\x52\xd1\xf6\x04\x3a\x92\x56\x8a\x48\
\x94\x81\xae\x31\x66\x35\xae\x60\x13\x18\xdf\x78\x89\xbd\x05\x11\
\x99\x6f\x8c\x89\x9d\x6f\xdb\x42\x7f\x02\x2f\xe0\x1a\x2f\xe0\x1a\
\x2f\xe0\x1a\x2f\xe0\x1a\x2f\xe0\x1a\x2f\x90\x81\x85\x3c\x17\x2b\
\x5b\x60\x5f\xd2\x83\xa4\x6a\xe1\x93\x62\x5e\xf1\xf4\xcb\xdf\x3a\
\xf0\x16\xae\x75\x39\x41\x7f\x74\x78\xc1\x02\x5b\xc0\x8e\xa5\x3e\
\x0f\x34\xc7\xd6\x3b\x98\x16\x81\x45\xe0\x85\xc1\x8b\x7f\x90\xd0\
\xd3\x88\x59\xef\x1d\xd8\x70\x2d\x50\x01\x6e\x47\x7a\x9e\x80\xea\
\x58\xcf\x51\xcc\x5a\x43\x9a\xc0\x9c\x4b\x81\x93\x98\xbe\x9b\x91\
\xfa\x2e\xf0\x65\x11\x00\xb8\x72\x25\xb0\x07\xf4\x13\x42\x1d\x03\
\xcb\xc0\xeb\x0f\xe1\x87\x1c\x96\x2d\xb0\x06\xf4\x2c\x81\xfa\x40\
\x6b\xc2\xf0\x00\x1f\x40\x2d\x8b\x40\x96\x53\x89\x59\x49\x8f\x92\
\x36\x53\xdf\x15\x3b\x2d\x49\xdb\x92\x3e\x87\x11\x22\xc3\x73\x3c\
\x95\x38\x57\xfe\xe1\x25\xa9\x26\xe9\x22\xed\x45\xfe\x5c\xc8\x35\
\x5e\xc0\x35\x33\x96\x5a\x57\xd1\xc3\xdd\xf4\xff\xc5\xf9\xd1\x49\
\x2a\xd8\x9e\xc0\x5d\x01\x41\xb2\x72\x9f\x54\xf8\xd7\x1f\x38\xda\
\x92\xea\x92\x1a\x1a\x6c\xa7\xb2\xe9\x86\xb3\xeb\x61\x16\x8f\xc7\
\xe3\x99\x42\xbe\x01\xd3\x32\x31\x63\x55\xcc\x1c\xdb\x00\x00\x00\
\x00\x49\x45\x4e\x44\xae\x42\x60\x82\
\x00\x00\x02\xee\
\x89\
\x50\x4e\x47\x0d\x0a\x1a\x0a\x00\x00\x00\x0d\x49\x48\x44\x52\x00\
\x00\x00\x30\x00\x00\x00\x30\x08\x06\x00\x00\x00\x57\x02\xf9\x87\
\x00\x00\x00\x01\x73\x52\x47\x42\x00\xae\xce\x1c\xe9\x00\x00\x02\
\xa8\x49\x44\x41\x54\x68\x05\xed\x59\xcd\x6a\x14\x41\x10\xae\x8e\
\x11\x92\x88\x08\x11\x0f\xa2\xa0\x37\x31\x0a\x01\x03\x82\x37\xbd\
\xe9\xd9\x43\xf0\xe2\x0f\x78\xf4\xe0\x64\x43\x66\x26\xb3\xbb\x0c\
\x92\x88\x71\x61\xe3\x41\x73\xc9\x21\x17\xf5\xa0\x04\xf4\x09\x8c\
\xe0\x0b\xf8\x10\x46\x14\x36\x18\x05\x77\xc2\xfc\x94\xd5\x0b\x03\
\x9d\x31\xb5\xec\x4c\x6f\x66\xf7\xd0\x0d\xcb\x56\x57\x77\x75\x7d\
\x5f\x55\xf5\xec\x4e\x37\x80\x69\x26\x02\x26\x02\x26\x02\x83\x8c\
\x80\xe8\xe6\xdc\xf2\x96\xce\x40\x14\x3c\x07\x81\x37\x10\xe1\x74\
\xb7\xb9\xfd\x1f\x13\xdb\x04\x6e\x0b\x46\xc7\x16\x56\x97\xab\xdf\
\xb8\xf5\x59\x02\x12\x3c\xc6\xed\xaf\x80\x70\x92\x33\x2e\x45\x2f\
\xa0\x25\x8e\x8c\x4f\x73\x24\x46\x38\x10\x18\x07\x8d\x81\x83\x97\
\xe0\x64\x00\x65\x15\x30\x8d\x25\x20\x00\xaf\x33\x36\xe5\xab\xa9\
\x84\x39\xa7\xa3\xdc\x40\xb6\xe6\x5f\xac\x2c\xb3\xe5\xc6\xad\xa1\
\xa3\x7f\x6c\x7b\x98\xda\x67\xb1\xa4\x7a\xf9\xcd\x66\x40\x9d\x34\
\xcc\xb2\x21\x30\xe8\xec\x98\x0c\x98\x0c\x68\x46\xc0\x94\x90\x66\
\x00\xb5\xcd\x4d\x06\xb4\x43\xa8\xb9\x80\xc9\x80\x66\x00\xb5\xcd\
\x4b\xcf\x80\x6d\x3f\x3b\xa1\x8d\x5a\x59\xa0\x54\x02\x73\x4e\xfd\
\xf6\x9e\xf8\xf3\xc5\x6a\x36\xc7\x15\x0c\x5a\x62\x69\x04\x16\xaa\
\xd5\x0b\x88\xf1\x06\xbd\xa0\x5c\x86\x1f\x3b\xaf\xb4\x50\x2b\xc6\
\x7d\x21\x50\x71\x6a\x33\x96\xe7\x5f\x55\xd6\xdd\x27\xce\x37\x1a\
\xc7\xc2\x10\x36\xe9\x0f\xfe\x71\x39\x80\x80\x0f\xe6\xec\xda\xdd\
\x7d\x93\x0a\x76\xb4\x09\x58\xbe\x3f\x99\x00\x6e\x42\x1c\x7e\xe8\
\x1c\x02\x1c\x00\x24\x6a\xed\xae\x13\xe8\x4b\xea\x10\x42\xb2\x46\
\x59\xb9\xa8\xea\x8a\xc8\x5a\x04\x7c\xdf\x1f\x81\x20\x7a\x83\x88\
\xe7\x3a\x6f\x4d\x71\xf0\x31\x5b\xdf\x96\x53\x7b\x04\x88\x77\xb2\
\xe0\x28\x1b\x32\x2b\xef\x69\x8d\x89\xec\x58\x9e\xbe\x16\x81\xdf\
\x41\x54\x27\xf0\x37\x53\x87\x24\xcf\xe0\xcf\x9d\x8d\xb4\x3f\xef\
\xd6\xae\x21\x26\xcd\xb4\x9f\xfd\x96\x59\xf9\x15\x84\x5a\xfb\xa1\
\x30\x81\xca\x62\xfd\x56\x82\x58\xcf\x82\xa2\x68\xcf\x5a\xb6\x57\
\x75\xdd\xa7\xa7\xa2\x04\xdf\xd1\xf8\xd1\xff\xe6\xa8\x0a\x84\xfb\
\x96\xeb\xdd\x53\x55\x79\xe4\x42\x04\x1c\xc7\x3f\x9f\xc4\xc9\x6b\
\x72\x74\xe0\x8b\x3e\x95\xc7\x93\x76\xf2\xf7\x33\x6d\xd7\xb3\xbd\
\x80\x41\x14\x6b\x15\xd7\x9f\xea\x65\x6e\x76\x4e\x6e\x02\x54\xb3\
\x63\x7b\x18\xd2\x13\x05\x27\xb3\x8b\x29\x7d\x22\x86\xbd\x6f\x50\
\xc4\x89\x04\xc3\x42\xfb\x21\x37\x81\xdd\x76\xf4\x92\x22\x7c\x45\
\x01\xdb\x17\x91\x1e\x02\x53\x45\xf6\x03\x7b\x2e\xc4\xa1\x5a\x5d\
\x59\x7a\x48\x63\xf2\x33\x14\x2d\x77\x06\x86\x02\xb5\x02\xc2\x10\
\x50\x82\x31\x10\x91\xdd\x03\x42\xc0\x77\xf5\x4c\x52\x3d\xab\x2c\
\x1f\xa9\xd8\xe6\x7c\xf2\x25\x84\xe2\x13\x67\x54\xb6\x9e\x9e\xc9\
\x5b\x9c\x4f\x9e\x00\xdd\x8c\xd0\xcf\x54\x8b\x33\x2c\x4d\x2f\x31\
\x48\x2c\x4c\x63\x09\xc8\x1b\x11\x79\x33\x22\x40\xbc\x95\xe5\xc4\
\xd8\x1f\x9a\x5a\xfa\xec\xf8\xee\x72\x3b\x73\x68\xce\xcd\xc2\x26\
\x02\x26\x02\x26\x02\x3d\x47\xe0\x1f\xc9\x9f\xd9\x05\x34\xf4\xc0\
\x88\x00\x00\x00\x00\x49\x45\x4e\x44\xae\x42\x60\x82\
\x00\x00\x00\xd8\
\x89\
\x50\x4e\x47\x0d\x0a\x1a\x0a\x00\x00\x00\x0d\x49\x48\x44\x52\x00\
\x00\x00\x30\x00\x00\x00\x30\x08\x06\x00\x00\x00\x57\x02\xf9\x87\
\x00\x00\x00\x01\x73\x52\x47\x42\x00\xae\xce\x1c\xe9\x00\x00\x00\
\x92\x49\x44\x41\x54\x68\x05\xed\xd5\xb1\x0e\x80\x20\x0c\x84\x61\
\xf4\x89\xdd\x1c\x9c\x1d\xdc\x7c\x63\x9d\x9a\x94\x4b\x1c\xc9\x59\
\xfd\x5d\x20\x29\xe6\xe0\xc3\xd4\xd6\x78\x10\x40\x00\x01\x04\x10\
\x40\x00\x01\x04\x10\x70\x09\x4c\x4f\xc1\xcb\xba\x5d\xb9\x76\x1e\
\x7b\xb7\x56\xeb\x79\xed\x88\xb9\xe6\x47\xc6\x1c\x93\xaa\x23\x07\
\xa8\x7a\x73\xec\x1b\x81\xaf\x08\x74\xbd\x3d\x1f\x4a\xfb\xbc\xf6\
\x61\xad\xe7\x77\x47\xcc\x35\x3f\x32\x68\xa3\x21\xe1\x1a\xcb\xdf\
\x80\x0b\x8e\x5c\x04\xde\x22\xc0\x7f\xc0\x7d\x13\xe5\xdb\x68\xf9\
\x03\xb8\xbf\x00\xf2\x11\x40\x00\x01\x04\x10\x40\x00\x01\x04\xfe\
\x2c\x70\x03\xc5\x6d\x18\x16\x1c\x57\x7f\xaa\x00\x00\x00\x00\x49\
\x45\x4e\x44\xae\x42\x60\x82\
\x00\x00\x01\xc6\
\x89\
\x50\x4e\x47\x0d\x0a\x1a\x0a\x00\x00\x00\x0d\x49\x48\x44\x52\x00\
\x00\x00\x30\x00\x00\x00\x30\x08\x06\x00\x00\x00\x57\x02\xf9\x87\
\x00\x00\x00\x01\x73\x52\x47\x42\x00\xae\xce\x1c\xe9\x00\x00\x01\
\x80\x49\x44\x41\x54\x68\x05\xed\x98\xcd\x4a\x03\x41\x0c\xc7\x93\
\xba\x97\x9e\x3c\xf6\xe2\x53\xf4\xe2\x51\xf0\x89\xfc\x42\x2d\x6d\
\x61\xc5\x16\xbf\xa0\xfa\x3a\x5e\x04\xf1\xde\x83\xef\xe0\x59\x6f\
\x2b\x2c\xbb\x31\x53\x15\x6c\x69\xc6\x91\x2c\x3b\x23\x64\x60\x69\
\x9b\x99\x64\xff\xff\x5f\xb2\x87\x2d\x80\x2d\x23\x60\x04\x8c\x40\
\x4c\x02\xe8\xbb\xf9\xfe\x60\xbc\x03\x44\x53\xbe\xfa\x04\xd0\xf5\
\x9d\x6d\x7a\x8f\x85\x15\x80\x38\xe7\x6b\x78\x7b\x71\xfe\x28\xd5\
\x17\x0d\x7c\x89\x7f\x20\xa2\x8e\x94\xdc\x46\x1c\x11\x6b\x36\xb1\
\x2b\x99\x90\xc5\x31\xf9\xd8\xe2\x1d\xa0\x85\x06\x37\x05\xc2\xf2\
\x19\xe8\x0b\x39\xed\x87\x79\x84\xa5\x9b\x66\xd2\xc6\xea\xcc\xdf\
\x5d\x4d\xc5\x71\x93\x6a\x68\xe2\x7b\x27\x43\x96\xf0\xb9\x56\xb5\
\x7c\xc7\xdd\xa7\xdc\x81\x9f\xa7\x12\xfe\x6e\x06\x62\x37\xc7\x3a\
\x60\x1d\x50\x12\xb0\x11\x52\x02\x54\xa7\x5b\x07\xd4\x08\x95\x05\
\xac\x03\x4a\x80\xea\x74\xeb\x80\x1a\xa1\xb2\x80\x75\x40\x09\x50\
\x9d\x6e\x1d\x50\x23\x54\x16\xf8\xf7\x1d\x10\xdf\x89\xd7\x81\x39\
\xce\xf3\xad\xea\xbd\xea\xad\xdb\x6b\x3a\x56\x51\x1d\x54\x32\xd8\
\xc0\xd1\x60\xbc\x5d\x16\xe5\x3d\xbf\x60\x6f\x06\x55\x6e\xf4\x10\
\xbe\x49\xe5\x82\x47\xa8\xaa\xeb\x48\xe2\x81\xff\xd7\xa2\x27\xb5\
\x81\x38\xe4\x9d\x78\x78\xcd\x32\x3c\x94\x0c\x04\x8f\xd0\x52\x01\
\x84\x67\x04\x2c\x97\x62\x0d\xff\x20\x82\x82\xc9\xcf\x61\xa3\x7b\
\x7d\x33\x19\xbd\x48\xe5\xff\x6c\xa0\x83\x78\x36\xbb\x9c\xe4\x52\
\xc1\xb6\xe3\xc1\xcf\x80\x13\x96\x9a\xf8\x85\xa6\x50\x62\x29\x8a\
\x0f\x36\x90\xaa\xf8\x20\x03\x29\x8b\xff\xd5\x40\xea\xe2\xbd\xe3\
\x7f\x70\x3a\xca\xbd\x07\x6c\xd3\x08\x18\x01\x23\x60\x04\x98\xc0\
\x07\xfe\x80\x5f\xd7\x9f\xc9\x79\x24\x00\x00\x00\x00\x49\x45\x4e\
\x44\xae\x42\x60\x82\
\x00\x00\x05\x14\
\x89\
\x50\x4e\x47\x0d\x0a\x1a\x0a\x00\x00\x00\x0d\x49\x48\x44\x52\x00\
\x00\x00\x30\x00\x00\x00\x30\x08\x06\x00\x00\x00\x57\x02\xf9\x87\
\x00\x00\x00\x01\x73\x52\x47\x42\x00\xae\xce\x1c\xe9\x00\x00\x04\
\xce\x49\x44\x41\x54\x68\x05\xed\x59\x5d\x68\x5c\x45\x14\x9e\x33\
\x77\x43\xdb\xd4\x6a\x03\x6d\x25\xf8\x53\xb6\x2d\x54\xed\x83\x68\
\x2b\xa6\x6b\xd3\x54\x2a\xf8\x03\x79\xd2\xae\xa0\x0f\xfa\xa0\x44\
\x1f\x0c\x4d\xa2\x66\xdb\xdd\x94\xa5\xd9\xdd\x26\x84\xfc\x10\x1f\
\x24\x0a\x22\x05\x1f\x6c\x7d\xf3\xa1\x88\x82\x21\x4d\xd3\x10\xb4\
\xaf\x1a\x31\xa1\xda\x87\x12\x09\xda\x1f\x61\x5b\x77\xef\x1d\xbf\
\x49\x33\x37\xb3\xb7\x3b\x9b\x9b\x98\xbd\xeb\xc3\x5e\x58\xce\xcf\
\x9c\x99\xf3\x9d\xf9\x39\x67\xee\x5d\xc6\xaa\x4f\x75\x06\xaa\x33\
\x50\x9d\x81\x4a\xce\x00\x99\x9c\x77\x1c\x3f\xf1\xa2\x6d\x3b\x9f\
\x30\x26\x1e\x34\xd9\x10\xd1\x15\xce\x79\x4b\x7f\xe6\xe4\x39\x93\
\x4d\xb9\xf5\xdc\xe4\x60\x39\xf0\xb2\x9f\x10\xe2\x21\xc7\x71\x46\
\x4c\x63\x04\xa1\x37\x06\x40\xc4\xb6\xf9\x01\x20\x83\x48\x26\x93\
\xb5\x7e\x6c\xcb\x61\x63\x0c\x40\x30\x71\xd3\xaf\xc3\x6c\x96\x6d\
\xf1\x6b\xbb\xd6\x76\xc6\x00\xe0\xa8\x20\x80\xf5\x54\x13\x1e\xea\
\x4d\x93\xfc\x31\x46\x33\x3a\x90\x3c\xd9\x5b\x75\x39\x48\xde\x1c\
\x80\x60\xd7\x74\x20\xb7\x58\x7e\x87\x92\xb1\xbd\x7e\x53\xfc\x02\
\xe5\xe4\x6b\xbb\x15\xf4\x59\x23\xc1\x18\x00\x31\xfa\x55\xf7\xc1\
\x89\xed\x54\x32\xb6\xd7\x65\xc5\x4b\xea\xd8\xf6\x53\xba\x1c\x24\
\x6f\x0c\x40\x10\x9b\xd6\x81\x08\x87\xdc\x15\xe0\x44\x53\x7a\x1b\
\x23\x6a\x2a\x90\x03\x14\x8c\x01\x70\x41\x3f\xeb\x38\x04\x89\x06\
\x25\x23\x98\x09\xc5\x4b\x2a\x18\x6b\x18\x19\x19\xa9\xd1\x75\x41\
\xf1\xc6\x00\x04\x59\x93\x3a\x08\x9c\xdc\xc8\xfb\x7d\x7d\x1b\xa5\
\x0e\xfc\xe3\x7a\x1b\x0a\x42\xed\xf4\xe5\xab\xe1\x02\x5d\x40\x02\
\xb0\x98\x9f\xb6\x58\xe2\x77\x99\xe7\x95\x85\x65\x59\x2f\x39\xb6\
\xa8\x13\xcc\x39\x0d\x9d\xa5\xf4\x18\xe4\xfa\x3a\xba\x27\xdc\xd3\
\x73\xec\x2f\xa5\x0b\x8a\x1a\x57\x40\x02\xc0\xd6\xf8\x5e\x07\x82\
\xaa\xdb\x7d\x17\x78\xa2\xbc\xe0\xf4\x56\x25\xc0\x4b\x6c\x25\x03\
\xc0\x5e\xf9\x5a\x0f\x00\xab\xb1\x17\xf2\xd2\xcc\x03\x3c\x31\xf1\
\xda\xd0\xa9\xd4\x57\xba\x5d\x90\x7c\xc9\x00\x76\xd4\x6f\x43\x00\
\x54\x50\x0f\x14\x38\x5c\xe4\xf2\x8c\xd3\xeb\x03\x3d\xe9\xb3\x4a\
\x57\x09\x5a\x32\x80\xd6\xd6\xd6\xdb\x00\xf5\xa5\x17\x98\x02\x3f\
\x98\xe9\x3e\xe3\x6d\x0b\x5a\x2e\x19\x80\x04\x63\x11\x7d\xea\x05\
\x85\x94\x1a\xff\x3f\x80\x97\xb8\x96\x0d\xa0\xbf\xa7\xfb\x47\xd8\
\x7d\xa3\x07\x41\x0e\x3b\x82\x1b\xe8\xb2\x7d\xf5\x3e\xe5\xe2\x7d\
\x81\xc0\xa9\x4d\xe9\x00\x90\x9d\xf6\x5d\xcb\xe6\xdf\xd5\x75\x95\
\xe2\x4b\xd6\x01\x1d\x14\x6a\xc2\x39\x64\xa1\x17\x94\x4e\xe6\xfe\
\x0d\x56\xed\xee\x4c\x26\x3e\xa7\x74\x95\xa0\xbe\x56\xe0\x0e\xb0\
\xd0\x7b\xa0\xf2\x50\x2f\x3c\x58\x85\xfb\xb2\x76\x76\x58\xc9\x95\
\xa2\x6e\x4e\x5f\x0e\xc0\xe4\xf8\xe8\x9f\xfb\x0f\x1e\xaa\xc1\xb5\
\xa1\x49\xb3\xdd\x13\x69\x6c\xfa\xe7\xe2\xf8\xd8\xb8\xa6\x0b\x94\
\x5d\xc1\x0a\x30\x16\xae\xdf\x9a\xc1\xd6\xb9\xa4\x23\x74\x84\x48\
\xb7\xc7\xe2\x47\x74\x5d\x90\xfc\x8a\x02\x90\x75\x21\x54\x43\x51\
\x5c\x9f\x6f\x68\x20\x49\x30\x3a\xdd\x1e\x4f\xba\xb7\x55\xad\xad\
\xec\xac\xef\x43\xac\x23\x69\x8f\x9d\x78\xd9\x11\xb6\xac\xc0\x6e\
\x7f\xbc\x00\xcd\x53\x28\xd4\x3c\x90\x4e\x16\xdc\x62\xf5\x7e\x5e\
\x3e\x16\x3b\x55\x97\xa3\xdb\xf5\x4f\x3f\xf1\xd8\x74\x34\x1a\xb5\
\xbd\xed\x7e\x64\x17\x80\x1f\x63\xdd\x06\x59\xa9\x0d\x59\x69\x40\
\xd7\xa1\x42\xdf\xc2\xf5\xe2\x0d\x3f\x45\xee\xe8\xb1\xc4\x2b\xe4\
\x88\xcf\x91\x0c\x36\x02\xc4\x4d\xd0\x09\xd0\x31\xac\xee\x14\x13\
\x34\x27\xac\xf5\xf3\x8f\x6e\xdf\x32\xdf\xd2\xd2\x92\xd3\x7d\x78\
\xf9\x55\x07\x20\x07\x6a\xef\xec\xea\x75\x98\xf3\xa1\x67\x50\xbc\
\xcc\xb1\xc4\x60\x6f\x3a\xe3\xd1\xbb\x62\xdb\xf1\xae\x28\x73\xc4\
\x17\x98\x80\x90\xab\x34\x30\x78\xff\x9e\xe5\xdc\x7a\x07\x1f\xcf\
\xbe\x2d\x66\xe2\x3b\x0b\x15\xeb\x7c\xf1\xc2\xd8\x77\x91\x03\x87\
\x6a\xf1\x8e\xfc\x8c\xd6\x2e\x27\xe5\xf0\xfe\xc6\x83\x7b\x1a\x9f\
\x3b\x7c\x7e\x62\x74\xf4\x6f\xad\x8d\xad\x04\xfc\x62\xbf\x3a\x21\
\x58\xd3\xe4\x85\xb1\x21\x7d\x1c\xc5\xff\xa7\x15\x50\x83\x2c\x6e\
\xa7\x7e\xc8\x05\xe3\x41\xb8\x8e\x03\x1e\xdf\xbc\x21\xf4\x31\xae\
\x1e\xce\x2a\xc0\x2b\x17\xec\xce\xe7\x1c\x57\x74\x99\x02\x87\xae\
\x76\x15\xcc\xc2\xc1\x66\xce\x67\xa8\x13\xf7\x7a\xbb\xc3\xc9\x0f\
\x82\xb3\xb3\x24\x28\xed\xd9\x36\x36\x67\xfc\x4d\x6c\x93\x9f\x6c\
\x21\x22\x08\x7f\x1f\x6c\xc3\x98\xf1\xed\x78\x9d\x7a\x58\x1f\xa7\
\xec\x01\x48\x67\x1f\x24\x12\x3b\xf3\x39\x71\x06\x07\xf2\x49\xdd\
\xb9\x81\xb7\xf1\xa9\x46\xbe\x4f\xdc\x75\x5d\x97\xf6\x47\x3b\xe3\
\x18\x66\xe9\x31\x05\xb0\xa2\x3a\xb0\x34\x5c\x71\xae\x2f\x95\x9a\
\x09\x3f\x70\x7f\x84\x38\x3f\x09\x0b\xf7\xda\x51\xd4\x9a\xe8\x12\
\x71\xeb\x86\xfa\x50\x50\xd4\xc6\x87\x72\xcd\xb6\x90\xd7\x57\x5b\
\x2c\xb9\x8b\xb1\xfc\x47\xfa\x05\xd0\x6b\xb3\x28\xe7\x90\x7e\x65\
\xed\x98\x42\x45\x9c\x21\x8b\x23\xeb\x38\xb3\xb9\x9c\xf8\x45\xb7\
\x37\xad\x40\xd9\x02\x50\xce\x3b\x3a\xe3\x07\x50\xa1\x12\x90\x9f\
\x57\xba\xd5\xd0\x8a\x05\xa0\xc0\x76\xc4\xba\xf6\xe2\xa0\xbe\x0d\
\xf9\x55\x1c\xd0\xcd\x4a\xef\x97\x56\x3c\x00\x05\x74\x78\x78\x78\
\xdd\xec\xd5\x3f\x9a\xf1\xcd\xa6\x19\xcb\xff\x2c\xb6\x98\xfb\xdd\
\x49\xd9\x78\x29\xb6\xd8\x95\xc1\x9e\x54\x41\x56\x52\x36\x65\xdf\
\x42\xca\x91\x89\xca\xb3\x42\xc2\x6e\x70\x48\x3c\x82\x33\xb0\x1b\
\x45\x71\x17\xd2\xa9\x5c\xa1\x4d\xb8\x5f\x6d\x02\x9d\xab\xf4\xdf\
\x58\x26\xec\x55\x7d\x75\x06\xaa\x33\x50\x9d\x01\xc6\xfe\x05\xfc\
\xb7\x83\x05\x52\x2a\x7b\x56\x00\x00\x00\x00\x49\x45\x4e\x44\xae\
\x42\x60\x82\
\x00\x00\x01\x38\
\x89\
\x50\x4e\x47\x0d\x0a\x1a\x0a\x00\x00\x00\x0d\x49\x48\x44\x52\x00\
\x00\x00\x18\x00\x00\x00\x18\x08\x06\x00\x00\x00\xe0\x77\x3d\xf8\
\x00\x00\x00\x01\x73\x52\x47\x42\x00\xae\xce\x1c\xe9\x00\x00\x00\
\xf2\x49\x44\x41\x54\x48\x0d\x63\x60\x18\x05\x43\x2a\x04\x8a\x2a\
\x6a\x1a\x40\x98\x14\x47\x33\x12\xab\x18\x64\xf0\xbf\xff\xff\xeb\
\x81\xea\xff\xb2\x30\xb3\x1a\xf4\xb4\x35\x5c\x21\x46\x2f\x13\x31\
\x8a\x90\x0d\x67\x64\x66\x8a\x21\xd6\x70\x90\xd9\x04\x7d\x80\x6e\
\x78\x7f\x5b\xf3\x0a\x62\x1c\x05\x53\x83\xd7\x02\x4a\x0d\xc7\xeb\
\x03\x6a\x18\x8e\xd3\x02\x6a\x19\x8e\xd5\x02\x24\xc3\x61\xc1\x48\
\x12\x3d\xa1\xb3\x15\x25\xd8\x89\x4a\x45\x24\xd9\x80\xa6\x18\xc5\
\x36\x98\x1c\x92\x2f\xfe\x32\x31\x32\x44\xf7\x75\xb4\xae\x84\xc9\
\x91\x4a\x33\x63\xd3\x70\xfc\xc8\xa1\x03\x56\xb6\xf6\x8c\xff\x19\
\x18\x1c\x81\x38\xd0\xca\xd6\xee\xe6\xf1\x23\x87\xaf\x62\x53\x4b\
\x48\x0c\xab\x05\x20\x4d\xd4\xb2\x04\xa7\x05\xd8\x2c\xb1\xb4\x77\
\xb8\x71\xe2\xf0\x21\x92\x7c\x82\xd7\x02\x74\x4b\x80\x11\x16\x68\
\x69\x67\x7f\x93\x14\x4b\x08\x5a\x80\x62\xc9\xff\xff\x4e\x60\x4b\
\x1c\xed\xd7\x9d\x38\x74\xe8\x35\x48\x8e\x10\x20\xca\x02\x90\x21\
\xb0\x38\x01\x5a\x70\xb8\xbf\xad\x65\x35\x21\x83\x47\xe5\x07\x4f\
\x08\x00\x00\x36\xb8\x87\xe6\x6b\xaa\xba\xbd\x00\x00\x00\x00\x49\
\x45\x4e\x44\xae\x42\x60\x82\
\x00\x00\x01\x43\
\x89\
\x50\x4e\x47\x0d\x0a\x1a\x0a\x00\x00\x00\x0d\x49\x48\x44\x52\x00\
\x00\x00\x18\x00\x00\x00\x18\x08\x06\x00\x00\x00\xe0\x77\x3d\xf8\
\x00\x00\x00\x01\x73\x52\x47\x42\x00\xae\xce\x1c\xe9\x00\x00\x00\
\xfd\x49\x44\x41\x54\x48\x0d\xed\x93\x3d\x0a\xc2\x30\x18\x86\xad\
\x38\xea\xee\xd0\xd1\x45\x70\xee\x15\xc4\xd1\xc9\xe3\xe8\x39\x3a\
\x38\xf6\x08\x8a\x9b\x78\x06\x47\xc1\x4d\x5c\xc4\x03\x38\xd4\xe7\
\x2d\x9f\x19\x0a\x9a\xd0\x28\x28\xf8\xc2\x43\xbe\xe4\xfb\x6d\xa2\
\xad\xd6\x5f\x3f\x71\x03\x65\x59\xa6\x50\xc0\xc9\x90\x9d\xbe\x65\
\x78\x15\x82\x0b\xd4\xa5\xb3\xf8\x26\x14\xd1\xb4\xd2\x0a\xd4\x4c\
\xc8\x96\x8a\xe8\xaf\xa0\x88\xae\x45\x72\xd3\xca\xae\x4e\xf0\xf9\
\x1a\xb4\x7d\x01\xb1\xfe\x90\x06\x5b\x6b\x92\xdb\xe4\xfa\x92\xdc\
\xce\x1e\x3e\xdb\x36\x58\xac\xe8\xe7\x1e\x59\x33\x59\x13\x3d\xb6\
\xde\x43\xc8\x76\x6f\xd2\x60\xee\xf7\xa5\x24\xaf\x4a\x31\xe5\x00\
\xff\x04\xc6\x30\x82\x3e\x48\x67\xd8\xc3\x06\xd6\x49\x92\x1c\x58\
\xc3\x45\xe1\x0c\x76\x10\x2a\xc5\x66\x41\x1d\x08\x9c\xc2\xcd\x2a\
\x5f\x59\x97\x30\x83\x21\xf4\x0c\xd9\x3a\x93\x4f\x31\x92\x72\xa6\
\xde\x26\x04\x1d\x41\x9a\x43\xd7\x97\xa0\x18\x58\x80\x74\xf4\xc5\
\xeb\x17\x53\xc9\x1b\x58\x0b\x78\x96\xd7\xa9\xc5\xb9\xad\x12\xdc\
\x26\xc2\x08\xf9\x27\x47\x94\xff\xa7\x7e\xc3\x0d\xdc\x01\xe1\xf6\
\x49\x2c\x57\xc4\xf9\x1f\x00\x00\x00\x00\x49\x45\x4e\x44\xae\x42\
\x60\x82\
\x00\x00\x01\x79\
\x89\
\x50\x4e\x47\x0d\x0a\x1a\x0a\x00\x00\x00\x0d\x49\x48\x44\x52\x00\
\x00\x00\x18\x00\x00\x00\x18\x08\x06\x00\x00\x00\xe0\x77\x3d\xf8\
\x00\x00\x00\x01\x73\x52\x47\x42\x00\xae\xce\x1c\xe9\x00\x00\x01\
\x33\x49\x44\x41\x54\x48\x0d\x63\x60\x18\x16\xe0\x3f\x2a\x68\xa4\
\xba\xa7\x50\xcd\xff\xff\x16\xc8\xe7\xa1\xba\x25\x20\x03\x81\x06\
\x1f\x46\xb3\x8c\x1c\xee\x21\x64\xc7\x31\x21\x73\x80\xec\x36\x34\
\x3e\x39\x5c\x61\xbc\x9a\x80\x4e\x3e\x0f\x75\x76\x2a\x5e\x85\x48\
\x92\x40\xf5\xbc\x40\xfc\x12\xaa\x2f\x10\x49\x0a\x93\x09\x54\x14\
\x06\x55\x78\x1b\x48\x33\x63\xaa\xc0\x14\x01\xaa\x6b\x81\xea\x39\
\x8c\x29\x8b\x26\x02\x54\xc8\x04\xc4\xb7\xa0\x1a\x22\xd0\xa4\x31\
\xb8\x40\x75\xd2\x40\xfc\x0d\xaa\xde\x1c\x43\x01\x36\x01\xa0\xe2\
\x14\xa8\x86\x0b\xd8\xe4\x91\xc5\x80\xea\xe6\x43\xd5\xae\x44\x16\
\xc7\xcb\x06\x6a\x60\x03\xe2\x27\x50\x8d\xde\xb8\x14\x03\xe5\xf5\
\x80\xf8\x2f\x10\xff\x04\x62\x25\x5c\xea\xb0\x8a\x03\x35\xb4\x03\
\x31\xb1\xa0\x1f\xab\x21\xb8\x04\x81\xa6\xb2\x03\xf1\x7d\x22\x4c\
\xff\x01\x54\xb3\x1a\x88\x39\x71\x99\x85\x55\x1c\xa8\xa1\x04\x6a\
\xf8\x05\x20\x8d\x9e\x57\xb0\xea\x21\x49\x10\x68\xe8\x5d\xa8\x05\
\x6e\x24\x69\xc4\xa2\x98\x11\x8b\x18\xa8\xc8\xb8\x07\x14\x57\xc4\
\x26\x87\x4f\x8c\x11\x08\xd0\xe5\x71\x79\x3f\x1d\xa8\x10\x64\xc9\
\x10\x05\xc0\x20\xf2\x00\xe2\x47\x50\xec\x89\xcb\x1b\xc4\xaa\xc3\
\xd0\x0f\xd4\xf8\x00\x88\x61\xe0\x11\x86\x02\xa8\x00\x50\x01\x41\
\x75\xb8\xe2\x00\x97\x99\xd4\x11\x07\xba\x8c\xb6\x41\x44\x1d\x67\
\xd2\xc9\x14\x00\x33\x66\xc3\xaa\x50\xa1\x57\x45\x00\x00\x00\x00\
\x49\x45\x4e\x44\xae\x42\x60\x82\
\x00\x00\x01\x0a\
\x89\
\x50\x4e\x47\x0d\x0a\x1a\x0a\x00\x00\x00\x0d\x49\x48\x44\x52\x00\
\x00\x00\x18\x00\x00\x00\x18\x08\x06\x00\x00\x00\xe0\x77\x3d\xf8\
\x00\x00\x00\x01\x73\x52\x47\x42\x00\xae\xce\x1c\xe9\x00\x00\x00\
\xc4\x49\x44\x41\x54\x48\x0d\x63\x60\x18\x05\x04\x42\x80\x11\x24\
\x5f\x5c\x55\xe7\xf9\xf7\xef\xbf\x59\x0c\x0c\xff\x65\x08\xa8\x27\
\x4a\x9a\x91\x91\xf1\x31\x13\x13\x53\x7a\x6f\x5b\xd3\x76\x26\x90\
\x0e\x6a\x1a\x0e\x32\xef\xff\xff\xff\xb2\xff\xfe\xfd\x9b\x09\x62\
\xb3\x80\x08\x98\xcb\x27\x74\xb6\x82\x7d\x04\x11\x23\x9f\x2c\x28\
\xaf\x06\xda\xf1\x5f\x16\x64\x02\xd8\x07\xe4\x1b\x45\x58\x27\xcd\
\x2d\x80\x06\x11\xaa\x4b\x40\x5e\x04\x89\x80\x82\x0c\xc6\x46\x55\
\x81\x9d\x87\x2d\x88\x07\xc6\x07\xc8\x2e\x41\x66\x63\x77\x37\x7e\
\xd1\x81\xf1\x01\x2c\xdc\x47\xe3\x00\x14\x3b\x34\x8f\x03\x9a\x5b\
\x00\xcd\x68\x8c\x4f\x40\xe5\x11\x2c\x72\xf1\x27\x3c\xe2\x64\x41\
\x25\x2a\x3c\x88\x98\x99\x99\xd2\x18\x18\x40\x96\x50\x07\xc0\x8a\
\x6b\x90\x69\x04\x4b\x4f\x42\xbe\x22\x94\x11\x69\x1e\x07\xd4\x09\
\x93\x61\x6d\x0a\x00\xa5\x28\x40\x27\x03\xe0\xff\xb2\x00\x00\x00\
\x00\x49\x45\x4e\x44\xae\x42\x60\x82\
\x00\x00\x01\xe0\
\x89\
\x50\x4e\x47\x0d\x0a\x1a\x0a\x00\x00\x00\x0d\x49\x48\x44\x52\x00\
\x00\x00\x18\x00\x00\x00\x18\x08\x06\x00\x00\x00\xe0\x77\x3d\xf8\
\x00\x00\x00\x01\x73\x52\x47\x42\x00\xae\xce\x1c\xe9\x00\x00\x01\
\x9a\x49\x44\x41\x54\x48\x0d\xdd\x94\xb1\x4a\x03\x51\x10\x45\x77\
\xed\x43\xb0\x50\x49\x91\x2e\x6d\x9a\xb4\x5a\x2d\x11\x6c\xd2\xe8\
\x3f\xc4\xca\x3a\x85\x55\x0a\x7f\xc4\xc2\x5f\x90\x94\x06\x02\x29\
\xf3\x03\x82\x95\x16\x22\x12\x82\x08\x22\xae\xe7\xee\xce\x83\xf0\
\xdc\xb7\xd9\xac\x5d\x06\xee\xce\xbc\x99\x3b\xf7\xcd\xce\x86\x44\
\xd1\xce\x5b\x9a\xa6\x0d\x30\x06\x0b\xb0\x32\x28\x56\xae\xf1\xaf\
\x05\x20\x90\x80\x27\x10\x32\xd5\x92\x5a\x97\xa8\x11\xfc\x98\xf2\
\x14\x3f\x00\x2d\x83\x62\xe5\x64\xe2\x6c\x77\x09\x0d\x5a\x8b\x9b\
\xfc\x86\x78\xcf\x9f\x52\x39\xa0\x9a\x4c\xdc\xea\xeb\x82\xac\xfd\
\xca\x34\x65\x26\x8e\x6f\x82\xa1\xa1\xa9\x0b\x55\x03\xee\x4d\xc6\
\xfe\x10\xc1\x33\x4d\xfa\x88\xb2\x81\x09\x49\xfc\x31\xcb\xe4\x0f\
\xc5\xee\x12\xad\x4b\xb6\x08\x0a\xfa\x05\xc8\xfa\xb5\xc8\x5a\x76\
\x81\x26\xf7\x6d\x68\x35\x7d\x17\xd9\xca\xd7\xd1\xf9\xcf\x6e\x8d\
\xf4\x65\xfe\xc3\x7c\x99\x73\x1c\xd7\x53\xc6\xcd\x6b\x4c\x33\xcf\
\x66\x4a\xd3\x13\x65\x88\xcb\x56\x74\x6c\xdc\x79\x91\x72\xe8\x0d\
\xa6\x46\xbe\x90\x8f\xe3\x78\x89\xeb\x81\x4b\x43\xcf\x72\x1c\xa3\
\x73\x3d\x30\xd7\x93\x9f\xca\x9e\x4c\xd4\xb5\xa9\xf4\x2d\xf6\x43\
\x5c\x6a\x7a\xb3\xa5\x71\xbb\x21\x5e\x61\x9e\xa6\x99\x35\x5e\x17\
\x12\x48\x52\x1f\x19\x67\x16\xe2\x04\xf3\x34\x26\xd6\xfc\x8e\x3f\
\xf2\x89\xe4\x0e\xc0\x9b\x71\x12\xbf\x5e\xe9\x4c\xf3\xc4\x04\xee\
\xfc\x06\xf2\xb7\x56\x9b\xf8\xb5\xca\x67\x04\x3a\xe0\xd3\x84\xce\
\x5c\x23\xe7\x53\xcb\xa9\xd6\x71\xf9\x5a\x1e\x01\xb7\xe7\x17\xe2\
\x43\xa0\xd5\x3c\x03\xd9\xa8\x96\xe8\x7a\x13\x22\xfa\xbf\x79\x90\
\x1a\x76\x6f\x50\xac\x5c\xe8\x67\xbe\x2e\xb1\x39\x46\xa8\x0d\x5e\
\x81\x33\xc5\xed\xcd\x9d\x5b\x30\x10\xec\x83\x6f\x43\x7f\x8b\xd6\
\xea\x54\xc4\xaf\x84\xea\x1d\xbb\xc0\xfc\x05\xe0\x4f\x2e\x60\x06\
\xd0\x17\xc5\x00\x00\x00\x00\x49\x45\x4e\x44\xae\x42\x60\x82\
\x00\x00\x01\x1b\
\x89\
\x50\x4e\x47\x0d\x0a\x1a\x0a\x00\x00\x00\x0d\x49\x48\x44\x52\x00\
\x00\x00\x18\x00\x00\x00\x18\x08\x06\x00\x00\x00\xe0\x77\x3d\xf8\
\x00\x00\x00\x01\x73\x52\x47\x42\x00\xae\xce\x1c\xe9\x00\x00\x00\
\xd5\x49\x44\x41\x54\x48\x0d\x63\x60\x18\x05\x04\x42\x80\x11\x59\
\xbe\xb0\xb2\x3a\x9e\xe1\x3f\x43\xff\xff\xff\x0c\x82\xc8\xe2\xc4\
\xb2\x19\x19\x19\xde\x33\x30\x32\x14\xf6\xb7\xb7\x2e\x84\xe9\x61\
\x82\x31\xc0\x34\x05\x86\x83\xf4\x83\x1d\x06\x34\x03\xd9\x4c\x16\
\x64\x0e\xcc\xe5\x13\x3a\x5b\x51\x7c\x86\xac\x06\x1f\xbb\xa0\xbc\
\xfa\x3f\xcc\x0c\x98\x3a\x54\x1f\xc0\x44\xa9\x48\x8f\x5a\x40\x30\
\x30\x47\x83\x68\x04\x04\x11\x4a\x4e\x86\xf9\xb7\xb0\xa2\x2e\x90\
\x81\xe1\xaf\x07\x8c\x4f\x2c\x0d\xcc\xc5\x0c\x8c\x8c\x8c\x7f\x90\
\xd5\x63\xb5\xe0\xff\xff\xbf\xab\x81\x8a\x98\x91\x15\x12\xcb\x06\
\xda\xb1\x0d\x59\x2d\x56\x0b\x40\x86\x33\x31\x31\x4e\xfd\xff\x9f\
\xf1\x12\xb2\x62\x42\x6c\x46\x86\x7f\xef\xf9\x38\x58\x36\x22\xab\
\xc3\x6a\x01\x13\x23\x63\x63\x5f\x7b\x4b\x03\xb2\x42\x72\xd9\x18\
\x19\x0d\x6c\x78\x07\x75\x0c\xc7\x70\x54\x51\x45\x4d\x03\x86\xe0\
\xa8\x00\xad\x43\x00\x00\xeb\x5c\x31\x26\x65\x10\xe3\x7d\x00\x00\
\x00\x00\x49\x45\x4e\x44\xae\x42\x60\x82\
\x00\x00\x04\x60\
\x89\
\x50\x4e\x47\x0d\x0a\x1a\x0a\x00\x00\x00\x0d\x49\x48\x44\x52\x00\
\x00\x00\x30\x00\x00\x00\x30\x08\x06\x00\x00\x00\x57\x02\xf9\x87\
\x00\x00\x00\x09\x70\x48\x59\x73\x00\x00\x0b\x13\x00\x00\x0b\x13\
\x01\x00\x9a\x9c\x18\x00\x00\x00\x01\x73\x52\x47\x42\x00\xae\xce\
\x1c\xe9\x00\x00\x00\x04\x67\x41\x4d\x41\x00\x00\xb1\x8f\x0b\xfc\
\x61\x05\x00\x00\x03\xf5\x49\x44\x41\x54\x78\x01\xed\x59\x4d\x4e\
\xdb\x40\x14\x7e\x93\x10\x2a\x76\xf4\x04\x4d\x4f\x40\xd8\xb1\x28\
\xc2\x9c\xa0\x70\x02\xe0\x04\xb8\x8b\x42\x14\x90\x70\x24\x48\x1d\
\x75\x91\xc9\x09\x92\x9c\xa0\xe9\x09\x6a\xaa\xaa\x62\xd7\x70\x82\
\x9a\x1d\xcb\xee\x10\x24\xf1\xf4\x8d\x63\x28\x33\xf6\x8c\xed\xc4\
\x49\x5b\xc9\x9f\x84\x70\xc6\x33\x6f\xde\xdf\xbc\x79\xef\x19\x20\
\x47\x8e\x1c\x39\xfe\x26\x08\x64\x04\xb3\x6a\x95\xc1\x1b\xee\x20\
\xc5\x35\x02\x6c\xd0\x6a\x36\xda\xc2\xfb\xa3\xda\x19\x10\x52\x06\
\xc2\x2e\x01\x96\x1d\x6a\x5b\x2e\x64\x80\x99\x05\x30\xab\xb5\x7d\
\x60\x64\x0f\x1f\x0d\x91\x32\xa9\x53\xfb\xdc\xf2\xe7\x1c\x9f\xb4\
\xf8\x3f\x69\xe9\x00\x85\x69\x53\xbb\xd1\x85\x19\xb0\x04\x53\xc2\
\xac\x9e\x1a\xc0\x58\x07\x18\x94\x15\x53\xb6\xfe\x3c\x12\x9c\xc3\
\xe4\xf7\x15\x14\xbc\x83\xc2\xa1\x65\x58\x7d\x5a\x41\x52\x0b\x60\
\x5a\xd6\x2a\xdc\x0d\xcf\x90\x79\x53\x3f\xd3\xeb\x3d\x3d\x12\xef\
\x33\x32\xbb\xa3\x98\x58\x0e\x04\x59\x83\x95\x52\x9d\x5a\xd6\x2f\
\x48\x81\x54\x2e\xe4\xfb\x39\x1b\x7e\x02\xae\xbd\x48\x6a\xc4\x01\
\x8f\x21\xb3\xcc\xa1\x1f\x1b\x03\x71\x6d\x15\xcf\x48\x71\x07\x0a\
\xf0\x16\x8d\x61\x28\xb6\x70\x81\x94\xb6\xd3\x9c\x8f\xc4\x02\x04\
\xcc\x7f\x01\x88\x72\x19\xd6\x46\x2d\x53\x6a\xdb\x2e\x24\x80\x2f\
\x0c\x14\x2d\x14\x64\x2f\xe2\x75\x2a\x21\x12\x09\x10\xb8\xcd\x0f\
\x08\x33\xef\xa2\xc6\x77\x65\x6d\x27\x85\x2f\x08\x2b\x46\x29\x65\
\x80\xee\xb4\x9d\xc4\x9d\x0a\x90\x04\xdc\xe7\xe5\x4d\x08\xf4\x70\
\x93\xf5\x69\x99\xe7\xf0\x2d\x76\x5f\x5a\x47\x62\x7d\xe9\x55\x25\
\xd8\x33\x16\xb1\x16\x08\xc2\x64\x47\x5a\xd6\xa7\xcd\xf3\x5d\xc8\
\x10\xe6\xd1\x49\x17\xb9\x11\x5d\x8a\x10\x74\xa5\x73\x47\xb7\x2e\
\xde\x02\x8c\xc8\x9a\x70\x61\x65\xe9\x00\xb2\xc6\x43\xc9\xf4\x69\
\x0b\x7b\xb3\x4e\xdc\x32\xad\x00\xbe\xf6\x43\xae\x33\xde\x4e\x1b\
\xea\x92\x80\x52\xa4\x89\xe7\x49\x1a\x2e\x07\x3c\x28\xa1\xb7\x00\
\x23\x87\xc2\x6f\x02\xdd\xa4\x91\x66\x1a\x4c\xce\x13\x69\x4b\x3c\
\xec\xe9\xd6\x28\x05\xf0\xc3\x66\x28\xde\x8f\xeb\x30\x6f\x90\x11\
\x95\x46\x8c\x80\x97\x48\x68\x2c\xf0\x60\x88\x84\x89\x33\x4f\xed\
\x3f\x22\xd8\xc3\x11\x06\x79\x92\xa8\x80\x46\x00\x62\x88\x44\xf0\
\x86\x5d\x14\x18\x88\x7b\x15\x60\x4d\x35\x55\x27\x80\x2b\xce\x1c\
\xf7\x61\x51\x60\x25\x47\xf8\xed\x79\xd7\xaa\xa9\x45\xd5\x8b\xab\
\x6f\x5f\x9d\x8d\x37\x5b\x2f\x51\x90\x5b\xcc\x16\x9b\xd4\xfe\xe0\
\xc0\x82\x70\xf5\xdd\xb9\xdd\xd8\xdc\xbc\x41\xb7\x5d\xc5\xbf\x1e\
\x6d\x36\x6c\xc8\xf1\x8f\x42\x9b\x4a\x04\x65\xa0\x81\x2e\xd4\x9b\
\xb5\x72\x4a\x8b\x49\x0a\x83\xa9\x37\x9e\x45\xda\xbc\x78\xa7\x9a\
\xa7\x14\x00\x73\x13\x13\xdf\xb6\x9e\x06\x8a\x6c\x9d\x36\xa6\x4f\
\xdc\xd2\x20\x48\xdd\x7f\x3e\x0d\x3c\x2b\x4f\x65\xa8\xa3\x50\x41\
\xba\xc4\x46\x52\x58\x9d\x27\x42\x71\x9f\xbd\x52\x4d\x55\x0b\xe0\
\x81\xa8\x6d\xc2\xcd\xb9\x20\x84\xf6\xe2\x9d\x8c\x68\x68\x2c\x10\
\x8a\xfb\xda\x2b\x3d\x2b\x04\x7b\x18\xe2\xa8\xe7\xa8\xe6\x2b\x05\
\x88\xbc\xd2\xd9\xf0\x10\xe6\x0d\x16\x2a\x64\x06\xba\x14\x46\x9f\
\x8d\x62\xf4\x91\x46\x4c\xb3\x56\xab\xc0\x9c\x10\x68\x7f\x1f\x44\
\x1e\xda\xba\x35\xf1\x15\xd9\xf1\x09\x8f\x06\xe5\x67\x43\xae\x5f\
\x4a\x66\x5c\x13\x28\xea\x6e\x1e\x42\x5f\xeb\xd6\xc5\x57\x64\x84\
\xc8\xd5\x57\x19\x37\x6a\x41\xd6\xb8\x1b\x75\x20\x54\x3c\xb1\xd8\
\xf4\x3d\x59\x57\xe2\xf8\x14\x73\x74\x26\xf9\x3f\xeb\xc3\xca\xf2\
\xc1\xac\x96\x98\x68\xfe\x01\x15\x42\xf6\x25\xfa\x6d\xcc\x81\xcc\
\xb8\xf5\xc9\xba\x12\xf7\x4b\x16\x80\x14\x56\x01\x3b\x6d\x68\xf2\
\x59\x22\x93\xf9\xbe\x56\x99\xb8\x8d\xcc\x3c\x77\xd3\x65\x2b\x09\
\x8d\x14\x8d\x2d\x65\x0f\x87\x03\x3b\x0a\xd8\x16\x4c\xd8\x8c\x0a\
\x6e\x5a\x6e\xd1\x28\x0d\xbb\x7e\xdd\x9d\xb0\x78\x4a\xd9\x5a\xd4\
\x0a\xc1\xe1\xf8\xc5\x48\xa1\xd4\x97\x85\xf1\xa3\x17\xbf\xcd\x27\
\x97\x94\xa1\x58\x8f\x1d\xeb\xf1\x6e\x9a\xca\x2f\x75\x7b\xdd\x34\
\xd1\x67\x5f\x8c\xac\xf0\x99\x90\x29\xb3\x83\xc7\x04\x30\xba\xb7\
\x24\x03\xc3\x25\xba\x4d\xda\x33\x95\xba\x3b\xed\xb7\x3f\xb8\x1c\
\xd5\xda\x20\xe8\x19\x95\x23\x27\x32\xe0\xf9\x4c\x77\xf2\xac\xed\
\x2c\xb8\x3c\xd2\x51\xfb\xc2\x81\x29\x30\xf5\xf7\x81\x40\xbb\xdd\
\x89\x76\x0b\x68\x0d\x56\x09\x31\xf6\x08\x42\x2e\xb1\x49\x65\x08\
\x6f\x79\x27\x1b\x5b\xf0\xb3\xa6\xe9\x19\x7e\x62\xe2\x1d\xe7\x82\
\x81\x24\xf1\xc3\x06\xb9\x91\xd3\x5f\x3f\x3d\xe7\xc5\xb9\x07\xd7\
\x51\x67\x24\x47\x8e\x1c\x39\xfe\x4f\xfc\x06\x76\x86\x9b\xe0\x1d\
\xc2\xa1\x1b\x00\x00\x00\x00\x49\x45\x4e\x44\xae\x42\x60\x82\
\x00\x00\x02\x58\
\x89\
\x50\x4e\x47\x0d\x0a\x1a\x0a\x00\x00\x00\x0d\x49\x48\x44\x52\x00\
\x00\x00\x30\x00\x00\x00\x30\x08\x06\x00\x00\x00\x57\x02\xf9\x87\
\x00\x00\x00\x01\x73\x52\x47\x42\x00\xae\xce\x1c\xe9\x00\x00\x02\
\x12\x49\x44\x41\x54\x68\x05\xed\x97\xbb\x4a\x03\x41\x14\x86\x5d\
\x11\x4b\x15\x0b\x21\x44\x4b\x51\xa2\x85\x20\x58\xa9\x58\xa5\xb7\
\x4c\xe5\x53\xa4\xf7\x0d\xd2\xe4\x2d\x52\x58\x0a\x82\x82\x97\x4a\
\x10\x6c\x02\x8a\x9d\x5a\x29\xa8\x98\x56\x89\xdf\x0f\x8b\x0c\xe3\
\x0e\xd9\x61\xc7\xd5\x85\x39\xf0\x91\xd9\x33\x67\xce\x6d\x67\x36\
\xbb\x63\x63\x51\x62\x07\x62\x07\x62\x07\x62\x07\x62\x07\x02\x76\
\x60\x38\x1c\xae\x42\x07\xfa\x30\x48\xd1\x58\xba\xd5\x80\xa1\xc2\
\xba\x22\xb9\x49\xe8\xc2\x27\xb8\x44\x73\xb2\x99\x0c\x1b\xbd\xa0\
\x37\x25\x04\xc7\x90\x57\x64\xfb\x7f\x8a\x20\x19\x75\xd5\x57\xba\
\x05\xfb\x16\x66\x39\x59\x6b\xcf\xdb\xdb\xe6\x01\x5d\x0b\x6a\x29\
\x1a\x4b\x67\x8a\xd6\xfc\xfd\x99\x20\x09\x1d\x4e\x53\x94\xe8\xac\
\xdd\x1e\xe9\xc0\x2e\xa2\x63\xdb\x95\x7e\x4d\x52\x7a\xc2\x98\xd2\
\x72\x25\x81\x91\xee\x84\x29\x7d\x97\x6d\x69\x7a\xb2\xd1\xa3\xd2\
\x94\x9a\x2b\x38\x46\xda\x52\xa6\x0c\x5c\xb6\x79\xf5\xe3\x79\x0d\
\xff\xab\x5d\x88\x02\xee\xad\xe2\x76\xac\x6b\xf3\xd2\x9e\xb3\xd7\
\x9a\xb6\xe5\x8c\xd9\x0f\x95\x3f\xc4\x45\x1e\xa3\x2b\xe5\xb4\x79\
\x44\x14\xee\x42\x75\xff\xc8\x54\x1b\x05\x54\xfb\x55\xc2\x28\xa2\
\x9a\x2f\x73\xe6\x0e\xe3\x6e\x54\xf3\x75\xda\x2c\x22\x8e\x3d\x3a\
\x90\x78\xd8\x3a\x4d\xd9\x36\x73\x4c\x6e\xc2\x06\x2c\xc1\x22\x48\
\x37\x05\x92\x77\x78\x82\x3b\xb8\x85\x4b\xb8\x48\x92\x44\xba\xbf\
\x11\x92\x6e\xc0\x3e\xd8\x2f\x73\xa8\x72\x8b\xd6\xca\x47\xa3\xb4\
\x2a\x08\xd6\x84\x53\x08\x2d\xf2\xd9\xfc\xb5\x42\x70\x5e\x87\x93\
\xd0\x59\x67\xf8\xd3\xe7\x66\x3d\x6f\x21\xb9\xce\x00\x0e\xb7\x71\
\x78\x00\x3f\x3e\x54\xd2\x40\x1f\xfc\x5e\xc1\x39\x5c\xc3\x0d\x3c\
\xc2\x1b\x48\x66\x60\x1e\x96\x61\x0d\xb6\x60\x1d\x26\x20\x4b\x5e\
\x50\xee\x72\x46\xce\xb2\x26\xbd\x74\x24\xbf\x00\xcf\x90\x25\x47\
\x28\xf7\x60\xda\xcb\x29\xc6\x5a\x93\xae\x95\x8f\x2c\x51\xcc\x05\
\x5f\xbf\x3f\xec\x71\xd2\xcb\xf0\x7e\x88\x4e\x9d\x0c\x22\xf2\x05\
\xf2\x69\x4b\xaf\x70\x00\x3c\xbe\x59\x5e\xdb\x85\x9d\x3a\x1c\x10\
\xa7\x6d\xc5\x7a\x75\x98\x7e\xab\x47\x9e\x01\x39\xfc\xb6\x66\xc0\
\xbe\x1c\xb9\xc6\xb4\xf7\x1d\xfb\xc6\x0b\xf1\x45\xe6\x9b\x63\x50\
\x7b\xd7\x53\xc0\x19\xc4\xee\x90\xd3\xb0\xa4\x89\xca\xdf\x81\x58\
\x40\x49\x3b\x25\x86\x89\x1d\x88\x1d\x88\x1d\x88\x1d\x88\x1d\xc8\
\xec\xc0\x17\xd4\xab\x6a\xcb\x3f\xbb\x90\x9a\x00\x00\x00\x00\x49\
\x45\x4e\x44\xae\x42\x60\x82\
\x00\x00\x00\x86\
\x89\
\x50\x4e\x47\x0d\x0a\x1a\x0a\x00\x00\x00\x0d\x49\x48\x44\x52\x00\
\x00\x00\x18\x00\x00\x00\x18\x08\x06\x00\x00\x00\xe0\x77\x3d\xf8\
\x00\x00\x00\x01\x73\x52\x47\x42\x00\xae\xce\x1c\xe9\x00\x00\x00\
\x40\x49\x44\x41\x54\x48\x0d\x63\x60\x18\x05\xa3\x21\x30\xe8\x43\
\x80\x11\xd9\x85\x05\xe5\xd5\xff\x41\xfc\x09\x9d\xad\x60\x71\x18\
\x1f\x59\x0d\x31\x6c\x98\x7e\x90\x5a\x26\x62\x34\x8c\x6c\x35\xa3\
\x71\x30\xf0\xf1\x3f\x1a\x07\x03\x1f\x07\xa3\x2e\x18\x01\x21\x00\
\x00\x1e\xa4\x18\x0a\xd2\x2c\xcf\x88\x00\x00\x00\x00\x49\x45\x4e\
\x44\xae\x42\x60\x82\
\x00\x00\x06\xa0\
\x89\
\x50\x4e\x47\x0d\x0a\x1a\x0a\x00\x00\x00\x0d\x49\x48\x44\x52\x00\
\x00\x00\x30\x00\x00\x00\x30\x08\x06\x00\x00\x00\x57\x02\xf9\x87\
\x00\x00\x00\x01\x73\x52\x47\x42\x00\xae\xce\x1c\xe9\x00\x00\x06\
\x5a\x49\x44\x41\x54\x68\x05\xed\x59\x5b\x6c\x14\x55\x18\x3e\x67\
\x66\x96\xee\x96\x98\x16\xb1\xdb\x28\x60\x00\x63\x22\x22\x57\x8d\
\x72\xd1\x07\x83\xf0\x80\x48\x24\x21\x88\x0f\x86\x80\x17\x88\x4a\
\xc2\xb6\x14\xbb\xdb\x2e\x0c\x6c\xbb\x2d\xa5\x65\x49\x88\x17\x54\
\x12\xaf\xa0\x44\xe3\x0b\xf2\xa0\x0f\x26\x2a\x81\x84\x00\x5e\x30\
\x12\x1f\x44\x90\x4b\x5c\x2e\xb6\x95\xba\x5b\xe7\x72\xfc\xce\x96\
\xe9\x9e\x99\x9d\xa5\x3b\xeb\x6e\xe2\xc3\x4e\x32\x99\xff\xff\xcf\
\x7f\xfe\xff\xfb\x2f\xe7\xd2\x2d\x21\x95\xa7\x92\x81\x4a\x06\xca\
\x96\x81\x50\x8b\xfa\x20\x7f\xcb\xe6\x00\x86\x95\x72\x1a\x27\x86\
\xfe\x32\xec\x53\xbc\xcf\x94\xcb\x0f\x37\x5e\x96\x67\xa3\xaa\x06\
\xf5\x94\x76\x8e\xe2\x91\xfd\xca\x84\x6e\x55\x4d\x96\xc3\x91\x54\
\x0e\xa3\xdc\xa6\x99\xd6\x9f\xc7\xa7\x8a\x31\x36\xca\x48\x69\x2f\
\x94\xcb\x4f\x59\x2a\xa0\xaa\xaa\xd2\x9b\xd2\xcf\x10\xc2\xc6\x73\
\xe0\x94\x92\x0b\x35\x7e\xdf\x44\xc8\xf5\x52\x07\x52\x96\x0a\xf4\
\x0e\xea\x4f\x5a\xe0\x39\x60\xc6\xc8\xb8\xfe\xb4\xb6\xac\xd4\xe0\
\xb9\xbd\xb2\x04\x40\x18\x59\xef\x04\xcb\x08\xcd\x91\x39\x75\x8a\
\xe1\x4b\xde\x42\x1b\x23\xea\x74\xdd\xd0\xbe\x77\x03\x23\x11\x69\
\xe6\xce\xed\x31\xd7\x31\x37\xfd\x42\x64\x25\xaf\x80\x31\xb4\x75\
\xba\xfb\xa6\x26\xdf\x56\x4b\xfa\x94\xb4\x02\xcd\xcd\x1d\x63\xd2\
\x64\xe0\x3c\x9a\xbe\xda\x0d\x25\x9c\xa5\x48\xc0\x37\x3e\xa1\xaa\
\xd7\xdc\xc6\x8b\x91\x95\xb4\x02\x83\x64\x60\x8d\x1d\x3c\xe5\xe7\
\xc0\x59\x0b\x18\x23\x24\x40\xd2\xfa\xb3\x16\x5f\x8a\x6f\xc9\x02\
\xc0\x16\x09\x5b\xec\x45\x11\x14\x25\xec\x75\x46\xd9\x6b\xa2\x8c\
\x41\x67\x48\x57\x94\x16\x4f\x97\x2c\x80\xfe\x41\x7d\x31\xb6\xcb\
\xc9\x16\x14\x64\x3e\x2d\x05\x7c\x6f\x07\xc8\xe8\xbd\x9c\xb6\xe4\
\xd8\xa1\x26\x42\x77\xc9\x30\xff\x1f\x89\x82\xd6\x00\x4e\x53\xda\
\xb0\x75\xeb\x18\x9f\xae\xd7\x69\x06\x0d\x52\x46\x83\xc8\x64\x1d\
\x61\x66\x90\x4a\xa0\x4d\x52\x87\xf6\x98\x83\x0a\xdc\x39\x8c\x87\
\x92\x77\x76\x75\xb6\xaf\xe6\xfc\x86\xe6\x96\xbd\x00\xbe\x66\x78\
\x8c\xd0\xf3\x94\xb2\x63\x30\x9b\x94\x28\x49\x62\x8b\x4d\x62\x43\
\x4f\xca\x26\x4b\x32\xaa\x24\x49\x15\x49\xde\x42\xc8\x35\x54\xca\
\xcc\xce\x71\xa7\x72\x02\x08\x35\x47\xd7\xa1\x8f\x1f\xc1\x15\x8c\
\x83\x0c\x42\xa1\x0e\x67\x69\x1d\x82\xf0\x76\xf1\x93\x7d\xf7\xef\
\x8a\xab\x27\xb8\xdb\xa6\x88\x3a\x53\x33\xb4\x93\xee\x10\xf2\x4a\
\x0d\x60\xb8\x82\x64\xe1\x0e\xc5\x03\xa3\x49\x4a\xe8\xd7\x89\xce\
\xd8\x1b\xe2\x8c\x9c\x16\xaa\x22\xd5\x1f\x63\xe2\x38\x00\x7e\x0c\
\x59\x9b\x8e\xb6\xb8\xdd\x33\x78\x4a\x8f\x58\xe0\xb9\xb3\x1d\x71\
\xf5\x3b\xb4\xd1\x61\xd1\x71\x01\xb4\x0c\xff\xf5\x48\xe2\x34\x54\
\x77\x01\xf4\xc7\x65\xb0\x39\x26\xe6\x04\xd0\xd9\x19\xfe\xb3\xc6\
\xaf\x2c\x92\x28\xfd\xd0\xa1\x5b\x30\x0b\xcf\xbb\x9d\xca\x58\xd0\
\x39\x32\xa7\x4e\x3e\x1e\x99\xdf\x57\xeb\x57\x16\x72\x6c\x4e\x9d\
\x9c\x16\x12\x15\x42\xe1\x68\x8c\x99\x66\xab\x28\xbb\x41\x6b\x30\
\xfa\x01\x91\xe8\x25\x82\xbe\x95\x28\x4a\x2c\xc9\x49\x66\xb0\xa4\
\x12\x90\x2f\x77\x6d\xd9\xf2\x07\x32\x8e\xc4\xd9\x9f\x90\xaa\xde\
\x2a\x0d\x92\x20\x31\xb5\xa0\x81\xb5\xc3\xd7\x12\x02\xe3\xad\x8a\
\x2a\x93\x55\xd0\xae\xb2\xcf\x00\x47\x69\x7b\xa2\x23\x16\x75\xb3\
\xc7\x75\x6f\x1a\x00\x57\x08\x85\x5b\x57\x33\x93\xed\x01\xe9\xe3\
\xbc\xf5\xc0\xe0\x41\x79\x6c\xcd\xca\xee\xa6\xa6\x01\x4b\x56\xcc\
\x17\x0b\xb5\xba\x37\xad\xef\xc7\xba\x5b\x2a\xce\x87\x7d\x1d\xe8\
\xd6\x25\x3a\xda\xf6\x8a\x72\x27\x3d\x62\x00\x7c\x42\x43\x64\xf3\
\x02\x66\x18\x9f\x22\xa5\x35\xa2\x01\x4c\x3e\xc1\xe4\xea\x25\xbb\
\xe2\x2d\x97\x44\x79\xa1\x74\x24\xd2\x5e\x9f\x32\xfe\x3e\x08\xbb\
\x0f\xd8\xe6\x50\xda\x2f\x4b\xd2\xf2\x9e\xf8\xb6\x2f\x6d\x72\x17\
\xa6\xa0\x00\xf8\xbc\x50\x34\x3a\x95\xfd\xc3\x0e\xd9\xb6\x4a\xc8\
\x91\xa9\xdf\x65\x49\x59\xdc\x1d\x57\x4f\xb9\xd8\xcf\x2b\x6a\x0c\
\xab\xf7\x1a\x4c\xfb\x9c\x9f\x0b\xa2\x12\xb7\x47\x18\x7d\x3c\xb1\
\x3d\xf6\xa3\x28\xcf\x47\xe7\x2c\xe2\x7c\x8a\x89\x58\xec\x27\x5f\
\x40\x79\x08\x0e\x8e\x8b\x3a\xd8\xa1\x26\xe8\xa6\x7e\xb8\x31\xb2\
\x79\xa1\x28\xbf\x19\x8d\x8a\x3e\x6a\x60\x8e\x0b\xf8\x93\x3e\xbf\
\x32\xa7\x50\xf0\xdc\x47\xc1\x15\xb0\x00\x6d\xdc\xb1\x63\xb4\x71\
\xb5\x77\x3f\x16\xdd\x13\x96\x2c\x63\x08\x3d\x2b\x11\x3a\xaf\xa7\
\x33\x76\x4c\x94\x3b\xe9\x86\xe6\xe8\x2c\x2c\xda\xa3\x08\x7c\x94\
\x38\x86\xc4\x1c\xc2\xee\xf7\x14\xd6\xc4\x75\x51\x3e\x12\x5d\x70\
\x05\x2c\x43\x7c\xd1\xce\x9d\x3d\x63\x99\x24\xd1\x57\x2d\x19\xff\
\xf2\xb3\x82\x2a\xec\x8a\x28\x73\xa3\x99\x5c\x95\x74\x82\x47\x1e\
\xf7\xcc\x9d\x3d\x7d\xa9\x57\xf0\xdc\xbe\xe7\x00\xf8\xa4\x15\x2b\
\x56\x18\x4c\x52\xde\xe3\x74\xf6\xa1\x17\xbb\xdb\xda\xce\x64\x79\
\x77\x2a\xd1\xde\x7a\x01\xd9\x3e\x6b\x1b\x95\xe8\xfb\xdc\xa6\x4d\
\x56\x20\x53\x54\x00\xdc\x36\x35\xb5\x87\x45\x1f\xe8\xc5\x6f\x45\
\x9e\xd3\x07\x0e\x1c\x90\xf9\xeb\x94\xe7\xea\x9a\xf3\x9d\x3a\x85\
\xf2\x45\x07\x60\x9a\xd4\xe6\x14\x5b\xa1\x2d\x80\x0d\xe1\xe8\xfc\
\x23\x27\x7e\x38\xce\x5f\x4e\xdb\x00\x31\x62\xbb\x56\xe0\xc8\xb3\
\x25\xc3\xa6\x3b\x02\xe3\xed\x82\x26\x1a\xa3\x6c\x3e\x76\x91\xec\
\x23\x2b\x19\x50\xe1\x70\xbc\x2e\xc5\x06\xba\x88\x69\xae\xc2\xf0\
\xd0\x26\xc1\xd8\x37\xb8\x91\xbe\x1b\xa0\xa3\x37\x75\x74\x44\x2e\
\xe3\xf6\x89\x60\xb3\x93\x41\xcd\xcb\x1a\xf2\x46\x0d\x39\xf0\x36\
\x87\x34\xb5\xb6\xde\xad\x69\xec\x97\xe1\x69\x94\x5e\xc7\x5d\x65\
\x6c\x5f\xda\x78\x0e\x0b\xb4\x1d\xe0\x6a\x87\xc7\x6c\x04\xed\x45\
\xff\xb7\xdc\x33\x69\xfc\x5b\xa7\x7f\x3d\x87\x40\xb2\x07\xa3\x2c\
\xf9\xa6\xf4\x74\xa8\xa7\x6d\xea\x05\x30\x45\xb5\x90\xa1\xdb\xdb\
\x07\x80\xaf\xf4\xa5\xb4\x23\x8c\x99\xd8\x99\xf2\x81\xe7\x68\x58\
\x2d\xd7\x01\xf8\xa3\xa8\x82\x6d\xc7\x32\x98\x51\x54\x1b\x15\x15\
\x00\xb2\x6c\x77\x86\xd3\x14\xd9\x9c\x9d\x93\x30\x4a\x4e\xa1\x89\
\x72\x4e\xe8\x21\x5d\x76\x97\x5d\xbf\xb8\x85\x5c\x5c\x00\xe4\xe6\
\x8b\x0e\x7d\xf9\x97\x24\x91\xc6\x5a\xbf\x6f\x16\x7f\x39\xcd\x65\
\x76\xc0\x0e\x8e\x39\xab\xea\x18\xcf\xc3\x7a\x5e\x03\x8d\xaa\x7a\
\x1b\x7e\xac\xbd\x9c\xc7\x1e\x12\x4e\x3f\xc2\x95\xa3\xb1\x4b\x55\
\x2f\x8a\x3a\x9b\x54\xf5\x0e\x2d\xa5\xf7\xe0\x14\x5e\x29\xca\x45\
\x5a\x09\xf8\xea\xbd\xfe\x8a\xed\x79\x17\x32\x53\xf9\x4a\x4d\x7f\
\x96\x64\xe9\xa5\x9d\xf1\x6d\x5f\x89\xa0\x2c\xfa\x46\x40\x4f\xe3\
\x1e\xf4\xa6\x69\x64\xd6\xca\x14\x6b\xcc\xfa\x1a\xe9\x8c\xed\xcf\
\x2c\xbe\x90\xaf\xe7\x16\xc2\x1f\x20\xb6\xfe\x47\x09\x07\x70\x9e\
\xbf\x32\x65\xf2\x84\x19\xf9\xc0\x8b\x40\xb8\x0e\xd7\xe5\x73\x32\
\x73\xc5\x41\x92\x2f\x39\x36\x25\x1b\xe3\xbd\x02\xc2\xfe\x8f\x76\
\xf9\x04\xed\x12\x42\x76\xcf\xdb\xac\x8e\xc0\xac\x5d\xbb\x56\x83\
\x4a\x17\xda\x6a\x1f\xda\x2a\x81\xb6\x5a\x9e\x99\xc2\x70\xb6\x78\
\x7c\x3c\xad\x01\x5c\xb6\xfc\x7d\x69\xbd\x0f\xdb\xe1\x6f\x38\xa3\
\xd6\x27\x3a\xdb\xbe\xf0\xe8\xcf\x55\x3d\xd4\xdc\xba\x08\x36\x77\
\xe3\x86\x3b\x89\xd6\x8f\xad\x49\x34\x34\xa4\x5c\x15\x5d\x84\x9e\
\x5a\xa8\x4f\x23\xf7\x21\xe2\x6d\xf8\x67\xc5\xb4\x52\x81\xe7\x98\
\xb8\x2d\x6e\x13\x3f\x24\x6c\x25\x57\xfb\xa7\xba\xe0\xac\x88\x2a\
\x19\xa8\x64\xa0\x92\x81\xff\x69\x06\xfe\x05\x86\xf8\x53\x5a\x11\
\x2f\xe6\xce\x00\x00\x00\x00\x49\x45\x4e\x44\xae\x42\x60\x82\
\x00\x00\x01\x0d\
\x89\
\x50\x4e\x47\x0d\x0a\x1a\x0a\x00\x00\x00\x0d\x49\x48\x44\x52\x00\
\x00\x00\x30\x00\x00\x00\x30\x08\x06\x00\x00\x00\x57\x02\xf9\x87\
\x00\x00\x00\xd4\x49\x44\x41\x54\x68\x81\xed\xd4\x3f\x12\xc1\x40\
\x1c\xc5\xf1\xf7\x48\x11\x35\x85\x19\x87\x50\xab\x50\x39\x80\x93\
\x68\xd2\x44\x49\x43\xe1\x14\x4e\xa0\x27\x33\x1a\xad\x43\x28\x53\
\x31\x23\x45\xe2\xa7\xd0\xad\x3f\x4b\x21\x0a\xef\xd3\xee\x37\x9b\
\x79\xcd\x02\x22\x22\x22\x22\x22\x22\x22\xff\x89\xef\x44\xa3\x78\
\xd2\x42\x9e\xcd\x40\xeb\x9b\xd1\x08\x24\x08\xc2\x68\x31\x1d\x1f\
\x7e\xd1\x7f\x34\x60\x14\x4f\x5a\x56\x9c\xf7\x30\xd4\x9d\x2f\x53\
\x56\x6b\x6d\xf7\x27\xdf\xee\x5d\x15\xdf\x00\x2b\xb2\xf9\xdd\xe5\
\x00\x60\xa8\x23\xcf\x66\x65\xf7\x2e\xef\x00\xc2\x7a\xcf\x0f\xad\
\x5f\x76\xef\xf2\x0e\x78\xc5\x8c\xf6\xeb\xde\x3f\xc0\xb8\x79\x76\
\x44\x20\x29\xbd\x77\xf8\x07\x04\x61\x04\x22\x7d\x70\x7b\x8a\x20\
\x8c\x4a\xef\x1d\x55\x5f\xb0\xdb\xae\x8f\x9d\xee\x60\xc9\x4b\xd1\
\x24\xd1\x20\x71\x22\xb8\x62\x50\x1b\x3e\x7a\x21\xbe\xdd\x8b\x88\
\x88\x88\x88\x88\x88\xc8\xcd\x15\xb3\x77\x9c\xf1\xae\x0b\xbd\xcb\
\x00\x00\x00\x00\x49\x45\x4e\x44\xae\x42\x60\x82\
\x00\x00\x01\xbf\
\x89\
\x50\x4e\x47\x0d\x0a\x1a\x0a\x00\x00\x00\x0d\x49\x48\x44\x52\x00\
\x00\x00\x30\x00\x00\x00\x30\x08\x06\x00\x00\x00\x57\x02\xf9\x87\
\x00\x00\x00\x01\x73\x52\x47\x42\x00\xae\xce\x1c\xe9\x00\x00\x01\
\x79\x49\x44\x41\x54\x68\x05\xed\x58\xb1\x4e\x03\x31\x0c\xb5\xa1\
\x03\xcc\x9d\x10\x1f\xd1\x5f\x80\x3f\x82\x05\x86\x32\xd2\xa1\xed\
\x00\x5f\xc1\x6f\xc0\x2f\xf0\x11\xb4\x13\x33\x1d\x5a\x99\xf3\xa9\
\x2f\x17\x45\x3a\xe5\xaa\x23\x4a\x82\x7c\x8b\x4f\x76\xce\x79\x7e\
\x7e\xc9\x49\x26\xb2\xc7\x18\x30\x06\x8c\x81\x9c\x0c\xb0\xbf\xf9\
\xfd\xfc\xf9\x9a\xf6\xbb\x15\xb1\xdc\x8a\xd0\x95\x1f\xcb\xff\xce\
\x9b\x06\xec\x07\x4d\x2e\x1e\x5e\x16\x4f\x5f\xc0\xe3\x0a\x50\xf0\
\x72\xf8\xf9\x24\xa1\x29\x82\x45\x5a\xa6\x6f\x3e\xbf\x9c\xa1\x88\
\x33\x80\x94\xc3\x6e\x5d\x3c\x78\x05\xab\x04\xab\x4a\x8e\x8f\x2b\
\x80\x49\x6e\xe0\x2c\xde\x36\x12\x07\xc6\x09\x5e\x42\xcd\xbf\x2e\
\x17\x4e\x5e\x58\x93\xd3\xde\x3d\xce\x05\xfb\xfb\x58\x5d\x07\x10\
\xac\xcd\x5a\x01\xb9\x3b\x66\x1d\xc8\xdd\x01\x77\x0b\xc5\x80\xf8\
\xb7\x80\xae\xc5\x2d\x15\xfa\x63\x79\x86\xc6\x91\x3f\xb6\xde\x24\
\x14\x63\x28\x75\xbc\xfa\x0e\x0c\x3e\x03\x7d\x9a\xec\xf3\xa7\x66\
\x1e\xf9\xab\xef\x80\x15\x80\x56\xe6\xb2\x83\xcf\x40\x78\xdf\x43\
\xfb\xa1\xff\xaf\x0a\x41\xfe\x58\x3e\x93\x50\x8c\xa1\xd4\xf1\xea\
\x3b\x30\xf8\x0c\xf4\x69\xb2\xcf\x9f\x9a\x79\xe4\xaf\xbe\x03\x56\
\x00\x5a\x99\xcb\x5a\x07\x72\x31\x8f\x7d\xdd\x2d\xc4\x4c\x5b\x7f\
\xde\x92\xea\x0f\x8b\x8d\xc7\x59\xde\xe0\xfb\x4e\x42\xc2\xef\x70\
\x96\x6e\xdb\x21\xef\x11\x64\x57\x40\x33\xf5\xa5\x66\x70\x5a\x3a\
\xf8\x16\xa3\x62\x0d\x0b\xd0\x69\xaf\x4e\x7d\x99\xf8\x4d\xe5\x84\
\x05\xa5\x58\xc5\xd4\x62\xf3\x26\xd3\x8a\x6d\xf4\xfc\x73\xec\x59\
\x19\xfb\x27\xef\x24\x54\x0a\xd5\x27\xe2\xb0\x02\x4e\x24\xcc\x96\
\x1b\x03\xc6\x80\x31\xf0\xcf\x18\xf8\x05\xec\x59\x57\xca\xd9\x81\
\xc5\xad\x00\x00\x00\x00\x49\x45\x4e\x44\xae\x42\x60\x82\
\x00\x00\x02\x5d\
\x89\
\x50\x4e\x47\x0d\x0a\x1a\x0a\x00\x00\x00\x0d\x49\x48\x44\x52\x00\
\x00\x00\x18\x00\x00\x00\x19\x08\x06\x00\x00\x00\x2b\x2b\xee\x5d\
\x00\x00\x00\x09\x70\x48\x59\x73\x00\x00\x05\x89\x00\x00\x05\x89\
\x01\x6d\x68\x9d\xfa\x00\x00\x00\x01\x73\x52\x47\x42\x00\xae\xce\
\x1c\xe9\x00\x00\x00\x04\x67\x41\x4d\x41\x00\x00\xb1\x8f\x0b\xfc\
\x61\x05\x00\x00\x01\xf2\x49\x44\x41\x54\x78\x01\xed\x55\xcb\x4d\
\xc3\x40\x10\x9d\xb1\x63\x3e\xb7\x74\x00\x25\x84\x0e\x70\x05\x90\
\x0a\x12\x2a\x60\x2f\x40\x04\x48\x2c\x12\x0a\x16\x1c\x58\x2a\x20\
\x54\x10\xa8\x00\x3a\x00\x3a\x70\x09\xbe\x45\x8a\x8d\x87\xd9\xb1\
\x13\x25\x24\x8b\x1d\x4e\x1c\x78\x92\x63\x67\x32\x9e\x37\xbb\xfb\
\xe6\x05\xe0\x1f\x15\xc0\xaa\x04\xd5\x3b\xdf\x05\xa2\x0e\x3f\xb6\
\x00\x83\xb6\x04\x29\x7d\xe0\xcf\x18\x28\x7f\x36\x37\xd7\x4f\xbf\
\x22\x50\x3d\xbd\x5d\x16\xda\x9d\x06\xbd\xbc\x0d\xe4\x27\x4c\xf8\
\x32\x93\x1a\x33\x71\x68\x22\x1d\xd7\x26\x50\x47\xa7\x2d\xf0\x3c\
\x2e\x42\x4d\x4e\x49\x38\xeb\x1e\xa0\x31\x98\x14\x91\xdf\x7d\x5e\
\x11\xe1\x05\x7f\xdd\xe6\x2b\x01\x9f\x42\xd3\xef\xbf\x57\x12\x14\
\x9d\x67\x6f\x52\x1c\xe1\x11\x36\x02\x65\xb4\x4e\x96\x36\xa2\x74\
\x13\xd6\x33\xcd\xb9\x87\x42\x82\xc1\xce\xf7\x95\x34\x16\xde\xa2\
\xd4\x2e\x9f\x3b\xa7\x7b\x13\xf5\x15\xfc\x00\x63\x84\x58\xa9\xe3\
\x33\xdb\x4c\xa7\xdc\xd2\x70\x36\xc7\x9b\xeb\xe8\xf8\x7c\xbf\x5c\
\x72\x0c\x9b\x6b\x1a\xea\x62\x1c\x28\xd9\x4a\x3e\x2f\x11\x85\x8b\
\x00\x90\xf6\xca\xfb\xa5\x6b\x5b\xc0\xb5\x12\x39\x27\x0b\x51\x9c\
\x83\xa0\xe8\xde\x46\xdf\x61\x65\x64\x83\xa2\x3e\x1f\xbe\x93\x00\
\x3f\x0f\x00\x71\xa9\x1a\xaa\x60\xa2\x88\xe7\x02\xdb\x5c\xa3\xed\
\x26\x80\x0d\x80\xfc\xb3\x09\xbf\x85\xc7\x4a\xb2\x35\xe6\x42\xb3\
\xa0\x74\x08\xe8\x0d\x45\xaa\x2b\x42\x1d\xe9\x96\x0c\x60\xa1\x24\
\x07\x01\xc2\x47\xf1\x90\x75\x61\x55\xf8\xe3\x56\x59\x23\x76\x13\
\x00\x0e\xe4\x46\x74\xa8\xb4\xae\xbd\x55\x92\x5b\x4c\x35\x97\xc8\
\x9f\x9d\x04\x26\xba\x7a\xe5\x9b\xbd\x9a\x30\x4a\xef\xa0\x2e\x46\
\xe9\xc4\x32\x62\x73\x3d\x6f\x7e\x8b\x93\x6c\x95\x44\x0d\x6b\x15\
\x5d\x75\x72\x96\xc0\x66\xe0\x9c\x09\xe9\x7c\x34\xb6\x8d\x74\x0b\
\xcf\xca\xc2\x85\x72\x4b\x5f\x9c\x33\x3b\xeb\x96\x74\x69\x67\x63\
\x22\x5f\x11\x41\x3e\xee\xb0\x20\xd4\xd4\x10\xf3\x3c\x34\xb7\x35\
\xcc\x6e\x4a\xd2\xeb\xb1\xe9\xf9\x2f\x30\x19\x3e\xc9\xc6\x10\x72\
\xde\x3e\xa4\xe1\x4c\xec\x95\x45\x71\x20\x73\xb0\x04\xd5\x7f\x38\
\xd6\x9f\x3c\x62\x8f\xc2\x2d\x5b\x48\x82\xd4\x60\x39\x13\x77\x8b\
\x8f\xe5\xb9\xfd\xe3\x0f\xe3\x0b\x01\x15\xca\xb4\xab\x68\xcc\xf9\
\x00\x00\x00\x00\x49\x45\x4e\x44\xae\x42\x60\x82\
\x00\x00\x01\x48\
\x89\
\x50\x4e\x47\x0d\x0a\x1a\x0a\x00\x00\x00\x0d\x49\x48\x44\x52\x00\
\x00\x00\x18\x00\x00\x00\x18\x08\x06\x00\x00\x00\xe0\x77\x3d\xf8\
\x00\x00\x00\x01\x73\x52\x47\x42\x00\xae\xce\x1c\xe9\x00\x00\x01\
\x02\x49\x44\x41\x54\x48\x0d\xed\x54\x31\x0e\x82\x40\x10\x24\x14\
\x34\x5a\xd2\xf0\x0f\x5b\x5e\x60\x78\x89\x8f\xa0\x32\xc1\x6f\xf8\
\x06\x1f\x60\x7c\x87\x9d\x09\xc6\x9e\xca\xe6\x9c\x39\x76\x13\x81\
\x03\xce\xe4\x8c\x05\x6e\x32\xee\xde\xec\xec\xde\xde\x71\x31\x8a\
\x16\x61\xc6\x98\x04\xa8\x80\x5a\xc0\x38\x09\x76\x78\x34\x3b\x00\
\x7d\xab\x42\x6e\xc0\xc9\x69\x5b\x01\xe3\x3a\xe4\x06\x6c\x68\xb4\
\xa1\x5d\xbc\xad\x95\x77\xf9\xd8\x45\x86\xe4\xfe\x1b\xcc\xde\xe6\
\x6f\xae\x08\x0f\xa4\x91\x97\x92\xc9\x88\x77\x7a\x70\xf6\x99\xf6\
\xb8\x4c\xb4\x8d\xf0\x1d\x37\x76\x82\xab\xa8\x36\xe2\x8f\xe2\x4f\
\xf0\x04\x4d\x39\xd5\x68\x4d\x9b\x9d\xfa\xc5\x44\xa5\x4c\x75\x81\
\x8f\x01\xe7\x5f\x85\xe4\xa8\xa1\x95\x53\x3d\x3b\x39\x88\xd7\xc0\
\x8d\x55\xb0\x3d\x30\x38\x29\x39\xc9\xc1\x59\xed\xaa\xd3\x64\x6e\
\x81\xa2\x02\x78\xb2\x1a\xc6\x29\xb9\xe6\x7d\x13\x8c\x75\x72\x6a\
\x8a\xb9\x7e\xce\x3c\x0a\x73\xe0\x01\x8c\x19\x73\xb9\xb3\xd8\x97\
\x44\x83\x14\xd8\x01\x67\x40\x8d\x31\xb9\xd4\xb7\x8f\x97\x4e\xbb\
\x7b\x89\x45\x34\xf8\x78\x9f\x14\xfb\x68\xbf\xbe\x81\xcf\x10\x0b\
\xd7\xbc\x00\x35\xd7\x3e\xaa\x1d\x2e\x62\x6e\x00\x00\x00\x00\x49\
\x45\x4e\x44\xae\x42\x60\x82\
\x00\x00\x03\xdf\
\x89\
\x50\x4e\x47\x0d\x0a\x1a\x0a\x00\x00\x00\x0d\x49\x48\x44\x52\x00\
\x00\x00\x30\x00\x00\x00\x30\x08\x06\x00\x00\x00\x57\x02\xf9\x87\
\x00\x00\x00\x01\x73\x52\x47\x42\x00\xae\xce\x1c\xe9\x00\x00\x03\
\x99\x49\x44\x41\x54\x68\x05\xed\x99\xcd\x4b\x94\x51\x14\xc6\x9d\
\x42\x42\x91\x84\x96\x85\x2d\x0c\x2c\x04\x5b\xb8\xc8\x4d\x82\x09\
\x69\x99\xd1\xca\xcd\x40\x7f\x43\x2d\x6c\x23\x14\xb8\x72\xd1\x2a\
\x88\x40\x08\xa4\x5d\xb8\x90\x12\x6a\x97\x1b\xc1\x24\xa3\x4d\x8b\
\xb2\x8f\x55\x64\x10\x06\x91\xab\xa2\x9c\x7e\x87\xe6\x95\xeb\x33\
\x77\x7c\x3f\xe6\xbe\x33\x81\x73\xe0\xe1\x3d\xe7\xdc\x73\x9e\x73\
\xee\xf5\xde\xf7\x63\x6c\x69\x69\x4a\x73\x05\xf6\xf7\x0a\x14\x42\
\x4e\xbf\x54\x2a\xf5\xc3\x77\x05\x0c\x82\x63\xe0\x28\x30\xd9\x00\
\x9f\xc1\x32\x78\x5c\x28\x14\x5e\x71\xfd\x7f\x84\xc6\x27\xc0\x3a\
\x48\x2a\x16\x3b\xd1\xf0\x19\xd0\x44\x37\x58\x4d\xda\xb5\x27\xce\
\x72\xbb\x1b\x32\x11\x0a\x0f\x81\x4d\x4f\x53\x69\x5d\xc6\x31\x54\
\xd7\x49\x50\xf0\x1c\xf8\xe5\xe9\xd4\x7c\xf3\xa0\x08\x7a\x40\x47\
\x19\xa6\x9b\xcf\xc6\xaa\xe5\xd5\x67\x12\x34\x60\xdb\xc6\xb7\xf2\
\x0b\xf8\x4f\xc4\xad\xa4\xc5\x00\x8b\x55\x31\xce\xfc\xb7\x13\x45\
\x74\xcf\xff\xc1\x77\x23\xae\x71\x1d\xb7\x1c\x60\xb9\xae\xac\x6a\
\x5c\x50\x9b\x4a\x76\xb7\x51\x49\xdd\x7c\xd4\x14\x44\x36\x09\x95\
\xfc\xee\x4e\x54\xd2\x5b\xe5\x42\xd4\x4c\xd6\x2b\x9c\xba\x9d\xd6\
\xb3\x72\xed\x99\x47\xa1\x7e\x59\x2a\x3b\x8c\xde\x3d\x8f\x7f\x10\
\x2c\x82\x8d\x32\x4c\xb7\x87\x5b\x85\xe0\xb7\x33\xa1\x07\xdb\x1e\
\x88\x61\x85\x22\xd3\xc0\x95\x79\x5f\x05\x02\xa6\xc0\xb6\x1b\x58\
\xd6\x6d\xbf\x4f\x55\xc9\xb1\xbb\x93\x2b\xd3\xbe\xb8\x9a\x7c\xb0\
\x2f\xb9\x15\xd0\x8b\x4a\x88\xcf\x56\x5e\x0f\xa6\x9b\x66\x63\x15\
\x7f\x09\x7c\x45\x37\x08\x7d\x49\xb9\x6b\xb6\x21\xd5\xfd\xdf\xa3\
\xa4\xc4\xd8\x56\x89\x93\x45\x4f\x9e\x3d\x27\x5c\x09\x7f\x0e\x60\
\xdf\x72\x2b\xa0\x77\x78\x1a\xb1\x3d\x1f\x27\xf6\x62\xb7\x4b\x48\
\xb0\x07\x9e\x2b\x5b\xbb\x02\xf6\x30\x0e\xec\x31\xa6\x43\x07\xc5\
\x91\x26\x57\x52\x2b\x4c\xe5\xd2\x5a\x15\x09\x91\x43\x13\x23\xbf\
\xef\xba\x29\xce\x2e\xb1\xcd\x7c\xe9\xf1\xa9\xcb\x17\xa3\x5c\x5a\
\x4b\x39\x76\xec\x34\x13\xf8\xb0\x93\xf5\x4f\xe9\x15\xdb\xcc\xdb\
\x60\xdb\xe3\x8f\x5c\x36\x66\x31\x2a\xa7\xc4\xf1\x5e\xec\xaa\x66\
\x9a\x09\xbc\x10\x96\x0b\x62\xb7\xf0\xa1\xb2\x8c\xef\x16\xf0\x4d\
\xc2\x7c\x37\xcb\x31\x9a\x3a\x2a\x8e\x35\xb1\x6b\x37\x39\x61\xa3\
\xee\x29\x43\xff\x02\xbc\x0b\x80\xdf\x6e\xa7\x49\x1f\x64\x05\x62\
\x3f\x01\x57\x74\x42\x41\x26\xd0\x4a\x85\xef\x6e\x15\xf4\x4b\xb5\
\x32\xc3\x71\x5e\x38\xad\x46\x6b\xad\xbc\xde\x7c\x88\xe7\xa4\xd8\
\x53\x6f\x60\x0a\x27\x7c\x8f\x84\x73\x2e\x45\x7a\xba\x50\x0a\x0d\
\x48\x31\x7b\x65\xd0\x03\x98\x98\x94\x5c\xfb\xb6\xf8\x2d\x9c\x03\
\x89\x09\xb2\x04\x52\x6c\x4d\x0a\x3e\xcc\xc2\x63\x39\xf0\x3c\x10\
\xae\xf0\x87\x57\x9b\xa3\xe0\x98\x14\xb5\xbf\xc2\x69\x8d\x8b\xb3\
\xc9\x39\x09\x74\xf5\xc7\xe2\xf2\x82\x8c\x53\x78\x05\xb8\xf2\x2c\
\x2d\x31\xc9\x4f\x5c\x02\xf4\x95\xb4\x1c\x99\xe3\x29\x36\x2c\xc5\
\xcd\xbc\x9a\x94\x90\x58\xdf\x97\xdd\x70\xd2\xfc\x20\x71\x34\xa1\
\xaf\xd7\x5f\xf1\x1d\x89\x23\x27\xe6\x30\xd0\x97\xbe\xa5\xb8\xbc\
\xe0\xe3\x34\xd1\x07\xf4\x4b\xea\x7e\x5c\x21\x72\xee\x02\x57\x8c\
\xa3\x2f\x2e\x2f\x97\x71\x0a\xcf\xb8\x9d\xa0\xdb\x81\x3e\x5b\xad\
\x18\x63\x67\x80\x7e\xf0\xcc\x54\x8b\xcf\xdd\x4f\x33\x6d\xe0\x23\
\x70\xe5\x0d\x46\x9b\x16\xc7\x77\x08\xbc\x76\x03\xd1\x2d\xb7\x22\
\x56\x73\x73\xb5\x69\x60\x44\x9a\x32\xf3\x9e\x16\xc5\x77\xc7\x13\
\x37\xa2\x71\x0d\xb1\x69\x6c\xd6\xd3\xdc\xe5\xa8\x19\xc6\x2e\x02\
\xdb\x5e\xae\xcc\x46\xe3\x0d\xbf\xd2\x55\x3b\x78\xeb\x76\x87\xfe\
\x0d\x1c\x07\x5d\x40\x7f\x8a\xb4\xd8\xf6\x86\x37\xee\x36\x40\x43\
\xfd\xe0\x27\x70\xc5\x7e\x86\x7c\xee\x3a\xd0\x2d\x26\xfc\xef\x3e\
\x6e\x33\x59\x75\x1a\x9b\x94\x66\x7d\xe6\x64\x56\xfe\xdc\xf3\xe8\
\xd6\x3e\x4e\xf4\xf5\xd8\x9d\x84\x8d\x05\xfd\xb7\x56\xf0\x49\xd1\
\x60\x27\x78\xe7\x76\x5d\xd6\xcd\xd7\x19\xbc\x60\x1e\x84\x34\xda\
\x0b\x7e\x94\x1b\xb7\x8b\xe9\xbe\x1f\x01\xf2\x28\x1f\x86\x93\x86\
\xc7\x81\x3d\x75\x0d\xe3\x61\x58\xeb\xcc\x42\xe3\xd7\xc1\xb5\x3a\
\x97\x6d\x96\x6b\xae\xc0\xbe\x5a\x81\xbf\x2f\x64\xd3\xc4\x42\xbd\
\xeb\xd3\x00\x00\x00\x00\x49\x45\x4e\x44\xae\x42\x60\x82\
\x00\x00\x00\xec\
\x89\
\x50\x4e\x47\x0d\x0a\x1a\x0a\x00\x00\x00\x0d\x49\x48\x44\x52\x00\
\x00\x00\x18\x00\x00\x00\x18\x08\x06\x00\x00\x00\xe0\x77\x3d\xf8\
\x00\x00\x00\x01\x73\x52\x47\x42\x00\xae\xce\x1c\xe9\x00\x00\x00\
\xa6\x49\x44\x41\x54\x48\x0d\xed\x94\xdb\x0d\x80\x20\x0c\x45\xc1\
\x38\x86\x03\x39\x89\xae\xe1\xa8\x46\x9d\x43\x6c\x3f\x9a\x90\x86\
\x0a\x2d\x1f\xa8\xb1\x09\xe1\xd5\x7b\x0f\x6d\xa2\xce\x7d\x2e\x42\
\x08\x23\x8c\x0d\x46\x2e\x16\x53\xf1\xe0\xba\xe6\x9c\xa3\x7b\x3d\
\x04\xc4\x27\x1a\xdc\xbd\x2e\x02\xe0\x52\x07\x01\x81\x16\xa0\x83\
\x18\x01\xe5\x90\x0a\x40\x12\xe2\x79\xaf\x11\x00\x67\x1e\x83\xdf\
\xd1\x1e\x9d\x68\xcd\x67\xae\xeb\x79\x42\xc9\x9e\x9b\xa0\x46\x82\
\x76\x25\x86\x35\x39\x4d\x00\x62\xef\x2d\x95\x34\xa9\xc0\xf2\x50\
\x51\xf3\x57\x20\xb6\x86\x2e\xde\xdf\xa2\xd4\xaf\xe2\x80\xf2\x06\
\xe9\xd3\xa7\xd2\x85\x79\xe7\xe7\xa9\x16\x4d\x90\x84\x10\x6d\xa0\
\xf9\xac\x15\x3d\x3f\xff\x02\xc6\x44\xe3\xcf\x21\xc8\x22\xda\x00\
\x00\x00\x00\x49\x45\x4e\x44\xae\x42\x60\x82\
\x00\x00\x03\xff\
\x89\
\x50\x4e\x47\x0d\x0a\x1a\x0a\x00\x00\x00\x0d\x49\x48\x44\x52\x00\
\x00\x00\x30\x00\x00\x00\x30\x08\x06\x00\x00\x00\x57\x02\xf9\x87\
\x00\x00\x00\x01\x73\x52\x47\x42\x00\xae\xce\x1c\xe9\x00\x00\x03\
\xb9\x49\x44\x41\x54\x68\x05\xed\x57\x4b\x48\x54\x51\x18\x3e\xff\
\x9d\xeb\x23\xc1\x07\x11\x22\x65\xed\xa2\x90\x20\xa9\x68\x55\x52\
\x62\xa1\xbb\x5a\xd8\xa2\xc0\x4d\xab\x28\xa2\xf1\x35\xea\xb8\x38\
\x0b\x27\x35\x75\xdc\xf4\xd8\xd4\x42\x22\x8a\x5a\xd4\xae\x17\xc4\
\x60\xad\x82\xc2\x20\xa4\x68\x57\x06\x22\x21\xa9\x90\x8f\xee\xdc\
\xd3\xff\x8f\x4e\x9d\xb9\x1d\x67\xce\xcc\xbd\x89\xe1\xbd\x20\xf3\
\x9f\xff\xf9\x7d\xff\x3d\xf7\x9c\x5f\xc6\xfc\xc7\xef\x80\xdf\x01\
\xbf\x03\x7e\x07\x36\x72\x07\xc0\x6b\xf2\xad\x5d\x7c\x8f\x15\xff\
\x79\x16\x80\x1d\x17\x0c\x76\x50\x7e\x60\xe2\xb3\x10\xec\x99\x19\
\xc8\xbb\x35\x78\x99\xbf\xf7\xb2\xa6\x67\x04\x38\xe7\xf9\xb3\x8b\
\x56\x14\x81\x9e\x13\x42\x18\x2a\x90\x00\x60\x23\xb1\x1b\x25\x05\
\x66\x33\xfa\x2f\xa9\x7c\xb2\xd5\x79\x42\x80\xc0\xcf\x2c\x58\x8f\
\x11\x78\xad\x0e\x00\x24\xf2\xa2\xb4\xd0\x6c\xf0\x82\x84\xb2\x53\
\x3a\x20\x64\x9f\xe5\xce\xeb\x81\xa7\x38\x22\x4a\x31\x72\x8e\x5c\
\x65\xd7\x04\x68\xcf\xd3\xb6\x49\x05\x00\x13\x01\x60\xa7\x59\xa0\
\x68\x2b\xfd\x25\x64\x06\x13\xb2\x0f\xc5\x50\xac\xac\xcb\x45\x36\
\x73\x09\x92\x63\xe8\x83\xc5\xb5\xd4\x08\x98\x80\x4d\xe6\xde\x21\
\xce\xa7\x25\xbf\xbb\x41\xce\x9f\x8a\x79\xeb\x1d\xf6\xbf\x92\xf4\
\xf4\x9d\xac\xc4\x06\x25\xbf\xac\x45\xa9\x70\xd6\xb1\x89\x00\x3a\
\x6d\xe4\xc8\x00\x88\xf6\xe1\x54\xf0\x09\x33\xe9\xc8\x26\xfb\x3a\
\x63\x65\x9b\xae\xec\x9a\x40\xf2\xa8\x4c\x16\x8c\x1b\x45\xb1\xa4\
\xec\xfc\x75\xda\x9c\xb1\x4e\x7f\x9d\xb5\x6b\x02\x3a\x45\xfe\xa5\
\x8f\x6b\x02\x74\x49\xc9\x00\x03\xf6\x8f\x23\xf2\x5a\x96\x9d\x36\
\x67\xac\xec\xab\x2b\xbb\x26\x40\x37\xac\x5c\x2c\x2e\xe0\x0a\x7e\
\xb0\x9b\x65\x1d\xc9\xa4\x23\x9b\xac\x77\xc6\xca\x36\x5d\xd9\xf5\
\x29\x44\xe3\x41\xdc\xb6\x2e\xfe\xb9\x7d\x45\x25\x9d\x36\x2d\x1d\
\xe1\xf6\xe4\x9e\xa7\xce\xc7\xe7\x2d\x04\xbf\x7c\x02\x11\x38\xba\
\x95\x59\x1e\xdc\xd4\x05\xba\x9a\x9f\x27\x37\x71\x73\x67\xf7\x55\
\xdb\x16\xe7\x57\x2b\xa2\xd2\x1b\x06\x5c\x8b\xf6\xf6\x5c\x50\xd9\
\xb2\xd1\xb9\xde\x42\x54\x8c\x66\x1b\x1a\x0f\x74\x0b\x93\x2f\xc5\
\xe8\xfa\xa7\xf3\x0b\xa4\x33\xea\xda\x62\xb1\x58\xbc\xbe\xae\xf6\
\xde\x92\x2d\x70\xef\xc3\x01\x8c\x53\xbe\x59\xda\x36\xd8\xf9\xeb\
\x38\x07\x35\x79\x31\x07\x11\x3e\x65\x21\x5d\xe0\x2a\xbf\xb5\x1e\
\xa7\x55\x18\x7c\xdd\x5a\x76\xc0\x93\x2d\xd4\xca\x79\xb9\x58\xb4\
\x0e\xd9\x82\x1d\xc4\xb3\x7d\x17\x26\xdd\x29\x40\x94\x33\xc1\x4a\
\x12\x64\x80\xcd\x82\x80\x29\xc1\xd8\x27\x9c\x7f\x3e\x1a\xc0\x5e\
\x43\x81\xf9\x6a\x90\xf3\x29\xb7\x64\x73\x26\xd0\xd2\xc9\xab\x84\
\xb0\x4e\x09\x26\x1a\x11\x74\x55\x2e\x40\x90\xcc\x38\x30\x78\x00\
\x60\xde\x1f\xea\xe5\xe3\x39\xe5\xc8\x36\x28\xd8\xd1\x8d\xff\xeb\
\xb2\x30\xce\xc3\x35\xd9\xc6\xa6\xf5\x07\x18\xc5\x6e\x46\x86\xfb\
\x7a\x52\x6e\xf6\xb4\x31\x68\xd4\x7e\x03\xc1\x70\xcf\x36\x66\xcd\
\xdf\x46\xf0\x47\x33\x25\x75\x63\x4f\xdc\x27\x81\xc2\xa6\xe1\x48\
\xf7\x57\x9d\x3c\x5a\x04\x5a\x42\xe1\x1a\x9b\xc1\x43\xdc\x2e\x7f\
\xcd\x38\x54\x04\x8b\x5a\x48\xec\x8d\x21\xe0\xa5\x0d\xf6\x58\x80\
\x19\x1f\x0a\x8c\xc2\x89\x8a\x8a\xe2\xef\x64\x9f\x9c\x9c\x2b\x5b\
\xb4\x17\x2a\xe3\xcc\xde\x6d\x08\xa3\xda\x06\x71\x18\x0b\xef\xc7\
\xf1\x43\x39\xca\xe0\xb6\x9a\x36\x98\x38\x39\xd4\x1f\x19\xa5\xf8\
\x74\x4f\x46\x02\xcd\xe1\xf0\x76\x61\xc1\x5b\x04\xbf\x45\x91\xe8\
\x39\x18\xec\x4e\xbe\x5d\xfc\xa8\xbf\xbf\x63\x46\x61\x5f\x55\x15\
\x0a\xf5\x95\x2e\x19\x73\x27\x84\xcd\xce\xa0\xd3\x31\xa7\x23\x92\
\xf8\x06\xa6\xd8\x17\x8d\x44\xbe\x38\x6d\xf2\x5a\xd9\x01\xd9\x01\
\xc1\x47\x9d\xe0\xb1\xe3\x4f\x4c\xc3\xec\x1c\xb8\xcc\xc7\x64\xdf\
\x6c\xe4\x15\xc2\x23\x18\x33\xd2\xd6\xc5\xab\x2d\xdb\xea\xc5\x37\
\x52\x9f\xcc\x91\xa8\x89\xb5\x71\xdd\x98\xd4\xa9\x7e\x33\x12\xc0\
\x09\x32\xa5\x3b\x08\xbe\x1d\x3f\xb4\x01\x55\xb2\x5c\x75\x2b\x8d\
\x68\xc0\x03\xa2\x0d\x49\xfc\x1e\xb9\x71\x5b\xd6\x65\xca\x99\x71\
\x98\xc3\x24\xa5\x72\x12\xaf\xc1\xa7\xcf\x2d\xca\x64\xbb\x4a\xce\
\x48\x40\x15\xb4\x9e\x74\x1a\x5b\x28\x15\xee\xa5\x50\x18\x5f\xca\
\xfa\x79\xfe\xfb\x37\xe0\x13\x58\x3f\x9b\xc9\x47\xe2\x77\xc0\xef\
\x80\xdf\x01\xbf\x03\x1b\xb1\x03\xbf\x00\x9d\x87\x56\x54\x2a\x34\
\x43\x3a\x00\x00\x00\x00\x49\x45\x4e\x44\xae\x42\x60\x82\
\x00\x00\x01\xd0\
\x89\
\x50\x4e\x47\x0d\x0a\x1a\x0a\x00\x00\x00\x0d\x49\x48\x44\x52\x00\
\x00\x00\x30\x00\x00\x00\x30\x08\x06\x00\x00\x00\x57\x02\xf9\x87\
\x00\x00\x00\x01\x73\x52\x47\x42\x00\xae\xce\x1c\xe9\x00\x00\x01\
\x8a\x49\x44\x41\x54\x68\x05\xed\x97\x41\x4a\x03\x31\x14\x86\xdb\
\x22\xba\xee\xa2\xa0\x08\x7a\x80\xaa\x67\x70\xe3\x11\x0a\x2e\x0a\
\x6e\xbc\x8f\xa2\xd2\x7a\x19\x41\xef\xa0\xae\xdc\xd8\x45\xdd\x5b\
\x97\xea\xf8\x05\x5c\x0c\xaf\x33\x6f\x32\xe9\x34\x13\xe5\x05\x7e\
\x68\xf2\x5e\x92\xff\xff\x93\x4c\xd2\x4e\xc7\x8a\x39\x60\x0e\x98\
\x03\x6d\x3a\xd0\x5d\xf7\xe4\x59\x96\x7d\x33\x87\xf7\x3c\x5d\x4a\
\x1d\x4e\xbd\x3a\xc9\x29\xe6\x9a\x80\xb6\x57\xc5\x56\xc0\x63\x05\
\x32\x8f\x9c\xe0\x14\x5b\x81\x60\xeb\x1a\xea\xb8\xd1\xd0\x38\xde\
\xc3\xd4\xfd\xce\x57\x0d\x6c\x5b\xa8\xca\x21\xe2\x76\x88\x35\x93\
\x6c\x0b\x69\xee\xc4\x88\xd9\x0a\x78\xb8\x6c\x87\x58\x33\xc9\xb6\
\x90\xe6\x4e\x8c\xd8\x9f\x5f\x81\x95\xdf\x42\xfc\xe7\x1d\xe2\xf4\
\x39\x38\x01\x7b\xe0\x13\xbc\x80\x07\x30\x01\x69\x16\x88\x6f\x82\
\x6b\xf0\x05\xca\xca\x52\x2c\x09\x35\xb0\x75\xe4\xef\xca\x58\x6b\
\xed\xa9\x08\xb8\xd1\x48\x6a\xb1\xd6\x05\x40\x6e\x08\xe4\xd6\x98\
\xd3\x36\x06\xbb\x60\x07\x9c\x82\x19\x58\x2a\x29\x08\xb8\x10\xac\
\xde\xa8\x0f\x24\x31\xda\xfa\xe0\x55\xe4\xae\xf5\x56\x96\x1c\x0a\
\xeb\x10\x7a\x12\xa4\xce\x0a\x13\x69\x24\x6f\x24\x72\x93\x10\xb0\
\x10\xa4\xf6\x15\x01\x03\x91\xdb\xb8\x80\xd8\x17\xd9\x47\x99\xd8\
\xd0\xf6\x10\x01\x33\x31\xd9\xb1\xa8\xe7\xab\x32\x26\xfb\xe6\x73\
\xe3\xfc\x66\x4b\xac\x72\x88\x2f\xe3\xb0\x54\x66\x41\xc0\x01\xd0\
\x3e\xa3\xdb\xc4\x8b\x3e\xa3\xae\xcf\xa1\x32\x74\xbc\x10\x44\x42\
\x2e\xb2\x69\x3c\x86\x15\x33\x21\xa0\xee\x53\xe2\x9e\x3e\x5b\x15\
\xc3\xc6\x0d\xff\x8a\xf0\x79\xcc\xdd\x26\x47\x3e\x6f\x15\xe4\xdc\
\xd3\xc2\x1d\xec\x47\xf0\x0e\xdc\x3d\xf1\x0c\xae\xc0\x51\x3e\xd7\
\x7e\x9b\x03\xe6\x80\x39\xf0\xff\x1c\xf8\x01\xfa\x55\x91\x33\xf1\
\x10\xd3\xc2\x00\x00\x00\x00\x49\x45\x4e\x44\xae\x42\x60\x82\
\x00\x00\x01\x13\
\x89\
\x50\x4e\x47\x0d\x0a\x1a\x0a\x00\x00\x00\x0d\x49\x48\x44\x52\x00\
\x00\x00\x18\x00\x00\x00\x18\x08\x06\x00\x00\x00\xe0\x77\x3d\xf8\
\x00\x00\x00\x01\x73\x52\x47\x42\x00\xae\xce\x1c\xe9\x00\x00\x00\
\xcd\x49\x44\x41\x54\x48\x0d\xed\x93\x41\x0a\xc2\x30\x10\x45\x5b\
\xf1\x14\xc5\xe2\xb9\xc5\x7d\x05\xf7\x82\x4b\x3d\x8c\xba\xb2\x57\
\xa8\x6f\xca\x04\x4a\x3b\xc9\x94\x50\x41\xa8\x03\x9f\x34\x3f\x99\
\xff\xd3\xcc\xa4\x28\xfe\xe1\xdc\x40\xe9\xac\x4f\x96\x3b\x62\x42\
\x42\x94\x84\xc5\x6f\x2c\x72\x49\x2e\xc7\xc0\xfc\x83\xd8\xa1\x72\
\x0c\x62\x5a\x26\xbf\x35\xd9\x19\x64\xec\xce\xc7\xa9\x5f\xff\x83\
\x75\x1a\xfc\x56\x17\x25\x6b\xc0\xa3\xdd\x81\x06\x3c\x40\x0b\xce\
\x74\x89\xf9\x62\xc7\xdd\xe3\xce\x11\x13\xf1\x37\x30\xc3\x15\xf0\
\x36\xa0\x2a\x27\x97\xb8\x82\x1a\x88\xe1\x05\xf4\xe1\xe5\xbb\xeb\
\xa8\x3c\x55\x6b\x1f\x36\x33\xaf\x94\x9b\x5d\xe8\x64\x0d\x82\xb0\
\x31\xbe\x0c\xce\xa4\x52\x06\x37\xcd\x38\x70\xea\xfe\x8a\x98\x1f\
\x95\xbb\xeb\x98\x3f\x20\x1a\x2b\xb2\x74\x53\x9d\xaf\x3c\xc8\x54\
\x93\xd0\xa6\x52\x93\xd3\x62\xe2\x03\x9f\x95\x7f\x7e\x00\x00\xa5\
\xa7\x7b\x87\xb3\x49\x03\x00\x00\x00\x00\x49\x45\x4e\x44\xae\x42\
\x60\x82\
\x00\x00\x03\x16\
\x89\
\x50\x4e\x47\x0d\x0a\x1a\x0a\x00\x00\x00\x0d\x49\x48\x44\x52\x00\
\x00\x00\x30\x00\x00\x00\x30\x08\x06\x00\x00\x00\x57\x02\xf9\x87\
\x00\x00\x00\x01\x73\x52\x47\x42\x00\xae\xce\x1c\xe9\x00\x00\x02\
\xd0\x49\x44\x41\x54\x68\x05\xed\x98\x3f\x68\x54\x41\x10\xc6\x73\
\x51\xfc\x43\x54\x0c\x36\x6a\x42\x8a\x94\x36\x8a\x85\xa5\x68\x23\
\x58\x09\x76\x62\x61\xa1\x58\xd8\x09\x36\x36\x8a\x85\x58\x08\x96\
\xa2\x95\x88\x04\x0b\xc1\x4a\x62\x25\xa8\x85\x9d\x10\x0b\x41\x44\
\xc4\x90\x18\x08\x4a\x82\x28\x6a\xa1\xc6\xdf\x86\x3b\x98\x9b\xdb\
\xdd\xb7\xff\xde\x79\x91\xb7\x30\xdc\xce\xec\xcc\xf7\x7d\xb3\xef\
\xbd\xbd\x77\x37\x34\xd4\x8c\x66\x07\x9a\x1d\x58\xdd\x81\x15\xf7\
\x78\xb1\x26\xb6\xc8\xad\x7f\x75\xe5\xe0\xc0\x37\x51\xd1\xc0\xe3\
\xb5\xde\x80\xe9\x6f\xdf\xc0\x37\x21\x05\x22\xf8\x79\xc5\x55\xe9\
\xd7\xf2\x7b\x88\x8e\x4a\x6d\x72\xde\x92\x8e\x9c\xb7\x8b\xa6\x65\
\xec\x1f\xce\xe7\x5a\xad\xd6\x84\x8d\x7f\xd8\x16\x34\x31\x0a\xcc\
\x7d\x3f\xe3\x5a\xef\x73\xfc\xb7\x8b\xcf\xd9\x40\xbb\xe0\x9a\xab\
\xb0\xcf\xf1\x9b\x49\x7c\xdc\x46\xc3\xd8\x5b\x4c\x8e\x1b\x49\x60\
\x81\x45\x10\xdd\x97\x64\xcc\x3f\x60\x9b\x02\xcb\x7b\xd3\x28\x3e\
\xad\x00\xbf\xe1\xef\xe8\xcd\xcc\x8f\x80\x7b\x00\xfb\xa3\xf8\x4e\
\x66\x21\x03\xb6\x01\x9b\x57\xa0\x57\xb2\x40\x1d\xc5\x70\xe8\x93\
\xef\x25\x31\xe7\x41\xe3\x80\xe9\x0d\x03\x72\x5e\x35\xb0\x84\xbf\
\xa5\x37\x33\x3d\x02\xde\x31\xc5\x61\xdc\xc3\xe9\x88\xa2\x12\xa0\
\x11\xec\xb3\x41\x14\xe3\x82\x48\xc9\x9a\x82\xb9\x1e\x7b\x23\xb0\
\xcd\xf4\x51\x16\xa8\x2e\x06\xf0\x92\x22\x58\xc0\xdf\xa8\xf3\x52\
\x7c\x70\xce\x29\xec\x5f\xf8\x7b\x52\xb0\x9c\x35\x00\x8e\x62\x5f\
\x15\xd1\x59\x67\x41\xe0\x02\x78\x5b\xb1\x45\x85\x7b\x3b\xb0\x3c\
\x2e\x0d\x92\xeb\x8a\xe8\x1d\xfe\xba\x38\x94\xee\x6c\xea\xaf\x2a\
\x4c\x73\xca\xed\xec\xce\x2a\xe4\x01\xbc\x0b\xfb\xa9\x08\x4f\xa4\
\xc2\x83\x33\x8e\x7d\x57\x78\x97\x53\xf1\x82\xea\x20\xbb\xa5\x08\
\x5f\x05\x15\x5a\x92\xc0\xb9\xa3\xb0\xcc\x73\x35\x62\x49\x2d\x17\
\x82\x60\x12\x33\x0f\x59\x1d\xe3\x4c\xac\xd2\xe8\x2f\x09\x54\x6f\
\x83\x64\x16\xdb\x1e\x4b\x56\x91\xff\x9a\xf5\xbd\xbc\x44\x3a\x5f\
\xdc\x6c\xf5\x55\x2f\x73\xb6\x9a\x8b\x04\x4b\x8b\x5f\x04\xf3\x78\
\xac\x78\x9b\x38\x6f\x8c\xdd\x9f\xc0\x7e\x14\xbc\x77\xbe\x80\x35\
\x8d\x95\x3d\xf3\x5d\x5d\x40\x74\x4f\x89\x9f\xc3\xdf\xec\xca\x1f\
\xa8\x38\x42\xf7\x63\xfa\x4d\xf1\xd4\x40\x89\xf4\x89\x41\xfc\x03\
\x4c\x8e\x19\x9c\x94\x67\xc8\x47\x53\xdf\x1a\x62\x97\xa5\x7a\xe6\
\x47\xea\x63\x0b\x47\x0e\x3e\x46\x11\xbc\x04\xec\x68\x38\x74\x5e\
\x26\x27\x52\x90\xb6\x98\x5b\xe0\x49\x9e\xa4\x7a\xaa\x83\xba\x34\
\xd4\x5c\x81\x71\x3e\x9e\x61\x93\xc6\xaf\x7b\x14\xbf\x02\x00\xce\
\x23\xfa\x10\xf6\x10\x5b\xc6\x9a\xd1\xec\x40\xec\x0e\xf0\x1c\xec\
\xc6\xa6\xb0\x8f\x6d\x33\xf3\xb1\x58\x9c\x4e\x3e\xb5\x45\xf1\x3a\
\xb8\xd6\x4f\xc8\xcc\x8f\x99\x4f\x98\x1e\xe6\xc7\x7e\x74\x13\xd4\
\x14\xc5\xb3\x8a\x96\x41\x08\xef\x6a\xe5\xc2\x9f\x92\xb9\x21\xf3\
\xd2\x78\x95\x9c\x10\xce\x0a\xc1\x7a\xba\x50\x09\xa0\x12\x4a\xe1\
\xc5\x7c\x91\x29\x09\x5d\xee\x4a\x97\x97\xef\x04\xe3\xc5\x34\xf0\
\xd4\xa3\xcb\xb7\xe6\x2a\xf3\xd5\xf8\xd6\x5c\x78\xfe\x38\x97\xbc\
\xe8\x43\x57\x1a\xcf\xaf\xbe\xbd\x0a\xe9\x18\xd6\x39\x46\xcd\x3f\
\x08\xb9\xc7\x68\x51\xbc\xa0\x26\x9a\xa4\x66\x07\xfe\xb3\x1d\xf8\
\x0b\x37\x1c\x43\xa5\x10\x7b\x94\xe8\x00\x00\x00\x00\x49\x45\x4e\
\x44\xae\x42\x60\x82\
\x00\x00\x03\x2f\
\x89\
\x50\x4e\x47\x0d\x0a\x1a\x0a\x00\x00\x00\x0d\x49\x48\x44\x52\x00\
\x00\x00\x30\x00\x00\x00\x30\x08\x06\x00\x00\x00\x57\x02\xf9\x87\
\x00\x00\x00\x01\x73\x52\x47\x42\x00\xae\xce\x1c\xe9\x00\x00\x02\
\xe9\x49\x44\x41\x54\x68\x05\xed\x98\xbd\x6b\x15\x41\x14\xc5\xf3\
\x14\x15\x0c\x82\x01\x35\x5a\xc6\x04\x14\x41\x2c\x44\x08\x41\xb0\
\x51\x30\xb5\x1a\x41\xec\x2d\x82\x85\x4d\xc0\x74\xda\x59\xdb\xa4\
\xb5\xd4\x7f\x20\xd6\x16\x22\x6a\xac\x55\x8c\x98\x67\x25\x16\xc6\
\x0f\xfc\x20\xe2\xfa\x3b\x8f\x4d\x98\x1c\x76\xe7\xbd\xe7\xea\xbc\
\x15\xf6\xc2\x61\xe7\xcc\x9d\x8f\x73\xef\x7b\x3b\x33\x3b\x43\x43\
\x8d\x35\x19\x68\x32\xd0\x64\xa0\x96\x19\xc8\xb2\x6c\x1a\xbc\x05\
\x31\x6b\xe3\x9c\xae\x6b\x00\xdd\xc4\xaf\x07\xd6\x1e\x64\x00\xad\
\xb2\xc9\x51\xf7\x03\xdf\xf6\x32\xbf\xd5\x0f\xb7\x5a\xad\xaf\x56\
\x97\x84\x6e\x89\xcc\xf2\x39\xe2\x73\xd7\x1e\xaf\x48\xc5\xfb\x09\
\x60\x8c\x2c\x77\x0c\x71\xcb\x26\x70\xaf\xf1\x64\x34\x16\xc0\xaa\
\xa9\x38\x18\xf0\x95\xa0\xac\xe2\x3e\xe3\xc9\x68\x2c\x80\x57\xa6\
\x62\x3c\xe0\x6f\x82\xb2\x8a\x27\x8c\x27\xa3\xb1\x00\x5e\x98\x8a\
\xf0\x17\x78\x6c\xbe\x53\xc6\x93\xd1\x58\x00\xcf\x4d\xc5\x64\xc0\
\x1f\x06\x65\x15\x27\x59\xb5\xb6\x59\x5d\x12\x1a\x0b\xe0\x91\x29\
\x98\x42\xe4\x70\x5e\x77\xcc\x7c\x3b\xe1\x63\x56\x37\x78\x8a\x60\
\xed\xb4\xa1\x69\x77\xbe\x04\x7e\x86\x95\x94\x57\xc1\xc8\xe0\x15\
\x9b\x02\x44\xdd\x31\xa1\x4f\xe1\x2e\x7e\x8d\xba\xf3\xd6\xb5\x1e\
\x54\xc2\x2c\x00\xa7\x12\x7f\xa1\x1e\x6a\x0b\x54\x20\x6e\x07\xf8\
\xe0\xaa\x73\x2e\xf1\x33\x05\xdd\xea\x55\x85\xc8\x85\x82\x00\xfe\
\x0f\xf1\x4a\x25\xe2\x8f\x17\x04\x30\x57\xaf\x34\x77\x51\x43\x00\
\xf7\x2d\x88\x27\xf0\xd8\x12\xdc\x65\xc4\xc4\x6e\xc4\x9e\xb4\x00\
\x44\x67\x13\xcb\xa8\x36\x1d\x82\x17\x2d\x08\xad\xfd\xa3\xd5\x46\
\x4d\xd8\x1b\xb1\x13\xe0\xbb\x05\x71\x37\xa1\x84\xea\x53\x21\xfe\
\x86\x05\x20\x7a\xbd\xfa\xc8\x89\x46\x40\xac\xf6\x85\x25\xa9\x0e\
\xec\x17\xe5\xfa\x6e\x66\x9e\x1b\xc4\x8e\x83\x8f\x41\x00\x2a\x7e\
\x03\xe1\x69\xd5\xbb\xd5\x8b\x23\xf6\x1c\x50\xe6\x43\x7b\x0f\xe9\
\x2b\x08\xda\x8f\x80\x23\x60\x6b\xf2\x08\x99\xf4\x1a\x70\xd3\x2f\
\xd1\xd3\xf1\x82\x76\x3a\x67\x7d\xc9\x07\xf8\xc4\x53\x7b\xcd\x3c\
\x38\x0d\x8e\x82\x03\xe0\xdf\x7e\x63\x30\xc1\x2d\xe0\xa6\x5f\x66\
\x3e\x96\x51\xfc\x33\x40\xc7\x91\x5e\x6c\x99\x46\x67\x62\xe3\x55\
\xf2\x31\x78\x51\x10\x12\x76\x0f\xec\xf7\xc1\xa9\xeb\x47\xbc\xc6\
\x91\xf9\x25\x82\x0f\x5b\x8d\x33\x81\xfe\x4e\xfe\x4e\x68\x62\x6d\
\x76\xb3\xa0\x73\xec\xe0\xf9\x27\xe2\xe9\x96\x65\xd5\x14\xf6\xd0\
\x9b\x39\xf4\x62\xfb\xea\xa4\xb9\x65\x3a\x3b\xcd\x01\xff\xdb\xe8\
\xe3\xe8\x32\xd0\x81\xf1\x2a\xd0\x07\xd4\x03\xb0\x02\x36\x59\x0f\
\x12\xaa\x37\x61\x46\x2d\xb1\xbe\x4f\x6c\x12\x12\x10\x89\xbf\x58\
\x36\x6b\xd0\xae\x53\x2c\x6b\xf7\x57\x4f\x94\x5c\xdb\xe9\xc6\x6e\
\x0a\xdc\x04\xba\x5b\x8d\xd9\x33\x9c\x5a\x7d\xd6\x2f\x0a\x62\x6d\
\x4b\x7d\xa5\x97\xbb\xa5\x3d\x7a\x74\x20\x6c\x82\xa6\xb7\xc1\xd9\
\x2e\x5d\xd6\xf0\xeb\x06\x44\x77\x4d\x4a\xc0\xeb\x1c\x2f\x79\x6e\
\x98\xee\x34\x37\x48\xca\x02\x81\xe8\x28\xee\xdf\x13\x54\xf5\x67\
\x29\x35\x17\xce\x85\x5c\xbd\xa8\x0b\xa0\xec\x1b\x3b\x1a\x51\xe1\
\xa0\x83\xa8\x44\xa5\x0e\x84\xda\x85\xb5\xe2\xf8\xbd\x13\x55\x85\
\xd6\x2e\xd3\x3a\x98\xff\x55\xa0\x06\xb9\x7a\x57\x74\x86\x3a\x0c\
\x0e\x01\xf1\xdd\x60\x57\x8e\x77\x3c\xaf\xf0\x0a\x2c\xf2\x6c\xac\
\xc9\x40\x93\x81\x26\x03\x35\xcb\xc0\x6f\x38\x90\xb4\xda\x56\x3f\
\xde\x5b\x00\x00\x00\x00\x49\x45\x4e\x44\xae\x42\x60\x82\
\x00\x00\x01\x98\
\x89\
\x50\x4e\x47\x0d\x0a\x1a\x0a\x00\x00\x00\x0d\x49\x48\x44\x52\x00\
\x00\x00\x30\x00\x00\x00\x30\x08\x06\x00\x00\x00\x57\x02\xf9\x87\
\x00\x00\x00\x01\x73\x52\x47\x42\x00\xae\xce\x1c\xe9\x00\x00\x01\
\x52\x49\x44\x41\x54\x68\x05\xed\x58\x5d\x0a\xc2\x30\x0c\xde\xc4\
\x13\xf8\x36\xf1\x0e\x7a\x44\xaf\xe2\x83\xe2\x31\xbc\x82\x47\x10\
\x9c\x3e\x88\x37\x50\xe6\xd7\x87\x8c\x31\x36\xd2\xae\x49\xeb\x20\
\x85\xd0\xb9\x36\xc9\xf7\x33\x37\x68\x51\xd8\x30\x05\x4c\x01\x56\
\x81\xa6\x69\xd6\x88\x23\xa2\x46\xc4\x8e\x3d\xdb\x50\x72\x03\xd0\
\x56\x88\x57\x2c\xea\x5e\x7e\x3a\x12\x68\x7c\xe8\x35\x97\xfa\x99\
\x86\x04\xd0\xde\xa4\x10\x0f\xd4\xd1\x27\x81\xa6\x9f\x6e\xe3\xa9\
\x8f\x67\xb7\x46\xef\x5a\x97\x44\x02\x02\x8e\x8f\x1e\x89\x44\x04\
\xf4\x48\x24\x24\xa0\x43\x22\x31\x01\x79\x12\x19\x08\xc8\x92\xc8\
\x44\x40\x8e\x44\x46\x02\x5e\x24\x4a\xee\xbd\x8e\x2a\x5f\xec\x59\
\xd0\xbe\x12\x83\xae\x43\x66\x87\x26\x64\x3f\xed\xe5\xfa\xb5\xc0\
\x28\x61\x6e\xf3\x32\x15\x60\x4e\x49\xc2\x11\xea\xd4\xec\x1d\x30\
\x02\x64\x7d\xae\xd9\x1c\xc8\xa5\x3c\xf5\xf5\x71\x60\xd2\x7b\x9f\
\x1a\x68\xcf\x3e\x04\xb4\x31\x44\xd5\x37\x02\x51\xf2\x09\x24\x9b\
\x03\x02\x22\x46\x95\x30\x07\xa2\xe4\x13\x48\xf6\x71\xc0\xbe\x03\
\x02\x42\x8f\x96\xf0\x71\x60\x34\xf9\x1f\x16\x8c\x40\x6e\x17\xcc\
\x01\x73\x20\x52\x01\x9f\x53\x89\x27\x7a\x54\xd4\x27\xf4\xd4\x80\
\xf2\x26\xce\x0f\x2e\xcf\xe7\x3f\x70\xe1\x8a\x28\xae\xb3\xbd\xd9\
\xaf\x2c\x14\xdf\x00\xe0\x15\xb1\x52\x04\x3a\x54\xfa\x8d\x9b\x5b\
\x9c\x27\xd5\x43\x8b\x74\x8f\x75\x00\x05\xee\xd8\xbc\x43\x9c\x11\
\xee\x71\xd2\x1e\xae\xc7\x09\xc1\x82\xd7\x06\x62\xf5\x4d\x81\x39\
\x28\xf0\x03\xfb\x0d\x47\x07\x8e\x9f\xc5\x61\x00\x00\x00\x00\x49\
\x45\x4e\x44\xae\x42\x60\x82\
\x00\x00\x01\xfe\
\x89\
\x50\x4e\x47\x0d\x0a\x1a\x0a\x00\x00\x00\x0d\x49\x48\x44\x52\x00\
\x00\x00\x30\x00\x00\x00\x30\x08\x06\x00\x00\x00\x57\x02\xf9\x87\
\x00\x00\x00\x01\x73\x52\x47\x42\x00\xae\xce\x1c\xe9\x00\x00\x01\
\xb8\x49\x44\x41\x54\x68\x05\xed\x58\x51\x4e\xc3\x30\x0c\x5d\x11\
\xda\x05\xf8\x82\x1d\x62\xd7\x9c\xe0\x16\x48\x70\x0d\xb8\x02\x87\
\xd8\xf6\xc5\x19\xca\xf3\xa8\x2d\xcf\x8d\x9b\x14\xb1\xce\x93\x1c\
\x29\xc4\x79\x71\x9c\xe7\x97\x26\x6b\x59\xad\xb2\xa4\x02\xa9\x40\
\x2a\x90\x0a\xa4\x02\xa9\x40\x2a\x90\x0a\x9c\x14\xe8\xfb\x7e\x83\
\xfa\x86\x7a\x40\x8d\x56\xf6\x20\x44\xdc\x36\x7a\xbb\x3a\xee\x0c\
\x03\x5f\xe8\x3f\x30\x16\xb4\xfd\x06\xaf\x6d\xd7\x75\x7b\xe2\x77\
\xa7\x48\xbe\xc0\x8e\x4e\x9e\xe8\x12\xc7\x67\x32\xa8\xe8\x1d\x38\
\xa0\xff\x78\x42\xe3\xff\x39\x62\x07\x9e\x88\xa6\x4e\xa0\xd7\xbc\
\xe1\x20\x63\x1a\xbf\x96\x4d\x07\x52\xaf\xcd\xfc\xf4\x23\xa4\xc7\
\x6f\xc6\x9e\x9d\x00\x29\xa1\xcb\x7f\x65\x8a\x98\x6b\xd4\x1d\x2a\
\xdd\x80\x54\xc9\x5e\x37\xc7\x87\xf3\x59\xf1\x26\x9e\x39\xa1\xe3\
\xf9\xcd\xc5\x11\x8a\x08\xdb\xb2\xe3\x38\x76\x80\x71\x69\xab\x0e\
\x83\x67\xab\x9f\x04\x6e\x34\x10\xb7\xf4\xdb\x43\x17\xcb\xa9\x78\
\xeb\xce\x7e\x84\x38\x60\x94\xb6\x9a\x80\x97\x39\x27\x50\x1b\x67\
\xbf\x86\xf6\xb5\xe0\x53\xc2\x0a\x6e\x80\x3c\x22\x16\xaf\xf5\xcb\
\xd1\xeb\x28\xe2\x4e\x1e\x62\xbb\xee\x28\xa2\xe7\x60\xf1\x5a\x7f\
\x14\x78\x00\x30\x6f\x92\xa0\x37\x8f\x71\xbb\x2e\xe3\xd2\x7a\x0e\
\x16\xaf\xf5\x25\xa0\x31\x30\x6f\xf2\x96\x31\xee\xa3\xae\x5d\x77\
\xbe\xc3\x30\xa3\x1a\x68\x14\xf9\x17\xc0\xbc\xc9\x5b\xc6\x99\x26\
\xb0\xb7\x6e\xf5\x10\x4b\x84\xa0\xc6\x92\x09\x94\x6e\x94\x12\xf6\
\x37\xa9\xbc\x2d\xb2\xd1\x5a\xfd\x0a\xf3\x2e\x72\x88\xe5\x8d\x93\
\x88\xe9\x45\xf9\x6d\x4f\x63\xd7\xb4\x3d\x7e\x4b\x3e\x42\x17\xc9\
\xff\x5e\x45\x3d\xc2\x96\x0f\x1a\x9b\xb1\xf2\x8b\x60\xca\x3b\x92\
\xde\x81\x8f\x08\xcc\x1a\x39\x7c\xb2\x9f\x3e\x03\xf4\xb5\x7f\xbb\
\x1f\xf5\x38\xb4\xf4\x95\xbf\x45\x7d\x47\xa5\xc7\x29\x5a\x21\x4e\
\xc4\x4d\xfe\x23\x11\x8d\x60\xf2\x49\x05\x52\x81\x54\x20\x15\x48\
\x05\x52\x81\x54\x60\x69\x05\x7e\x00\xd8\xe0\x65\x38\x96\xbe\x5b\
\x3c\x00\x00\x00\x00\x49\x45\x4e\x44\xae\x42\x60\x82\
\x00\x00\x01\xfc\
\x89\
\x50\x4e\x47\x0d\x0a\x1a\x0a\x00\x00\x00\x0d\x49\x48\x44\x52\x00\
\x00\x00\x18\x00\x00\x00\x18\x08\x06\x00\x00\x00\xe0\x77\x3d\xf8\
\x00\x00\x00\x01\x73\x52\x47\x42\x00\xae\xce\x1c\xe9\x00\x00\x01\
\xb6\x49\x44\x41\x54\x48\x0d\xed\x54\xb1\x4b\x42\x61\x10\xbf\xcb\
\x4f\xd1\x41\x90\x68\x28\xb0\xad\x31\x6a\x6b\x2b\x22\x08\x71\x8c\
\x20\xe8\x1f\x68\x8c\x04\x31\x41\xa8\x8f\x20\x10\xa9\xdc\xfb\x03\
\x82\x5a\x5c\x02\x71\x13\xa2\xa5\xad\x08\x5a\xda\x6a\x68\x8a\x50\
\xc1\xd0\xa7\xd7\x9d\xfa\xe0\x43\xdf\xf3\x55\x20\x2e\x0a\x1f\x77\
\xef\xee\xfb\xfd\x7e\xe7\xdd\xbd\x07\x30\xf9\x8d\xbb\x03\xf8\x9b\
\x02\x52\x5a\x47\x1b\xdf\x56\x0e\x81\xd6\xe5\x3e\x01\x96\x03\x41\
\x95\xca\x69\xfd\xee\x85\xf7\x14\x10\xf2\x66\xdd\x7a\x24\xa0\x69\
\x93\x0c\x01\x3f\xfd\x21\xb5\xec\x25\x32\x65\x82\x9c\x7c\xa9\xbc\
\x47\x5e\x0c\x84\xfc\xf3\x72\xf8\x5e\x51\x62\x92\x73\xc2\x98\x31\
\x4f\x01\xbb\x2d\x4c\xbc\x27\xd5\xca\x11\x5f\x48\xec\x9c\x49\xd8\
\xef\x7b\x0a\xf4\x03\xfe\xfa\xac\xbc\x00\x32\x50\x1e\xeb\x6e\xa3\
\xde\xbc\xe4\x79\x74\x2a\x17\x5f\x70\xdd\xdc\x70\x06\x4f\x01\xd9\
\x16\x1e\x72\x8c\x7b\x1e\x67\xe2\x37\x9b\xae\x33\x64\xce\xd9\xcf\
\x6e\xd6\xe7\x96\xb0\xe3\xf7\xe5\x72\x65\x6d\x73\xe3\xaa\xd5\xa2\
\x39\x44\x98\xe1\x53\x03\xc4\xdb\x40\x48\x6d\x7b\x6d\x90\xcd\x31\
\x52\x3b\xf4\x3d\x48\xa4\xf5\x02\x91\x15\xe7\x6d\x89\x71\xd5\x8b\
\x44\x34\x2b\xd5\x20\xe2\x07\x10\x3d\xf3\x0c\x4a\x88\xaa\x98\xcf\
\xea\x57\xb7\x2a\x1d\x05\x12\x19\xbd\x02\x2d\xeb\x8c\x09\x57\xdd\
\x80\x66\x9c\x05\xef\xc0\xa7\x92\xf9\x53\xfd\x60\xc6\xc5\x1f\x10\
\x48\xa4\x8f\xb6\x00\xda\x37\x4c\xce\x0b\x80\x5f\x7c\xa1\x80\x48\
\x25\xa5\xf0\x09\xc2\xe1\xee\xa7\xa1\x5a\x8d\x5a\x16\x2d\x11\x21\
\x0f\x1f\xf8\x3e\x45\x58\xc4\x02\x98\xda\xc9\x67\x4f\x0a\xa6\xc8\
\xc0\x16\x11\xb4\x2e\x78\xff\x14\xf7\x41\x47\x82\xea\x5c\x6b\x5d\
\x33\x01\x3d\xff\x85\xad\x9c\x6b\xce\xef\x57\xbe\xad\x64\x9b\xe8\
\x18\x90\xb1\x5c\x50\xef\x8e\xb3\x39\x38\xcc\x90\x1c\xe7\xac\x7b\
\xd4\x0d\x37\xf0\x0f\x6c\x8a\xff\x88\xd8\x58\xd3\x8e\xfc\x53\x61\
\x8a\x4d\xfc\xf1\x74\xe0\x07\x5f\x94\xa7\x0b\x0b\x4c\x94\x4f\x00\
\x00\x00\x00\x49\x45\x4e\x44\xae\x42\x60\x82\
\x00\x00\x00\x9b\
\x89\
\x50\x4e\x47\x0d\x0a\x1a\x0a\x00\x00\x00\x0d\x49\x48\x44\x52\x00\
\x00\x00\x18\x00\x00\x00\x18\x08\x06\x00\x00\x00\xe0\x77\x3d\xf8\
\x00\x00\x00\x62\x49\x44\x41\x54\x48\x89\xed\xcd\xa1\x11\x80\x30\
\x0c\x46\xe1\xe4\xef\x1a\x30\x10\x8b\xd0\x01\x70\x08\x04\x02\xc7\
\x00\xed\x22\x0c\x04\x6b\x24\x41\x61\xca\x61\x7a\x18\xb8\x7c\xf2\
\x99\x47\xe4\x9c\xfb\x3e\x2e\xc3\x30\x4e\x9d\x88\x66\x66\x32\x00\
\x71\x5d\xe6\xad\xa6\x5f\x50\x0e\x44\x34\x13\x59\x63\x66\xad\xaa\
\xa6\xda\xfe\x38\x78\xdb\x6d\x10\x02\x7a\x22\x3e\x98\x79\x07\x10\
\x6b\xbb\x73\xee\x4f\x4e\x0c\x2b\x45\x08\xb7\x81\x25\xa8\x00\x00\
\x00\x00\x49\x45\x4e\x44\xae\x42\x60\x82\
\x00\x00\x00\xeb\
\x89\
\x50\x4e\x47\x0d\x0a\x1a\x0a\x00\x00\x00\x0d\x49\x48\x44\x52\x00\
\x00\x00\x18\x00\x00\x00\x18\x08\x06\x00\x00\x00\xe0\x77\x3d\xf8\
\x00\x00\x00\xb2\x49\x44\x41\x54\x48\x89\xed\x94\xc1\x0d\xc2\x30\
\x0c\x45\x5f\x2a\x36\x2a\x4b\xc0\x32\xac\x52\x66\x81\x31\x60\x8b\
\xaa\x65\x0a\x3e\x87\x16\x64\x52\x17\x82\x64\x2e\xd0\x27\xf9\xe2\
\x24\xff\x3b\x76\x53\x58\xf8\x1f\x24\x6d\x24\x75\x2a\xa7\x1b\xcf\
\xe0\x85\x67\xf0\x89\xb8\x35\xb1\xc2\xf5\x98\x3f\xdc\x75\x93\x31\
\x50\x9e\x7b\x77\xe9\x6c\x7f\x0d\x9c\x1e\xc2\x29\x25\x80\xaa\xb8\
\x87\xaf\x79\x12\xb7\x44\x18\x58\xf1\xfd\xec\x2e\xd3\x57\x77\x68\
\x4e\xe4\x34\x36\x1f\x6d\xd0\xe4\xf9\xc8\x16\x95\xf1\xad\x16\xad\
\x02\x6a\x5b\x33\x0c\x79\xe7\x2d\x46\xbd\x83\xc9\x67\x1a\xfd\x0e\
\xce\x0c\x37\x01\xb8\xda\x05\x6b\xd0\x9b\xca\x4a\x02\xe0\xe2\x98\
\x54\xc0\x71\x52\x82\xa4\xad\xa4\xde\x19\xde\x1c\xed\x78\xa6\xec\
\x67\xb7\xf0\xbb\xdc\x00\x23\x78\xc7\x18\x73\xe8\xfa\x4a\x00\x00\
\x00\x00\x49\x45\x4e\x44\xae\x42\x60\x82\
\x00\x00\x0a\xc3\
\x00\
\x00\x30\xdc\x78\x9c\xc5\x5a\x4b\x8f\xe3\xb8\x11\xbe\xf7\xaf\x50\
\x7a\x10\xec\x0c\x60\x69\x64\xb5\x5f\xed\xb9\x6c\xb0\xc0\x26\x87\
\x6c\x72\x08\x92\xab\x41\x49\x94\xcd\x6d\x5a\x54\x48\xa9\x1f\xb3\
\x98\xff\x9e\x22\x45\x49\x14\x49\xc9\xee\xf1\x00\xe9\x9e\x87\x4d\
\xb1\xbe\x62\x15\xeb\xc5\xa2\x52\x96\xbf\x05\x7f\xdc\x05\xf0\x73\
\x46\xfc\x48\xca\x7d\x10\x7f\x51\x5f\x0b\x56\xd6\xfb\x60\x99\x54\
\xaf\x9f\x97\xbb\xea\x35\xf8\xe9\x9f\x15\x2e\x83\x7f\xa1\x52\xfc\
\xb4\xb8\xff\x7b\x93\x91\x1c\x05\x7f\xe5\xa8\xcc\xf1\x7d\xff\x5d\
\x3e\x0d\xfe\x5d\x92\x8c\xc9\xd1\xbf\x70\x82\xe8\xe2\x6f\x98\x3e\
\xe3\x9a\x64\x68\xf1\x1f\xcc\x73\x54\xa2\x85\x80\x59\xa1\xc0\x9c\
\x14\x5f\xee\xbe\xdd\x89\x9a\xb3\xf2\xa8\xd7\x20\x99\x86\x2f\x98\
\x1c\x4f\xc0\x7b\x1b\xc7\x72\x82\x04\x5b\x04\x4f\x69\xbe\x08\x2a\
\x0e\x9f\x04\x3a\x57\xe6\xf4\x02\x9d\x09\x7d\xdb\x07\xbf\xe1\x92\
\xb2\xc5\x6f\xac\x44\x19\x5b\xfc\xc2\x4a\xc1\x28\x12\x8b\xfb\x5f\
\x58\xc3\x09\xe6\xc1\x3f\xf0\xcb\xfd\xe2\xcc\x4a\x26\x2a\x94\xe1\
\x0e\x58\x03\x55\x28\xcf\x49\x79\xdc\x07\x20\x6e\xb0\xaa\x5e\x07\
\x15\x84\x82\x7c\xc5\xfb\xe0\x31\xfe\x73\x3b\x96\x31\xca\xf8\x3e\
\xf8\x90\x6d\x93\xf5\x0a\xb7\x63\x29\xca\x9e\x8e\x9c\x35\x65\x1e\
\x76\x8f\x8b\xc7\x22\x29\x56\xfa\x31\xe3\x39\xe6\x21\x47\x39\x69\
\xc4\xbe\x85\xff\x76\x07\xb2\x68\xe6\x39\x11\x15\x45\x20\x41\x4a\
\x59\xf6\xf4\xc5\xb7\x19\x94\x94\x38\x3c\x69\xbd\x2c\xa3\x55\xb2\
\x5b\x6f\x97\xab\x87\xf6\xe1\x0b\xe0\x87\x29\xc7\xe8\x09\x20\xe4\
\x7f\x21\xa2\xd4\x78\xf4\xc2\x51\xd5\x3d\x91\x03\x63\x41\x1e\x1e\
\x1e\xa6\xa5\x58\xcb\xdf\x69\x29\xe4\x38\x7b\xc6\xbc\xa0\xec\x65\
\x1f\xa0\xa6\x66\x5f\xc6\xea\x7c\xe8\x66\xb5\xd4\xb0\x76\xd0\x2f\
\x6c\x0c\xc9\x83\x0f\x18\xe3\x4e\xd6\xd7\x5e\xb6\x92\x95\xd8\x51\
\x3e\x29\x4f\x60\x2d\xb5\xd4\x5a\x94\x51\x8c\x78\x41\x5e\xf7\xa8\
\xa8\x61\x57\xff\xd0\xb2\x94\x35\x96\xe6\x7a\x1f\xdc\xb7\xd4\xcf\
\x44\x90\x94\x50\x52\x83\x5a\x4f\x24\xcf\x71\xf9\x65\x52\xd7\x1d\
\x6f\xad\x6b\xc5\x01\x26\xb0\xfa\xa4\x38\x56\x0d\xa5\x07\x8a\x8b\
\xba\x33\x3a\xca\x10\xcc\x96\x23\xc3\x73\x2e\x21\xc6\x13\xd4\x50\
\x3b\x03\x1d\xf1\x41\xee\x82\x9e\xe0\xd3\xb4\xfa\x19\xef\x4c\xac\
\x7e\x2c\x04\xd4\x8b\xdc\x4e\x5a\x6e\x76\x28\xd3\x5b\x5a\xe3\xd7\
\x3a\xcc\x71\xc6\x38\xaa\x09\x2b\x3b\x6d\x8e\xe9\xf7\x27\xb9\x63\
\x1a\xc5\xa1\x80\x35\x61\x2e\xad\x6d\x20\x3b\x61\x94\xf7\x04\x15\
\x13\xa4\x9d\x09\x7b\x80\x35\xdf\xaf\x21\x01\xb2\x57\xd8\xdd\x78\
\xda\x94\x0c\x01\x5f\x48\x5e\x9f\xe4\xec\xce\xa9\xb4\x6d\x81\xca\
\x6b\x76\x1e\x1b\xc9\x03\xde\xe0\x9d\xb3\x98\x48\xef\xb8\x5e\x95\
\x06\x5c\xed\xe2\xce\xde\x7a\xff\x31\xac\xd2\xb2\xe0\x38\xf8\x13\
\x39\x57\x8c\xd7\xa8\xac\x1d\x06\xc8\xe2\x60\x48\xc4\x71\x85\x91\
\x32\x55\xfd\xd1\x91\x79\x50\x52\x02\x6e\x12\x24\xcb\xde\x0b\x86\
\x39\xad\x65\xb7\xcf\x75\x44\x88\x52\x46\x73\x6b\x7b\x93\xa5\xfc\
\x35\x3c\xc2\x0a\x8e\x51\x8e\x6b\x44\xa8\xb0\xc8\xb6\xf1\x76\xbb\
\x4d\xa7\xd5\x16\xc9\x8d\x77\x62\x5f\xb7\x98\x20\x49\xfa\x65\x59\
\xae\x28\x9f\xd8\x7e\x6f\xfa\x97\x32\xa8\xe1\x11\xa6\x94\x54\x82\
\x08\xbd\xef\x27\x52\xe3\x50\xc5\x5f\xa9\x3e\x69\x8f\x33\x8a\xbf\
\x66\x8d\xbb\x44\xab\x4e\x41\xa4\x43\x32\xd3\x04\x61\xcd\x20\xf4\
\x6d\x7a\x49\x2e\x1b\x4a\x87\x85\x52\xd6\x4c\x73\x57\xf3\x5e\x48\
\x7d\x3a\xe4\xe4\x99\x0c\xee\xa1\x4d\x4c\x71\xf5\x5b\x71\x03\x89\
\xaf\x22\xd9\x01\x7c\xec\x69\x26\xfe\x4f\xbb\xb2\x09\x30\xef\xcb\
\x36\xc9\x0c\x3b\xcb\x35\xd6\x9d\x63\xba\x9b\x0c\x70\xa2\x66\xfc\
\xed\x7a\x30\x4f\xa6\x30\xc0\xba\xb5\x45\xa4\x04\x9f\x41\xbd\x25\
\xfb\x80\x8d\x58\x62\x68\x09\x51\x72\x04\x69\x33\xb0\x19\xcc\x8d\
\xf1\x1a\x8a\x13\x51\x30\x0e\x01\xa5\xa9\x2a\xcc\x33\x24\x74\x6a\
\x91\x3c\xa1\x00\xa1\x38\xab\x0d\x2d\x29\xf4\x03\xc7\xf9\xa2\x5f\
\xd5\x12\x3e\x9e\x71\x4e\xd0\x21\x83\x94\x1a\x44\x05\xa1\xb4\x1f\
\x82\x2f\xd8\x1a\xa2\xe4\x19\x1f\x60\xbd\x6a\x03\xda\x67\x73\x21\
\x7f\x0d\x3f\x06\xeb\x23\xc7\xb8\x1c\x98\x27\x23\xe6\x91\x68\xb2\
\x0c\x0b\x61\x71\xac\x4e\xac\x66\x97\x38\x6d\x56\x69\xb1\xda\x1a\
\x9c\xde\xc0\x2f\xd9\xcb\xc0\xea\xa1\xc7\x7b\xc6\x65\x83\x2f\xaf\
\x1c\xa5\x3a\xfc\xb4\x78\x29\x6d\xf0\x80\xb6\xea\xd1\x50\x93\x13\
\xe6\x53\xd4\x33\x23\x19\x3e\x9c\x41\x1e\xf0\xb5\x4b\xec\x56\xc5\
\x63\x96\x3f\x1a\xec\xaa\x86\x57\xd4\x60\xb8\xee\x71\x8f\xe8\x7c\
\x11\xee\x71\xb7\x5b\x69\x67\xd4\x70\xe0\x49\x03\xd8\xa6\x07\x23\
\xa5\x5a\xe6\x25\x3c\xbc\xd9\x2e\x91\xb9\x8f\x02\xa3\x01\x6e\x3b\
\x18\xc7\xc8\x2e\x06\x55\x40\xf8\xb8\xb8\x83\xab\x6d\x9a\xe5\x4b\
\x83\x07\x38\x79\x79\x34\x54\xb0\x1b\x8c\x05\xc2\x27\xca\xea\xcb\
\x7b\xb8\xcb\x56\xab\x36\xde\x61\x2e\xa0\x6a\xa6\x20\x70\xc1\x7c\
\x21\xcf\x33\x6b\xd2\x6f\x8d\x5c\xf1\x10\xfb\x49\x39\x7b\x11\xbe\
\x5a\xca\x8c\xdb\xbc\xcd\x72\x53\xdc\x4b\xd8\x67\x31\x4e\xfe\xcb\
\xcd\xc4\x5c\x43\xaa\x6e\xea\x14\x6c\x4a\xac\x99\xab\x78\x5a\x06\
\x2b\xd3\xf4\xc5\xcb\xa6\xa5\x40\x91\x8a\x5c\xdf\x15\xe8\x47\x95\
\xc9\x54\x48\x1d\xb3\xb8\x9c\x0a\x5c\x50\x6f\xc1\xbf\x2d\x76\x2d\
\x36\x7e\xad\xe4\xe9\x2e\x77\x2c\x42\xe6\x5d\x3b\x7d\x86\x72\x34\
\xdc\x69\x65\x09\x88\xac\xc0\x57\xd8\xa4\x4b\x99\x13\x63\x73\x8a\
\x9e\xd1\x95\xe0\xab\x9d\xa7\x54\xb2\xca\xa9\x65\xe2\x99\x73\xb9\
\x28\xf3\x15\x5c\xdd\x22\xc0\xa9\x9a\x72\x38\x4e\x8c\x0b\xf8\xb1\
\x04\x7d\xfd\x61\x1c\x93\x35\xf6\x72\x6d\xc3\x52\x94\x62\xea\x28\
\x61\x2d\xa9\xe1\x77\x97\x78\x0a\xac\x1e\x84\x12\x51\x1f\x2a\x15\
\x1e\xa7\x0b\x12\x69\x6c\x93\xcb\x59\xba\x48\x90\x23\xf9\xdb\x41\
\x0e\x78\x91\x62\xef\x7c\x67\x6a\x2c\x77\x61\x33\x81\x7e\x55\x68\
\x58\xee\x26\xa9\x53\xbb\x23\x11\xca\xe8\x00\x45\xdc\x34\x43\x19\
\x0d\xec\x45\x2a\x9d\x04\x5e\x0d\xaf\x26\x81\x44\x93\xba\x58\x6d\
\x35\x37\x4d\xa4\x2b\xf0\x83\x47\x57\x97\x48\x8d\xd0\xe4\x6c\x9c\
\x03\xd3\x19\xc6\x89\x98\x05\x98\x6f\x03\xbb\xbc\x6a\xf5\x75\x82\
\x70\xd9\x97\xbd\xaa\x38\xd2\x5e\x65\xc7\x81\x20\x89\x62\x11\x60\
\x55\x2e\x7d\xbb\x83\x02\x37\x6a\x6b\xa5\x3e\x14\xb8\x81\x83\x1f\
\x53\xf4\x31\x59\x25\x8b\x64\xb5\x59\x24\xeb\x18\xfe\xae\x3f\x5d\
\xc1\x29\x8e\xd6\x03\x27\x60\xc3\x9f\x65\xc2\xf5\xd9\x9b\xe1\xb3\
\xed\x24\xd3\x50\x7c\x75\xa0\x39\xb5\xab\x99\x8d\x33\xf8\x48\xb5\
\xcb\xd8\x06\x1f\x97\xcc\x9e\x43\x82\x33\x73\xc6\xda\xfb\xb5\xf7\
\x05\xcf\x35\x2e\xd2\xd9\x7b\x8e\x0b\xd4\x50\xd7\x61\xe3\xf1\xf3\
\xe8\x77\x06\xc7\xf6\x7c\xec\x3a\x4a\xba\xd0\x9e\x0a\xb5\x01\x67\
\xe7\x83\x61\xea\x7d\x33\x68\xf7\x98\xe4\xe9\xd4\x71\xd3\x97\xee\
\xd6\xd3\xd0\xd6\xd9\x74\x84\x57\x42\x5d\x8e\xe8\x98\x72\xd2\xf3\
\x9d\xe5\x1b\x27\xc3\x99\x0e\xd7\xb8\x69\xd6\x9f\x69\x9a\xb6\x3f\
\x19\xa6\x24\x27\xfb\x00\x12\x32\x29\x25\x9e\x7b\xa2\x10\x35\xe2\
\xf5\x98\x31\xe4\x16\xfa\x76\xa8\xd9\xc2\x18\x6b\xcb\x2e\x8f\x69\
\x4d\xaa\x48\x51\xcc\x79\x67\xbf\xc9\x32\x55\xb8\xbb\xd7\xd2\x77\
\x65\xa4\x3d\x5c\x9f\x9a\x73\x6a\x37\x46\x3a\x64\x4f\xa2\xf5\x1c\
\xfd\x26\x98\xdd\xd6\x0b\x91\x79\xdb\x9f\xbc\x7d\xa9\xd9\x91\x8a\
\xd4\xaa\xe4\xb7\xd4\x5e\x31\x79\x2e\xfb\x6f\x83\x85\x51\x4d\xb8\
\xd1\x77\x2a\x05\xd8\x5c\x72\x2c\x32\x4e\x2a\x03\xcb\x6e\xc6\x5d\
\x87\xff\x30\x81\x0f\x26\x55\x37\xe2\xea\x65\x3a\x30\xea\xb0\xa0\
\x0e\x54\xca\xe0\x4c\x7d\xa0\x92\x9c\x11\xc4\xe8\x91\x25\xf6\xca\
\xe7\x98\x42\x29\xf8\x8c\xa7\xe0\x7c\x48\xe6\x98\x3a\x67\x9a\x03\
\xa0\xef\xec\xa9\xaf\x98\xec\xca\x16\x98\xb4\xd8\x79\xd3\x96\xa0\
\x8e\xe9\xe8\x9c\x11\x2f\x82\xf6\x4f\xb4\xfa\x64\xd9\xbe\x8c\xfa\
\xeb\xde\x23\x7a\x49\x50\x2a\x18\x6d\x6a\x6c\xb5\x1e\x13\xaf\x35\
\xf7\xd6\xa6\xcf\x13\x46\x3f\xba\xf5\xcd\x7e\xc0\xd7\xa7\xf4\x15\
\x53\xad\x58\x52\xd8\x43\x7a\xbc\x5e\xaa\xfe\x3c\xe1\x38\x62\x3f\
\x32\x0a\x57\xf1\x4d\x62\xcf\xf4\x6f\xcc\x98\x13\x26\x52\xc7\x32\
\xa5\xc9\xf0\x93\x0c\xc5\x81\x2a\x37\x3a\x8c\x36\x08\xf7\x5f\x2b\
\x26\xe3\x25\x0f\xf1\x33\x24\x5a\x61\xf4\x4f\x06\xcd\x38\xd6\x37\
\x5e\x7c\x6f\x2c\xa4\x54\x32\x9b\xa7\xa1\x39\xce\xa3\xa4\x10\xf6\
\xa6\x31\x4a\x75\x8f\xdd\xe8\xd0\x93\x1e\x6d\x40\x3c\xd6\x7e\x3c\
\x52\x9f\xa8\xdf\x28\xec\xb5\x6a\xda\x8d\x1e\x68\xe2\x47\x55\x53\
\xca\x7f\x97\x2b\x2b\x7c\x6a\xf3\x51\xc5\x4e\x85\xb8\xec\x5f\x4e\
\x7d\x6e\xdb\x57\xa0\xb0\x23\x29\x4c\x75\xf9\xf3\x6d\x67\x97\xbf\
\xfe\xfa\xab\xa5\x3d\x43\x6d\x23\xd3\x19\x2c\xca\x09\x25\x76\x86\
\x33\x6a\x25\xa8\x4b\x49\x69\xba\xea\x54\x6f\x6d\x38\x07\x7a\xf9\
\xe8\xaa\xe5\x2e\xaa\x19\x82\x72\x57\x75\x23\x60\x75\xb3\xf7\x07\
\xd6\x3e\x8f\x8d\x80\x55\x28\x53\xd7\x38\xb1\x5b\x4f\xea\x67\xc1\
\x83\x59\xb0\x6a\xce\x4e\x35\xa1\x72\x6c\x0f\xeb\x74\x1e\x2c\x17\
\x5a\xae\x9d\x64\xdc\xd6\xa1\xb1\x9b\xc0\x6c\xaf\x8f\xa3\xed\x27\
\x7f\x54\x69\xcb\xe9\x76\x81\xe2\xc4\x5e\x3a\x65\xf7\x42\x2e\xa7\
\x85\x8c\xa3\xd5\x20\x64\x7f\xc8\x8c\x64\x73\x50\xb8\x99\x19\x42\
\xf8\x11\xf6\xa3\xe1\xf4\x63\x14\x7d\x56\xdf\xc4\x67\x4d\xa3\x1a\
\x8a\x22\xaa\xca\xe3\x27\xf3\xbc\x1a\x65\x27\x54\xbf\x1b\x4a\xd2\
\x78\xa0\xda\x2e\xd4\xbb\xd1\x34\x99\x0b\x58\x70\x0c\x59\xde\x77\
\x1f\x33\x0b\xd8\x91\xb9\x80\x2a\xa3\xbd\x77\x7d\x2d\x91\x0b\x26\
\xa0\xb0\x37\x1a\x1e\xd7\xc2\x75\x64\x1e\x40\x38\xe2\x11\xfc\x6e\
\xbc\x96\xca\x85\x7b\xc1\xe9\x3b\xa1\x80\xc2\x85\x61\xf5\x69\xb8\
\xea\xb8\x12\x48\xd1\x28\xa8\x77\xdc\xb1\x79\x11\xe5\xf3\x61\x4d\
\x76\x5f\xfe\x4a\x10\xa3\xa3\xde\xad\xe9\xaa\xbe\xe9\x1c\x58\x4b\
\x69\xe1\x0d\x5d\xef\x77\x81\x49\x32\x0b\x69\xae\xa9\x3d\x83\x24\
\xc9\x2c\x24\xcf\xfd\xc4\xc5\xf6\xf4\xdc\x85\xc0\x0c\xf7\x0e\xce\
\x5a\x81\x7d\x23\xf0\x2e\xcc\x73\x23\x48\x66\x01\x5e\x68\xd2\xcf\
\xa0\x41\xfc\xad\x2c\xb0\xab\xae\x25\x66\x20\x15\xbd\x85\x39\x7b\
\x43\x33\x83\xa5\xe8\xec\xf5\xcd\xdd\x15\xcc\xad\x4b\xd2\x75\x58\
\x77\x3f\xb7\x87\x11\x56\xd2\xb7\x00\x8e\x3b\x18\x97\x01\x2a\xf3\
\xe0\xe3\x19\xaa\xa8\xf0\xcc\xbe\x86\x39\x96\xad\x8d\xb0\x82\x0c\
\x4d\x43\x55\xbf\x43\xb6\xff\xb4\x70\x29\x42\x16\x4a\x22\xef\xfc\
\xcf\x4b\x2f\x05\xc4\x95\x27\x52\x4f\x93\xf9\x88\xa6\x27\x83\x16\
\x6e\x4f\x84\x3f\x27\xaf\x3f\x30\x17\xfa\xd1\x6e\x4b\x87\x5e\xcc\
\x1b\x33\xa2\x17\xf3\x86\xa4\xe8\xc5\xbb\x31\x2f\xfa\x31\x6f\x49\
\x8d\x5e\xc4\xef\xca\x8e\x5e\xa4\xef\x4e\x90\x23\xb4\x5b\x93\xe4\
\x08\xec\xe6\x3c\xd9\xa1\xfd\xc0\x54\xe9\x42\xde\x90\x2d\x5d\xb0\
\x1b\x12\xa6\x0b\xf6\x7f\xc8\x99\xee\x22\x6e\x4f\x9b\x2e\xe6\x6d\
\x99\xd3\xc5\xfb\x21\xc9\xd3\x85\xbd\x29\x7f\x7a\x56\x79\x4b\x0a\
\x35\xe0\xd4\x11\xac\x62\xb0\x23\xae\xbf\xcb\x97\x02\x76\xf2\xb7\
\x8d\x0d\xed\xac\xa8\xed\xc0\xf8\x26\xa3\x47\xf9\xab\x4f\x8c\x0d\
\x17\xf2\xc8\xa8\xdb\x2c\xde\xb3\x69\xd7\x16\xb4\x90\x45\x85\x9c\
\xf3\xa4\x3e\x34\x7b\xdf\x78\x91\x2f\x9c\xc1\x39\xb9\xa9\x6b\x08\
\xb5\x87\x1a\xa5\xb4\xbb\x0e\xe8\xfa\x21\x12\xa5\x6b\xc5\xf5\xad\
\xb4\xd1\xdb\x7b\xdf\x4c\x90\x31\x75\xb7\xda\xdd\x5c\xe7\x41\x8e\
\x3f\x63\x2e\xdf\x0f\xa6\xdd\xb3\x33\x88\x43\xa7\x5f\xad\x6d\xdf\
\x78\x5c\xc5\x16\xf3\xc3\x70\x25\xdf\xb7\x48\x94\x4c\x9a\xb9\xfc\
\x18\xc2\x28\x6b\xea\x51\xf3\xc1\xec\x37\x9a\x02\x7a\xe4\x53\x2c\
\xe0\x00\xef\x65\x13\x66\x98\x52\x9b\x00\xd6\xdc\x9c\x65\x3e\xab\
\x10\xd4\x2c\xac\x33\x15\xad\x42\x50\xa9\xda\x06\x8e\xd1\xe8\xbe\
\xbc\xeb\x57\xac\xbb\x1b\x3d\x73\x4a\xff\xd1\x5e\x85\xee\xa6\x15\
\x14\x5b\x2d\x46\xa3\x65\x31\xd5\xe3\xf0\xbd\xd6\xb2\x2b\xd6\x45\
\x36\x6e\x63\x98\x2f\x9b\x8e\xda\x55\xf2\xcd\xc5\x51\x37\xce\xba\
\xfb\xf0\x0a\x10\xc9\xff\x9e\xb1\xeb\x86\xfd\x5b\x2f\x31\xda\xe0\
\xc4\xe9\xa4\x4c\x03\x56\x88\x4c\xdf\x51\x7e\x28\xf2\x62\x83\x97\
\x63\xb8\x6c\xbd\x5b\x27\x0f\x97\x96\x78\x01\x18\x67\x08\xc7\xc8\
\x5a\xa7\x66\x36\xb5\x79\x11\x3e\xb3\xdf\x89\xc6\x1c\xf5\xef\x12\
\xcf\xbb\x89\x6b\x5f\xab\x6d\x4e\xb7\xfd\x15\xe3\xbe\x64\xf5\xc7\
\x7d\x41\xb8\xa8\xc3\xec\x44\x68\xfe\xc9\x77\xc5\xd6\xbd\xb9\x31\
\x8f\x35\x61\x71\x7d\xcf\xff\x02\xf5\xcc\x65\xe7\x3c\x7b\xf5\x76\
\xc6\x78\xd9\xba\x9f\xbf\xf3\x36\xcf\x5b\x0d\x7e\xfb\x1f\x55\xa2\
\xa9\x60\
\x00\x00\x06\x90\
\x00\
\x00\x17\x15\x78\x9c\xc5\x58\x6d\x6f\xdb\x36\x10\xfe\xee\x5f\xc1\
\xaa\x45\x4d\x35\xb6\xea\x64\x2b\x06\xcc\x4d\x87\xc4\xc8\x9a\x00\
\x4d\x87\xad\xf9\xd6\x6e\x01\x2d\xd1\x16\x57\x59\x14\x28\x2a\x76\
\xb0\xe4\xbf\xef\x4e\x14\x25\x4a\x96\x1d\xb7\x18\x30\x23\xb1\xf5\
\x72\xf7\xdc\xf1\x78\x7c\xee\x48\xaf\xc8\x39\xc9\xb5\x12\xa1\xf6\
\xa6\x83\xc1\x5a\xa4\x91\x5c\x07\x67\x49\x22\xd7\xe7\x2c\xfc\xfa\
\xab\x92\xab\x4b\x91\x6b\xa9\xee\xc9\x29\x59\xb0\x24\xe7\xd3\xc1\
\xa2\x48\x43\x2d\x64\x4a\x66\x31\x0f\xbf\x7e\x90\x21\xc3\x3b\xea\
\x93\x7f\x06\x04\x3e\x77\x4c\x01\x22\x53\x1a\x34\xbc\xe7\x4b\x79\
\xab\xe5\xed\x8a\xe7\x39\x5b\x72\x30\x61\x25\x62\x96\xc7\x20\x90\
\x54\xda\x01\xde\x9b\xb7\x62\x41\x28\xde\x05\x79\x31\x07\xcf\xe8\
\x64\x64\xe0\x82\x84\xa7\x4b\x1d\xfb\xe4\xf4\xd4\x3c\xb0\x06\x2d\
\x64\x65\xe4\x2a\x02\xdc\x8c\xa9\x9c\x5f\xa5\xba\x85\xd4\x82\xf1\
\xa7\xb5\x32\x5a\xac\x95\x5d\x54\xfc\xbc\x97\x37\xf2\xda\xbc\x74\
\x84\x1a\xe5\xc7\xf2\xea\x91\x70\x88\x4d\xed\x3b\xfa\xe8\x3d\x67\
\x18\xc6\xdb\x39\xc4\xd1\x73\x51\xf7\x07\x59\xab\x82\x1b\xf4\xc7\
\xc1\xe3\xa0\x09\xf6\xa7\x58\xae\x6f\x24\xcb\x35\xd5\x7c\xa3\xdd\
\x60\x87\x32\xd5\x4c\xa4\x5c\x81\x76\x24\xc3\x62\xc5\x53\x1d\x84\
\x8a\x33\xcd\x2f\x12\x8e\x77\xd4\x8b\xc4\x9d\x57\x39\x5d\x8b\x07\
\x61\xc2\xf2\xfc\x23\x5b\x71\x9c\x29\x8d\xd8\xb7\xf5\x4b\x67\xaa\
\x44\x6a\xb0\x1b\x45\x96\x65\x3c\x8d\x66\xb1\x48\x22\xba\xd7\x62\
\x65\xb2\x44\xe8\x33\x37\x97\xd1\xbd\xe7\xca\xec\x41\xbe\x81\x61\
\x7f\x94\x11\x37\xe3\xf7\x1b\xff\x8c\x0e\x8f\xdc\xe1\x23\x70\x0b\
\xac\x76\xbe\x52\xcc\xb9\xbe\x11\x2b\x2e\x0b\x4d\xeb\x10\x53\x77\
\x96\xce\xa2\x68\x86\x0e\x53\x0b\x3f\xb2\x4e\xe7\x30\x13\xa9\xe7\
\xa4\xc0\x93\x58\xf8\xf9\x83\xaf\xe4\x1d\x3f\x14\xf2\x60\x58\xfc\
\xb4\x47\xad\x8c\xa1\x72\xd4\xd6\x50\x07\xf9\x71\x44\x7e\x98\x4c\
\x26\x6e\x16\xb7\x9e\xc0\x1d\x5e\x76\xd3\xef\x12\x32\x5b\xb3\x25\
\x85\x7f\xeb\x46\x93\x95\xde\x4d\x2c\x72\x02\x7f\xac\x5c\xdb\x20\
\x43\x86\xcf\x3d\x72\x44\xf0\xea\x88\x78\x43\x92\x88\xf4\x6b\x60\
\x07\xa9\xb8\x2e\x54\x6a\x29\xa5\x6b\x69\x76\xa0\xa5\xd0\x5a\x7a\
\xf1\xbd\x96\xce\xa5\x9e\xc9\xd5\x8a\xa5\x98\x22\xe5\xef\x5e\x83\
\x73\xa9\x49\x25\x47\x86\xaf\xd1\xa8\xbd\xfb\x56\xc3\xd7\x30\x61\
\x70\x8d\xeb\x81\xee\x35\x89\x98\x44\x4b\xb8\x02\xae\x46\x96\x2b\
\xf5\x20\xdd\xe7\xf7\x24\x05\xed\x03\xed\x7d\x94\xfa\x83\x64\x90\
\x0b\x17\x2b\xf9\xb7\xd8\x69\x32\x2c\x80\x88\x56\x84\xa3\x10\xda\
\x4f\x61\xc0\x22\x0d\x93\xa2\x4c\xd7\x30\x66\xe9\x92\x93\x88\x69\
\x46\xf8\x26\x93\x4a\x8b\x74\x89\x89\x8a\xbf\x39\x7a\x09\xcc\x96\
\x26\x60\xe7\x70\xaf\xce\xee\x98\x48\xd8\x3c\xe1\xdf\xee\x18\xb3\
\xaa\x07\x5a\x43\x0a\x99\xc9\x4c\x70\xc3\x07\x10\x49\x6b\x2d\x65\
\x77\x62\xc9\x80\x82\x81\xa5\x44\x36\x97\x4c\x45\xc1\x5a\x09\xc3\
\x3a\xb5\xf0\x74\xcb\x33\x78\x0b\x19\x80\x88\x38\xf8\x46\xf7\x30\
\x7f\x3e\x65\x52\x24\x5c\x41\x9a\xab\x25\xaf\x7d\xc1\x22\x62\x9e\
\x18\xca\xfc\x00\xb5\x21\xa8\xf8\x2b\xa7\x5e\x2c\xa2\x88\x03\x59\
\xb8\x4c\xb0\x25\xae\xe5\x72\x99\xf0\x46\xb8\xaf\xa2\xd4\x0c\xc7\
\x0d\x67\x8f\xca\x74\x6a\x55\x96\x42\x29\x78\x01\xc4\x5a\x89\x34\
\x1c\xde\xd0\x2f\xe4\x81\x82\xba\x88\x88\xa7\x24\xe5\x6b\x60\xba\
\xe5\xc5\x26\xa3\x43\xfa\xd7\xc3\x97\x2f\xb9\x3f\x84\xa5\x81\xc0\
\xf0\x33\xa4\xf0\xe0\xe1\x85\x3f\x1c\x91\xe1\x72\x68\x8b\x03\x0c\
\xb7\xc1\x08\x34\x87\xc0\x56\x86\x5b\x63\x34\xa1\xb4\x03\xc1\xef\
\x2d\xa7\xb0\x48\x55\x2e\x83\x31\x62\x2d\xb7\x03\xef\x12\xf1\xff\
\x32\xf2\xa1\x53\xbb\x56\x4c\x87\xd8\x07\x39\x01\xe0\x1b\x1e\xd6\
\x01\x30\x92\x6b\x20\x73\x4e\x28\x7d\x4a\xda\x27\xcf\xc0\x91\x22\
\x49\xdc\xb8\x95\xdd\x0d\x2a\x7e\x3e\xfe\xb3\x6a\x7e\xc8\x3b\x32\
\x21\x2f\x5f\x1a\xeb\x9f\x4f\xdc\xc7\xdd\xfa\xd2\x04\xa2\xba\x72\
\xda\xb2\x52\x3d\x80\x6e\x86\x6f\x60\x88\x1d\x1b\xfe\x56\x99\x3a\
\xea\x42\xf4\xe9\x4f\x6a\x7d\xa7\x38\x99\xe6\xea\xbb\x1c\xfb\x2f\
\xdd\x38\x2c\xf5\xda\xd9\x76\xc1\x72\xfe\x5b\xa1\x7f\x2f\x58\x44\
\xeb\x15\x5e\xb1\x82\x26\xaf\x48\x8f\xf8\x55\xba\x4b\x81\x6a\xf2\
\x96\x4c\x82\x37\x3e\xf9\x85\xd0\x13\xd4\xc6\x7f\x9f\xfc\x0c\xb9\
\xf1\x23\x19\x93\x13\x73\x8b\xcf\xc7\xe4\xb8\x5b\xc1\x43\x25\x93\
\xe4\x92\x8b\x65\xac\xa9\xcb\x35\x5e\xd9\x7a\x99\x17\x1e\x90\x7d\
\xd5\xa0\x6e\xaf\x3d\xdb\xb9\x3a\xf2\xd3\x6e\xf7\x5b\xf7\x22\xf6\
\xa2\x6a\x08\x7b\xd0\x76\x89\x22\x05\xc3\x4f\xcb\xc0\xa0\x4f\xaf\
\x6c\x77\xda\xc2\xdb\x03\xbe\x91\x54\xcb\x0c\x4a\x17\x74\xe3\xd8\
\x8a\xbb\xab\x3c\xd6\xab\xc4\xed\x1a\x3b\x8e\x4c\x7b\xe8\x00\x55\
\x82\xbc\x42\xce\x1a\x89\x88\x27\x50\x13\xa1\x7d\x97\x19\xc4\xbe\
\x4e\x05\xfb\x7a\x21\x52\x51\x6e\x78\xfa\x3b\xb9\x36\xaa\x81\x69\
\xef\x4f\xba\xee\xd7\xcb\xa0\x7a\x4e\xb7\x13\xb5\xa1\xd7\x67\xd5\
\xc4\x65\x5c\x2d\xa4\x82\x76\x25\xe4\x41\x2a\xd7\xe4\xe1\xc1\xfa\
\x7d\xda\x5e\xf9\xc6\x5d\x17\x73\x9b\x7d\x71\x58\x5a\xb1\x34\x17\
\xda\x30\xa0\x93\xea\x2e\xc1\x6d\xe0\x15\xf4\x96\x8d\x37\xc6\xe4\
\x5b\x32\x86\x77\xae\xd1\x26\xc8\x18\x44\x5c\x89\x9b\xc6\xbe\x8d\
\xef\xb8\x7e\xea\x26\x5d\xf9\xf2\x1d\xd9\x0b\x38\xee\x07\xec\xe2\
\x39\x45\xb5\x3b\xb8\x7a\x61\x76\xc3\x10\x15\x8a\x55\x72\xc7\x6f\
\x26\xee\xce\x49\x73\x75\xc7\x30\xc7\x7e\x6a\x9e\x6a\x51\xd2\x45\
\xff\x9c\x50\x77\x63\x93\x0a\x60\x23\xbe\x33\x6b\x50\x06\xa7\xf1\
\x29\x2c\x1b\x78\x94\x7d\x77\x6a\xec\x1f\xd5\x4e\x77\x33\x6a\x7b\
\xee\xbb\xf3\xdf\x0c\xbe\x0e\x00\x06\xb9\xc4\x1f\x97\xf0\x3e\x79\
\x5d\xe3\x4f\x77\x67\xf9\x35\xd3\x71\xa0\x64\x81\xcd\x77\x5d\xb7\
\xcd\xc4\xbc\x72\xc2\x4f\x23\xed\xf7\x6f\xb7\xaa\x08\x8d\xea\x48\
\xdb\x46\x67\x6b\x93\xd7\x27\xd9\x47\x16\x76\xff\x5a\x77\x06\xbd\
\xbc\xc1\xa1\x91\x6e\x6d\xb7\xa1\xfb\xaa\x34\xf3\xf3\xfb\x99\x2d\
\x0a\xd4\xcb\xd8\x92\xdf\x1a\x71\xcf\x87\xaa\x32\xed\x60\x18\xde\
\x42\x5e\x29\x6f\x03\xb9\x58\x80\xd3\x2e\xf5\x7d\x13\x4f\xe5\x0e\
\xc7\x83\x42\x9b\xf2\x9d\xc4\xb2\x7d\x33\xc8\xb4\x54\xc6\x2d\xb7\
\x1a\x85\x8c\x45\x11\x76\xfa\x90\xdf\x4e\x7a\xeb\x72\x12\x6d\x29\
\x34\xae\xb7\x48\x31\xb6\x8e\xb4\x65\xba\xe8\x11\xcf\x85\x2a\xf7\
\xef\x80\x58\x4f\xf3\xd8\xa4\x07\xac\x4f\x4a\x1b\x87\xc7\x15\x28\
\x66\xd8\xc9\xc8\x3a\xe6\x3b\x5a\xfd\x23\xa8\xd3\xee\xba\x24\xa4\
\x32\x15\x5d\x6f\x40\xd1\x8d\x44\xd5\xe9\xdb\x0a\x62\x3c\x11\x90\
\x89\xc6\xd5\x51\x0b\xcf\x77\xb2\xa4\x9d\x55\xfd\x87\x47\x4e\x26\
\x55\x81\xe9\x4f\xa5\xf3\xfb\xab\x88\x7a\xf6\xec\x0c\x19\xb1\x73\
\xfe\x54\xb6\xce\xdb\xf5\xd5\x39\x5f\xeb\x1e\xc0\xb9\x20\x6d\x72\
\x68\x9d\xc4\x61\x1f\x89\xbf\x5d\x6e\x68\x0b\x19\x99\x3e\x4e\xd8\
\xb9\x9a\x76\x1f\x64\x6c\xef\x46\xbc\x1c\x2e\x43\xcd\xa3\xef\x3e\
\x18\xe9\x6d\xf5\x77\xc2\x3e\x8e\x20\xbb\xdb\xa7\x22\x96\x4e\xba\
\xa5\xa1\xbb\x39\xad\x62\x4a\xd6\xcc\x6c\x4c\xcd\xde\x98\x47\x01\
\xe4\xf0\xfd\x1c\x8a\x94\x2e\x5f\x01\xb5\x71\x7c\xda\xec\xc7\xf0\
\x7b\xf7\x1e\xf1\xbd\xc4\xf3\x41\xe0\xae\x30\x96\xca\x6d\xd9\x9e\
\xed\x39\x43\xec\xe9\xb4\xdc\x33\x45\xfc\x8e\x8d\x64\xe0\x36\x0e\
\x25\xac\xb1\x84\x7d\x41\x75\x89\xd9\x78\xa6\xb5\x12\xf3\x42\xf3\
\x03\x90\xab\xe5\xac\x45\x6a\x0b\x62\x0f\x0e\x6c\x4b\x15\x5f\x78\
\xae\x61\x47\xe7\x00\x2b\x4f\x26\x40\x93\xa7\x60\x08\x17\x57\x03\
\x5f\x9f\x70\x1d\xd7\x53\xdd\x9d\x80\x7f\x01\xd9\xd5\x15\x09\
"

qt_resource_name = b"\
\x00\x06\
\x06\xcf\x76\x94\
\x00\x65\
\x00\x78\x00\x70\x00\x6f\x00\x72\x00\x74\
\x00\x02\
\x00\x00\x07\x13\
\x00\x6a\
\x00\x73\
\x00\x03\
\x00\x00\x6a\xa3\
\x00\x63\
\x00\x73\x00\x73\
\x00\x06\
\x07\x03\x7d\xc3\
\x00\x69\
\x00\x6d\x00\x61\x00\x67\x00\x65\x00\x73\
\x00\x12\
\x01\x08\x25\xa7\
\x00\x73\
\x00\x65\x00\x63\x00\x74\x00\x69\x00\x6f\x00\x6e\x00\x5f\x00\x70\x00\x68\x00\x6f\x00\x74\x00\x6f\x00\x73\x00\x2e\x00\x70\x00\x6e\
\x00\x67\
\x00\x14\
\x01\x4a\xf2\x87\
\x00\x73\
\x00\x65\x00\x63\x00\x74\x00\x69\x00\x6f\x00\x6e\x00\x5f\x00\x66\x00\x72\x00\x65\x00\x71\x00\x75\x00\x65\x00\x6e\x00\x74\x00\x2e\
\x00\x70\x00\x6e\x00\x67\
\x00\x11\
\x02\x94\x0f\x07\
\x00\x73\
\x00\x65\x00\x63\x00\x74\x00\x69\x00\x6f\x00\x6e\x00\x5f\x00\x63\x00\x61\x00\x6c\x00\x6c\x00\x73\x00\x2e\x00\x70\x00\x6e\x00\x67\
\
\x00\x12\
\x02\xde\x19\x87\
\x00\x6d\
\x00\x65\x00\x64\x00\x69\x00\x61\x00\x5f\x00\x76\x00\x6f\x00\x69\x00\x63\x00\x65\x00\x40\x00\x32\x00\x78\x00\x2e\x00\x70\x00\x6e\
\x00\x67\
\x00\x12\
\x02\xea\xba\xc7\
\x00\x6d\
\x00\x65\x00\x64\x00\x69\x00\x61\x00\x5f\x00\x76\x00\x69\x00\x64\x00\x65\x00\x6f\x00\x40\x00\x32\x00\x78\x00\x2e\x00\x70\x00\x6e\
\x00\x67\
\x00\x0b\
\x03\x4b\xa4\xa7\
\x00\x62\
\x00\x61\x00\x63\x00\x6b\x00\x40\x00\x32\x00\x78\x00\x2e\x00\x70\x00\x6e\x00\x67\
\x00\x0f\
\x03\x61\x54\x47\
\x00\x6d\
\x00\x65\x00\x64\x00\x69\x00\x61\x00\x5f\x00\x70\x00\x68\x00\x6f\x00\x74\x00\x6f\x00\x2e\x00\x70\x00\x6e\x00\x67\
\x00\x0e\
\x03\x6a\xa0\x07\
\x00\x6d\
\x00\x65\x00\x64\x00\x69\x00\x61\x00\x5f\x00\x67\x00\x61\x00\x6d\x00\x65\x00\x2e\x00\x70\x00\x6e\x00\x67\
\x00\x0e\
\x03\x71\xa0\x87\
\x00\x6d\
\x00\x65\x00\x64\x00\x69\x00\x61\x00\x5f\x00\x63\x00\x61\x00\x6c\x00\x6c\x00\x2e\x00\x70\x00\x6e\x00\x67\
\x00\x12\
\x03\xab\x3c\xc7\
\x00\x6d\
\x00\x65\x00\x64\x00\x69\x00\x61\x00\x5f\x00\x70\x00\x68\x00\x6f\x00\x74\x00\x6f\x00\x40\x00\x32\x00\x78\x00\x2e\x00\x70\x00\x6e\
\x00\x67\
\x00\x15\
\x04\xb5\x77\xe7\
\x00\x73\
\x00\x65\x00\x63\x00\x74\x00\x69\x00\x6f\x00\x6e\x00\x5f\x00\x70\x00\x68\x00\x6f\x00\x74\x00\x6f\x00\x73\x00\x40\x00\x32\x00\x78\
\x00\x2e\x00\x70\x00\x6e\x00\x67\
\x00\x17\
\x05\xee\x6f\x07\
\x00\x73\
\x00\x65\x00\x63\x00\x74\x00\x69\x00\x6f\x00\x6e\x00\x5f\x00\x73\x00\x65\x00\x73\x00\x73\x00\x69\x00\x6f\x00\x6e\x00\x73\x00\x40\
\x00\x32\x00\x78\x00\x2e\x00\x70\x00\x6e\x00\x67\
\x00\x14\
\x06\x0a\x75\x67\
\x00\x73\
\x00\x65\x00\x63\x00\x74\x00\x69\x00\x6f\x00\x6e\x00\x5f\x00\x63\x00\x68\x00\x61\x00\x74\x00\x73\x00\x40\x00\x32\x00\x78\x00\x2e\
\x00\x70\x00\x6e\x00\x67\
\x00\x14\
\x06\x1f\x05\x67\
\x00\x73\
\x00\x65\x00\x63\x00\x74\x00\x69\x00\x6f\x00\x6e\x00\x5f\x00\x63\x00\x61\x00\x6c\x00\x6c\x00\x73\x00\x40\x00\x32\x00\x78\x00\x2e\
\x00\x70\x00\x6e\x00\x67\
\x00\x08\
\x07\x9e\x5a\x47\
\x00\x62\
\x00\x61\x00\x63\x00\x6b\x00\x2e\x00\x70\x00\x6e\x00\x67\
\x00\x11\
\x08\x25\xf7\xc7\
\x00\x6d\
\x00\x65\x00\x64\x00\x69\x00\x61\x00\x5f\x00\x63\x00\x6f\x00\x6e\x00\x74\x00\x61\x00\x63\x00\x74\x00\x2e\x00\x70\x00\x6e\x00\x67\
\
\x00\x0e\
\x08\x3d\xa6\x87\
\x00\x6d\
\x00\x65\x00\x64\x00\x69\x00\x61\x00\x5f\x00\x73\x00\x68\x00\x6f\x00\x70\x00\x2e\x00\x70\x00\x6e\x00\x67\
\x00\x0f\
\x08\xd4\xf1\x67\
\x00\x73\
\x00\x65\x00\x63\x00\x74\x00\x69\x00\x6f\x00\x6e\x00\x5f\x00\x77\x00\x65\x00\x62\x00\x2e\x00\x70\x00\x6e\x00\x67\
\x00\x12\
\x08\xe4\xdb\xe7\
\x00\x6d\
\x00\x65\x00\x64\x00\x69\x00\x61\x00\x5f\x00\x6c\x00\x6f\x00\x63\x00\x61\x00\x74\x00\x69\x00\x6f\x00\x6e\x00\x2e\x00\x70\x00\x6e\
\x00\x67\
\x00\x11\
\x09\x14\x0e\x47\
\x00\x73\
\x00\x65\x00\x63\x00\x74\x00\x69\x00\x6f\x00\x6e\x00\x5f\x00\x63\x00\x68\x00\x61\x00\x74\x00\x73\x00\x2e\x00\x70\x00\x6e\x00\x67\
\
\x00\x16\
\x09\x7e\x68\x47\
\x00\x73\
\x00\x65\x00\x63\x00\x74\x00\x69\x00\x6f\x00\x6e\x00\x5f\x00\x73\x00\x74\x00\x6f\x00\x72\x00\x69\x00\x65\x00\x73\x00\x40\x00\x32\
\x00\x78\x00\x2e\x00\x70\x00\x6e\x00\x67\
\x00\x14\
\x09\x92\x52\x07\
\x00\x6d\
\x00\x65\x00\x64\x00\x69\x00\x61\x00\x5f\x00\x63\x00\x6f\x00\x6e\x00\x74\x00\x61\x00\x63\x00\x74\x00\x40\x00\x32\x00\x78\x00\x2e\
\x00\x70\x00\x6e\x00\x67\
\x00\x14\
\x09\xc3\x30\x07\
\x00\x73\
\x00\x65\x00\x63\x00\x74\x00\x69\x00\x6f\x00\x6e\x00\x5f\x00\x73\x00\x65\x00\x73\x00\x73\x00\x69\x00\x6f\x00\x6e\x00\x73\x00\x2e\
\x00\x70\x00\x6e\x00\x67\
\x00\x17\
\x09\xc7\x7f\xe7\
\x00\x73\
\x00\x65\x00\x63\x00\x74\x00\x69\x00\x6f\x00\x6e\x00\x5f\x00\x66\x00\x72\x00\x65\x00\x71\x00\x75\x00\x65\x00\x6e\x00\x74\x00\x40\
\x00\x32\x00\x78\x00\x2e\x00\x70\x00\x6e\x00\x67\
\x00\x14\
\x09\xe2\xbb\x47\
\x00\x73\
\x00\x65\x00\x63\x00\x74\x00\x69\x00\x6f\x00\x6e\x00\x5f\x00\x6f\x00\x74\x00\x68\x00\x65\x00\x72\x00\x40\x00\x32\x00\x78\x00\x2e\
\x00\x70\x00\x6e\x00\x67\
\x00\x12\
\x09\xf8\x4d\xa7\
\x00\x73\
\x00\x65\x00\x63\x00\x74\x00\x69\x00\x6f\x00\x6e\x00\x5f\x00\x77\x00\x65\x00\x62\x00\x40\x00\x32\x00\x78\x00\x2e\x00\x70\x00\x6e\
\x00\x67\
\x00\x13\
\x09\xfd\xf9\x07\
\x00\x73\
\x00\x65\x00\x63\x00\x74\x00\x69\x00\x6f\x00\x6e\x00\x5f\x00\x73\x00\x74\x00\x6f\x00\x72\x00\x69\x00\x65\x00\x73\x00\x2e\x00\x70\
\x00\x6e\x00\x67\
\x00\x0f\
\x0a\x7b\x43\x07\
\x00\x6d\
\x00\x65\x00\x64\x00\x69\x00\x61\x00\x5f\x00\x76\x00\x6f\x00\x69\x00\x63\x00\x65\x00\x2e\x00\x70\x00\x6e\x00\x67\
\x00\x15\
\x0b\x50\x4b\xa7\
\x00\x6d\
\x00\x65\x00\x64\x00\x69\x00\x61\x00\x5f\x00\x6c\x00\x6f\x00\x63\x00\x61\x00\x74\x00\x69\x00\x6f\x00\x6e\x00\x40\x00\x32\x00\x78\
\x00\x2e\x00\x70\x00\x6e\x00\x67\
\x00\x0e\
\x0b\x7a\xa0\x27\
\x00\x6d\
\x00\x65\x00\x64\x00\x69\x00\x61\x00\x5f\x00\x66\x00\x69\x00\x6c\x00\x65\x00\x2e\x00\x70\x00\x6e\x00\x67\
\x00\x17\
\x0b\x98\xbc\xa7\
\x00\x73\
\x00\x65\x00\x63\x00\x74\x00\x69\x00\x6f\x00\x6e\x00\x5f\x00\x63\x00\x6f\x00\x6e\x00\x74\x00\x61\x00\x63\x00\x74\x00\x73\x00\x40\
\x00\x32\x00\x78\x00\x2e\x00\x70\x00\x6e\x00\x67\
\x00\x12\
\x0b\xec\xd4\x47\
\x00\x6d\
\x00\x65\x00\x64\x00\x69\x00\x61\x00\x5f\x00\x6d\x00\x75\x00\x73\x00\x69\x00\x63\x00\x40\x00\x32\x00\x78\x00\x2e\x00\x70\x00\x6e\
\x00\x67\
\x00\x0f\
\x0c\x1d\xd0\x27\
\x00\x6d\
\x00\x65\x00\x64\x00\x69\x00\x61\x00\x5f\x00\x6d\x00\x75\x00\x73\x00\x69\x00\x63\x00\x2e\x00\x70\x00\x6e\x00\x67\
\x00\x11\
\x0c\x86\x50\x07\
\x00\x6d\
\x00\x65\x00\x64\x00\x69\x00\x61\x00\x5f\x00\x73\x00\x68\x00\x6f\x00\x70\x00\x40\x00\x32\x00\x78\x00\x2e\x00\x70\x00\x6e\x00\x67\
\
\x00\x11\
\x0c\xe7\x3a\x87\
\x00\x6d\
\x00\x65\x00\x64\x00\x69\x00\x61\x00\x5f\x00\x63\x00\x61\x00\x6c\x00\x6c\x00\x40\x00\x32\x00\x78\x00\x2e\x00\x70\x00\x6e\x00\x67\
\
\x00\x11\
\x0c\xec\x39\xa7\
\x00\x6d\
\x00\x65\x00\x64\x00\x69\x00\x61\x00\x5f\x00\x66\x00\x69\x00\x6c\x00\x65\x00\x40\x00\x32\x00\x78\x00\x2e\x00\x70\x00\x6e\x00\x67\
\
\x00\x11\
\x0c\xef\x3b\xa7\
\x00\x6d\
\x00\x65\x00\x64\x00\x69\x00\x61\x00\x5f\x00\x67\x00\x61\x00\x6d\x00\x65\x00\x40\x00\x32\x00\x78\x00\x2e\x00\x70\x00\x6e\x00\x67\
\
\x00\x14\
\x0f\x5e\xd7\x67\
\x00\x73\
\x00\x65\x00\x63\x00\x74\x00\x69\x00\x6f\x00\x6e\x00\x5f\x00\x63\x00\x6f\x00\x6e\x00\x74\x00\x61\x00\x63\x00\x74\x00\x73\x00\x2e\
\x00\x70\x00\x6e\x00\x67\
\x00\x11\
\x0f\x63\xf0\xc7\
\x00\x73\
\x00\x65\x00\x63\x00\x74\x00\x69\x00\x6f\x00\x6e\x00\x5f\x00\x6f\x00\x74\x00\x68\x00\x65\x00\x72\x00\x2e\x00\x70\x00\x6e\x00\x67\
\
\x00\x0f\
\x0f\x71\x40\x47\
\x00\x6d\
\x00\x65\x00\x64\x00\x69\x00\x61\x00\x5f\x00\x76\x00\x69\x00\x64\x00\x65\x00\x6f\x00\x2e\x00\x70\x00\x6e\x00\x67\
\x00\x09\
\x00\x28\xbf\x23\
\x00\x73\
\x00\x74\x00\x79\x00\x6c\x00\x65\x00\x2e\x00\x63\x00\x73\x00\x73\
\x00\x09\
\x09\x07\x86\x53\
\x00\x73\
\x00\x63\x00\x72\x00\x69\x00\x70\x00\x74\x00\x2e\x00\x6a\x00\x73\
"

qt_resource_struct_v1 = b"\
\x00\x00\x00\x00\x00\x02\x00\x00\x00\x01\x00\x00\x00\x01\
\x00\x00\x00\x00\x00\x02\x00\x00\x00\x03\x00\x00\x00\x02\
\x00\x00\x00\x12\x00\x02\x00\x00\x00\x01\x00\x00\x00\x2e\
\x00\x00\x00\x1c\x00\x02\x00\x00\x00\x01\x00\x00\x00\x2d\
\x00\x00\x00\x28\x00\x02\x00\x00\x00\x28\x00\x00\x00\x05\
\x00\x00\x00\x3a\x00\x00\x00\x00\x00\x01\x00\x00\x00\x00\
\x00\x00\x00\x64\x00\x00\x00\x00\x00\x01\x00\x00\x01\xa3\
\x00\x00\x00\x92\x00\x00\x00\x00\x00\x01\x00\x00\x04\xaa\
\x00\x00\x00\xba\x00\x00\x00\x00\x00\x01\x00\x00\x07\x3e\
\x00\x00\x00\xe4\x00\x00\x00\x00\x00\x01\x00\x00\x09\xd6\
\x00\x00\x01\x0e\x00\x00\x00\x00\x00\x01\x00\x00\x0b\x75\
\x00\x00\x01\x2a\x00\x00\x00\x00\x00\x01\x00\x00\x0d\x7f\
\x00\x00\x01\x4e\x00\x00\x00\x00\x00\x01\x00\x00\x0e\x76\
\x00\x00\x01\x70\x00\x00\x00\x00\x00\x01\x00\x00\x0f\x89\
\x00\x00\x01\x92\x00\x00\x00\x00\x00\x01\x00\x00\x11\x2e\
\x00\x00\x01\xbc\x00\x00\x00\x00\x00\x01\x00\x00\x12\xfc\
\x00\x00\x01\xec\x00\x00\x00\x00\x00\x01\x00\x00\x15\xee\
\x00\x00\x02\x20\x00\x00\x00\x00\x00\x01\x00\x00\x16\xca\
\x00\x00\x02\x4e\x00\x00\x00\x00\x00\x01\x00\x00\x18\x94\
\x00\x00\x02\x7c\x00\x00\x00\x00\x00\x01\x00\x00\x1d\xac\
\x00\x00\x02\x92\x00\x00\x00\x00\x00\x01\x00\x00\x1e\xe8\
\x00\x00\x02\xba\x00\x00\x00\x00\x00\x01\x00\x00\x20\x2f\
\x00\x00\x02\xdc\x00\x00\x00\x00\x00\x01\x00\x00\x21\xac\
\x00\x00\x03\x00\x00\x00\x00\x00\x00\x01\x00\x00\x22\xba\
\x00\x00\x03\x2a\x00\x00\x00\x00\x00\x01\x00\x00\x24\x9e\
\x00\x00\x03\x52\x00\x00\x00\x00\x00\x01\x00\x00\x25\xbd\
\x00\x00\x03\x84\x00\x00\x00\x00\x00\x01\x00\x00\x2a\x21\
\x00\x00\x03\xb2\x00\x00\x00\x00\x00\x01\x00\x00\x2c\x7d\
\x00\x00\x03\xe0\x00\x00\x00\x00\x00\x01\x00\x00\x2d\x07\
\x00\x00\x04\x14\x00\x00\x00\x00\x00\x01\x00\x00\x33\xab\
\x00\x00\x04\x42\x00\x00\x00\x00\x00\x01\x00\x00\x34\xbc\
\x00\x00\x04\x6c\x00\x00\x00\x00\x00\x01\x00\x00\x36\x7f\
\x00\x00\x04\x98\x00\x00\x00\x00\x00\x01\x00\x00\x38\xe0\
\x00\x00\x04\xbc\x00\x00\x00\x00\x00\x01\x00\x00\x3a\x2c\
\x00\x00\x04\xec\x00\x00\x00\x00\x00\x01\x00\x00\x3e\x0f\
\x00\x00\x05\x0e\x00\x00\x00\x00\x00\x01\x00\x00\x3e\xff\
\x00\x00\x05\x42\x00\x00\x00\x00\x00\x01\x00\x00\x43\x02\
\x00\x00\x05\x6c\x00\x00\x00\x00\x00\x01\x00\x00\x44\xd6\
\x00\x00\x05\x90\x00\x00\x00\x00\x00\x01\x00\x00\x45\xed\
\x00\x00\x05\xb8\x00\x00\x00\x00\x00\x01\x00\x00\x49\x07\
\x00\x00\x05\xe0\x00\x00\x00\x00\x00\x01\x00\x00\x4c\x3a\
\x00\x00\x06\x08\x00\x00\x00\x00\x00\x01\x00\x00\x4d\xd6\
\x00\x00\x06\x30\x00\x00\x00\x00\x00\x01\x00\x00\x4f\xd8\
\x00\x00\x06\x5e\x00\x00\x00\x00\x00\x01\x00\x00\x51\xd8\
\x00\x00\x06\x86\x00\x00\x00\x00\x00\x01\x00\x00\x52\x77\
\x00\x00\x06\xaa\x00\x01\x00\x00\x00\x01\x00\x00\x53\x66\
\x00\x00\x06\xc2\x00\x01\x00\x00\x00\x01\x00\x00\x5e\x2d\
"

qt_resource_struct_v2 = b"\
\x00\x00\x00\x00\x00\x02\x00\x00\x00\x01\x00\x00\x00\x01\
\x00\x00\x00\x00\x00\x00\x00\x00\
\x00\x00\x00\x00\x00\x02\x00\x00\x00\x03\x00\x00\x00\x02\
\x00\x00\x00\x00\x00\x00\x00\x00\
\x00\x00\x00\x12\x00\x02\x00\x00\x00\x01\x00\x00\x00\x2e\
\x00\x00\x00\x00\x00\x00\x00\x00\
\x00\x00\x00\x1c\x00\x02\x00\x00\x00\x01\x00\x00\x00\x2d\
\x00\x00\x00\x00\x00\x00\x00\x00\
\x00\x00\x00\x28\x00\x02\x00\x00\x00\x28\x00\x00\x00\x05\
\x00\x00\x00\x00\x00\x00\x00\x00\
\x00\x00\x00\x3a\x00\x00\x00\x00\x00\x01\x00\x00\x00\x00\
\x00\x00\x01\x97\x58\xbf\xc0\x12\
\x00\x00\x00\x64\x00\x00\x00\x00\x00\x01\x00\x00\x01\xa3\
\x00\x00\x01\x97\x58\xbf\xc0\x12\
\x00\x00\x00\x92\x00\x00\x00\x00\x00\x01\x00\x00\x04\xaa\
\x00\x00\x01\x97\x58\xbf\xc0\x12\
\x00\x00\x00\xba\x00\x00\x00\x00\x00\x01\x00\x00\x07\x3e\
\x00\x00\x01\x97\x58\xbf\xc0\x12\
\x00\x00\x00\xe4\x00\x00\x00\x00\x00\x01\x00\x00\x09\xd6\
\x00\x00\x01\x97\x58\xbf\xc0\x12\
\x00\x00\x01\x0e\x00\x00\x00\x00\x00\x01\x00\x00\x0b\x75\
\x00\x00\x01\x97\x58\xbf\xc0\x12\
\x00\x00\x01\x2a\x00\x00\x00\x00\x00\x01\x00\x00\x0d\x7f\
\x00\x00\x01\x97\x58\xbf\xc0\x12\
\x00\x00\x01\x4e\x00\x00\x00\x00\x00\x01\x00\x00\x0e\x76\
\x00\x00\x01\x97\x58\xbf\xc0\x12\
\x00\x00\x01\x70\x00\x00\x00\x00\x00\x01\x00\x00\x0f\x89\
\x00\x00\x01\x97\x58\xbf\xc0\x12\
\x00\x00\x01\x92\x00\x00\x00\x00\x00\x01\x00\x00\x11\x2e\
\x00\x00\x01\x97\x58\xbf\xc0\x12\
\x00\x00\x01\xbc\x00\x00\x00\x00\x00\x01\x00\x00\x12\xfc\
\x00\x00\x01\x97\x58\xbf\xc0\x12\
\x00\x00\x01\xec\x00\x00\x00\x00\x00\x01\x00\x00\x15\xee\
\x00\x00\x01\x97\x58\xbf\xc0\x12\
\x00\x00\x02\x20\x00\x00\x00\x00\x00\x01\x00\x00\x16\xca\
\x00\x00\x01\x97\x58\xbf\xc0\x12\
\x00\x00\x02\x4e\x00\x00\x00\x00\x00\x01\x00\x00\x18\x94\
\x00\x00\x01\x97\x58\xbf\xc0\x12\
\x00\x00\x02\x7c\x00\x00\x00\x00\x00\x01\x00\x00\x1d\xac\
\x00\x00\x01\x97\x58\xbf\xc0\x12\
\x00\x00\x02\x92\x00\x00\x00\x00\x00\x01\x00\x00\x1e\xe8\
\x00\x00\x01\x97\x58\xbf\xc0\x12\
\x00\x00\x02\xba\x00\x00\x00\x00\x00\x01\x00\x00\x20\x2f\
\x00\x00\x01\x97\x58\xbf\xc0\x12\
\x00\x00\x02\xdc\x00\x00\x00\x00\x00\x01\x00\x00\x21\xac\
\x00\x00\x01\x97\x58\xbf\xc0\x12\
\x00\x00\x03\x00\x00\x00\x00\x00\x00\x01\x00\x00\x22\xba\
\x00\x00\x01\x97\x58\xbf\xc0\x12\
\x00\x00\x03\x2a\x00\x00\x00\x00\x00\x01\x00\x00\x24\x9e\
\x00\x00\x01\x97\x58\xbf\xc0\x12\
\x00\x00\x03\x52\x00\x00\x00\x00\x00\x01\x00\x00\x25\xbd\
\x00\x00\x01\x97\x58\xbf\xc0\x12\
\x00\x00\x03\x84\x00\x00\x00\x00\x00\x01\x00\x00\x2a\x21\
\x00\x00\x01\x97\x58\xbf\xc0\x12\
\x00\x00\x03\xb2\x00\x00\x00\x00\x00\x01\x00\x00\x2c\x7d\
\x00\x00\x01\x97\x58\xbf\xc0\x12\
\x00\x00\x03\xe0\x00\x00\x00\x00\x00\x01\x00\x00\x2d\x07\
\x00\x00\x01\x97\x58\xbf\xc0\x12\
\x00\x00\x04\x14\x00\x00\x00\x00\x00\x01\x00\x00\x33\xab\
\x00\x00\x01\x97\x58\xbf\xc0\x12\
\x00\x00\x04\x42\x00\x00\x00\x00\x00\x01\x00\x00\x34\xbc\
\x00\x00\x01\x97\x58\xbf\xc0\x12\
\x00\x00\x04\x6c\x00\x00\x00\x00\x00\x01\x00\x00\x36\x7f\
\x00\x00\x01\x97\x58\xbf\xc0\x12\
\x00\x00\x04\x98\x00\x00\x00\x00\x00\x01\x00\x00\x38\xe0\
\x00\x00\x01\x97\x58\xbf\xc0\x12\
\x00\x00\x04\xbc\x00\x00\x00\x00\x00\x01\x00\x00\x3a\x2c\
\x00\x00\x01\x97\x58\xbf\xc0\x12\
\x00\x00\x04\xec\x00\x00\x00\x00\x00\x01\x00\x00\x3e\x0f\
\x00\x00\x01\x97\x58\xbf\xc0\x12\
\x00\x00\x05\x0e\x00\x00\x00\x00\x00\x01\x00\x00\x3e\xff\
\x00\x00\x01\x97\x58\xbf\xc0\x12\
\x00\x00\x05\x42\x00\x00\x00\x00\x00\x01\x00\x00\x43\x02\
\x00\x00\x01\x97\x58\xbf\xc0\x12\
\x00\x00\x05\x6c\x00\x00\x00\x00\x00\x01\x00\x00\x44\xd6\
\x00\x00\x01\x97\x58\xbf\xc0\x12\
\x00\x00\x05\x90\x00\x00\x00\x00\x00\x01\x00\x00\x45\xed\
\x00\x00\x01\x97\x58\xbf\xc0\x12\
\x00\x00\x05\xb8\x00\x00\x00\x00\x00\x01\x00\x00\x49\x07\
\x00\x00\x01\x97\x58\xbf\xc0\x12\
\x00\x00\x05\xe0\x00\x00\x00\x00\x00\x01\x00\x00\x4c\x3a\
\x00\x00\x01\x97\x58\xbf\xc0\x12\
\x00\x00\x06\x08\x00\x00\x00\x00\x00\x01\x00\x00\x4d\xd6\
\x00\x00\x01\x97\x58\xbf\xc0\x12\
\x00\x00\x06\x30\x00\x00\x00\x00\x00\x01\x00\x00\x4f\xd8\
\x00\x00\x01\x97\x58\xbf\xc0\x12\
\x00\x00\x06\x5e\x00\x00\x00\x00\x00\x01\x00\x00\x51\xd8\
\x00\x00\x01\x97\x58\xbf\xc0\x12\
\x00\x00\x06\x86\x00\x00\x00\x00\x00\x01\x00\x00\x52\x77\
\x00\x00\x01\x97\x58\xbf\xc0\x12\
\x00\x00\x06\xaa\x00\x01\x00\x00\x00\x01\x00\x00\x53\x66\
\x00\x00\x01\x97\x58\xbf\xc0\x12\
\x00\x00\x06\xc2\x00\x01\x00\x00\x00\x01\x00\x00\x5e\x2d\
\x00\x00\x01\x97\x58\xbf\xc0\x12\
"

qt_version = [int(v) for v in QtCore.qVersion().split('.')]
if qt_version < [5, 8, 0]:
    rcc_version = 1
    qt_resource_struct = qt_resource_struct_v1
else:
    rcc_version = 2
    qt_resource_struct = qt_resource_struct_v2

def qInitResources():
    QtCore.qRegisterResourceData(rcc_version, qt_resource_struct, qt_resource_name, qt_resource_data)

def qCleanupResources():
    QtCore.qUnregisterResourceData(rcc_version, qt_resource_struct, qt_resource_name, qt_resource_data)

qInitResources()
