# -*- coding: utf-8 -*-

# Resource object code
#
# Created by: The Resource Compiler for PyQt5 (Qt v5.15.15)
#
# WARNING! All changes made in this file will be lost!

from PyQt5 import QtCore

qt_resource_data = b"\
\x00\x00\x03\x08\
\x2e\
\x68\x6c\x6a\x73\x7b\x64\x69\x73\x70\x6c\x61\x79\x3a\x62\x6c\x6f\
\x63\x6b\x3b\x6f\x76\x65\x72\x66\x6c\x6f\x77\x2d\x78\x3a\x61\x75\
\x74\x6f\x3b\x70\x61\x64\x64\x69\x6e\x67\x3a\x30\x2e\x35\x65\x6d\
\x3b\x62\x61\x63\x6b\x67\x72\x6f\x75\x6e\x64\x3a\x23\x46\x30\x46\
\x30\x46\x30\x7d\x2e\x68\x6c\x6a\x73\x2c\x2e\x68\x6c\x6a\x73\x2d\
\x73\x75\x62\x73\x74\x7b\x63\x6f\x6c\x6f\x72\x3a\x23\x34\x34\x34\
\x7d\x2e\x68\x6c\x6a\x73\x2d\x63\x6f\x6d\x6d\x65\x6e\x74\x7b\x63\
\x6f\x6c\x6f\x72\x3a\x23\x38\x38\x38\x38\x38\x38\x7d\x2e\x68\x6c\
\x6a\x73\x2d\x6b\x65\x79\x77\x6f\x72\x64\x2c\x2e\x68\x6c\x6a\x73\
\x2d\x61\x74\x74\x72\x69\x62\x75\x74\x65\x2c\x2e\x68\x6c\x6a\x73\
\x2d\x73\x65\x6c\x65\x63\x74\x6f\x72\x2d\x74\x61\x67\x2c\x2e\x68\
\x6c\x6a\x73\x2d\x6d\x65\x74\x61\x2d\x6b\x65\x79\x77\x6f\x72\x64\
\x2c\x2e\x68\x6c\x6a\x73\x2d\x64\x6f\x63\x74\x61\x67\x2c\x2e\x68\
\x6c\x6a\x73\x2d\x6e\x61\x6d\x65\x7b\x66\x6f\x6e\x74\x2d\x77\x65\
\x69\x67\x68\x74\x3a\x62\x6f\x6c\x64\x7d\x2e\x68\x6c\x6a\x73\x2d\
\x74\x79\x70\x65\x2c\x2e\x68\x6c\x6a\x73\x2d\x73\x74\x72\x69\x6e\
\x67\x2c\x2e\x68\x6c\x6a\x73\x2d\x6e\x75\x6d\x62\x65\x72\x2c\x2e\
\x68\x6c\x6a\x73\x2d\x73\x65\x6c\x65\x63\x74\x6f\x72\x2d\x69\x64\
\x2c\x2e\x68\x6c\x6a\x73\x2d\x73\x65\x6c\x65\x63\x74\x6f\x72\x2d\
\x63\x6c\x61\x73\x73\x2c\x2e\x68\x6c\x6a\x73\x2d\x71\x75\x6f\x74\
\x65\x2c\x2e\x68\x6c\x6a\x73\x2d\x74\x65\x6d\x70\x6c\x61\x74\x65\
\x2d\x74\x61\x67\x2c\x2e\x68\x6c\x6a\x73\x2d\x64\x65\x6c\x65\x74\
\x69\x6f\x6e\x7b\x63\x6f\x6c\x6f\x72\x3a\x23\x38\x38\x30\x30\x30\
\x30\x7d\x2e\x68\x6c\x6a\x73\x2d\x74\x69\x74\x6c\x65\x2c\x2e\x68\
\x6c\x6a\x73\x2d\x73\x65\x63\x74\x69\x6f\x6e\x7b\x63\x6f\x6c\x6f\
\x72\x3a\x23\x38\x38\x30\x30\x30\x30\x3b\x66\x6f\x6e\x74\x2d\x77\
\x65\x69\x67\x68\x74\x3a\x62\x6f\x6c\x64\x7d\x2e\x68\x6c\x6a\x73\
\x2d\x72\x65\x67\x65\x78\x70\x2c\x2e\x68\x6c\x6a\x73\x2d\x73\x79\
\x6d\x62\x6f\x6c\x2c\x2e\x68\x6c\x6a\x73\x2d\x76\x61\x72\x69\x61\
\x62\x6c\x65\x2c\x2e\x68\x6c\x6a\x73\x2d\x74\x65\x6d\x70\x6c\x61\
\x74\x65\x2d\x76\x61\x72\x69\x61\x62\x6c\x65\x2c\x2e\x68\x6c\x6a\
\x73\x2d\x6c\x69\x6e\x6b\x2c\x2e\x68\x6c\x6a\x73\x2d\x73\x65\x6c\
\x65\x63\x74\x6f\x72\x2d\x61\x74\x74\x72\x2c\x2e\x68\x6c\x6a\x73\
\x2d\x73\x65\x6c\x65\x63\x74\x6f\x72\x2d\x70\x73\x65\x75\x64\x6f\
\x7b\x63\x6f\x6c\x6f\x72\x3a\x23\x42\x43\x36\x30\x36\x30\x7d\x2e\
\x68\x6c\x6a\x73\x2d\x6c\x69\x74\x65\x72\x61\x6c\x7b\x63\x6f\x6c\
\x6f\x72\x3a\x23\x37\x38\x41\x39\x36\x30\x7d\x2e\x68\x6c\x6a\x73\
\x2d\x62\x75\x69\x6c\x74\x5f\x69\x6e\x2c\x2e\x68\x6c\x6a\x73\x2d\
\x62\x75\x6c\x6c\x65\x74\x2c\x2e\x68\x6c\x6a\x73\x2d\x63\x6f\x64\
\x65\x2c\x2e\x68\x6c\x6a\x73\x2d\x61\x64\x64\x69\x74\x69\x6f\x6e\
\x7b\x63\x6f\x6c\x6f\x72\x3a\x23\x33\x39\x37\x33\x30\x30\x7d\x2e\
\x68\x6c\x6a\x73\x2d\x6d\x65\x74\x61\x7b\x63\x6f\x6c\x6f\x72\x3a\
\x23\x31\x66\x37\x31\x39\x39\x7d\x2e\x68\x6c\x6a\x73\x2d\x6d\x65\
\x74\x61\x2d\x73\x74\x72\x69\x6e\x67\x7b\x63\x6f\x6c\x6f\x72\x3a\
\x23\x34\x64\x39\x39\x62\x66\x7d\x2e\x68\x6c\x6a\x73\x2d\x65\x6d\
\x70\x68\x61\x73\x69\x73\x7b\x66\x6f\x6e\x74\x2d\x73\x74\x79\x6c\
\x65\x3a\x69\x74\x61\x6c\x69\x63\x7d\x2e\x68\x6c\x6a\x73\x2d\x73\
\x74\x72\x6f\x6e\x67\x7b\x66\x6f\x6e\x74\x2d\x77\x65\x69\x67\x68\
\x74\x3a\x62\x6f\x6c\x64\x7d\
\x00\x00\xb3\xb3\
\x2f\
\x2a\x21\x20\x68\x69\x67\x68\x6c\x69\x67\x68\x74\x2e\x6a\x73\x20\
\x76\x39\x2e\x31\x32\x2e\x30\x20\x7c\x20\x42\x53\x44\x33\x20\x4c\
\x69\x63\x65\x6e\x73\x65\x20\x7c\x20\x67\x69\x74\x2e\x69\x6f\x2f\
\x68\x6c\x6a\x73\x6c\x69\x63\x65\x6e\x73\x65\x20\x2a\x2f\x0a\x21\
\x66\x75\x6e\x63\x74\x69\x6f\x6e\x28\x65\x29\x7b\x76\x61\x72\x20\
\x74\x3d\x22\x6f\x62\x6a\x65\x63\x74\x22\x3d\x3d\x74\x79\x70\x65\
\x6f\x66\x20\x77\x69\x6e\x64\x6f\x77\x26\x26\x77\x69\x6e\x64\x6f\
\x77\x7c\x7c\x22\x6f\x62\x6a\x65\x63\x74\x22\x3d\x3d\x74\x79\x70\
\x65\x6f\x66\x20\x73\x65\x6c\x66\x26\x26\x73\x65\x6c\x66\x3b\x22\
\x75\x6e\x64\x65\x66\x69\x6e\x65\x64\x22\x21\x3d\x74\x79\x70\x65\
\x6f\x66\x20\x65\x78\x70\x6f\x72\x74\x73\x3f\x65\x28\x65\x78\x70\
\x6f\x72\x74\x73\x29\x3a\x74\x26\x26\x28\x74\x2e\x68\x6c\x6a\x73\
\x3d\x65\x28\x7b\x7d\x29\x2c\x22\x66\x75\x6e\x63\x74\x69\x6f\x6e\
\x22\x3d\x3d\x74\x79\x70\x65\x6f\x66\x20\x64\x65\x66\x69\x6e\x65\
\x26\x26\x64\x65\x66\x69\x6e\x65\x2e\x61\x6d\x64\x26\x26\x64\x65\
\x66\x69\x6e\x65\x28\x5b\x5d\x2c\x66\x75\x6e\x63\x74\x69\x6f\x6e\
\x28\x29\x7b\x72\x65\x74\x75\x72\x6e\x20\x74\x2e\x68\x6c\x6a\x73\
\x7d\x29\x29\x7d\x28\x66\x75\x6e\x63\x74\x69\x6f\x6e\x28\x65\x29\
\x7b\x66\x75\x6e\x63\x74\x69\x6f\x6e\x20\x74\x28\x65\x29\x7b\x72\
\x65\x74\x75\x72\x6e\x20\x65\x2e\x72\x65\x70\x6c\x61\x63\x65\x28\
\x2f\x26\x2f\x67\x2c\x22\x26\x61\x6d\x70\x3b\x22\x29\x2e\x72\x65\
\x70\x6c\x61\x63\x65\x28\x2f\x3c\x2f\x67\x2c\x22\x26\x6c\x74\x3b\
\x22\x29\x2e\x72\x65\x70\x6c\x61\x63\x65\x28\x2f\x3e\x2f\x67\x2c\
\x22\x26\x67\x74\x3b\x22\x29\x7d\x66\x75\x6e\x63\x74\x69\x6f\x6e\
\x20\x72\x28\x65\x29\x7b\x72\x65\x74\x75\x72\x6e\x20\x65\x2e\x6e\
\x6f\x64\x65\x4e\x61\x6d\x65\x2e\x74\x6f\x4c\x6f\x77\x65\x72\x43\
\x61\x73\x65\x28\x29\x7d\x66\x75\x6e\x63\x74\x69\x6f\x6e\x20\x61\
\x28\x65\x2c\x74\x29\x7b\x76\x61\x72\x20\x72\x3d\x65\x26\x26\x65\
\x2e\x65\x78\x65\x63\x28\x74\x29\x3b\x72\x65\x74\x75\x72\x6e\x20\
\x72\x26\x26\x30\x3d\x3d\x3d\x72\x2e\x69\x6e\x64\x65\x78\x7d\x66\
\x75\x6e\x63\x74\x69\x6f\x6e\x20\x6e\x28\x65\x29\x7b\x72\x65\x74\
\x75\x72\x6e\x20\x45\x2e\x74\x65\x73\x74\x28\x65\x29\x7d\x66\x75\
\x6e\x63\x74\x69\x6f\x6e\x20\x69\x28\x65\x29\x7b\x76\x61\x72\x20\
\x74\x2c\x72\x2c\x61\x2c\x69\x2c\x73\x3d\x65\x2e\x63\x6c\x61\x73\
\x73\x4e\x61\x6d\x65\x2b\x22\x20\x22\x3b\x69\x66\x28\x73\x2b\x3d\
\x65\x2e\x70\x61\x72\x65\x6e\x74\x4e\x6f\x64\x65\x3f\x65\x2e\x70\
\x61\x72\x65\x6e\x74\x4e\x6f\x64\x65\x2e\x63\x6c\x61\x73\x73\x4e\
\x61\x6d\x65\x3a\x22\x22\x2c\x72\x3d\x4d\x2e\x65\x78\x65\x63\x28\
\x73\x29\x29\x72\x65\x74\x75\x72\x6e\x20\x77\x28\x72\x5b\x31\x5d\
\x29\x3f\x72\x5b\x31\x5d\x3a\x22\x6e\x6f\x2d\x68\x69\x67\x68\x6c\
\x69\x67\x68\x74\x22\x3b\x66\x6f\x72\x28\x73\x3d\x73\x2e\x73\x70\
\x6c\x69\x74\x28\x2f\x5c\x73\x2b\x2f\x29\x2c\x74\x3d\x30\x2c\x61\
\x3d\x73\x2e\x6c\x65\x6e\x67\x74\x68\x3b\x61\x3e\x74\x3b\x74\x2b\
\x2b\x29\x69\x66\x28\x69\x3d\x73\x5b\x74\x5d\x2c\x6e\x28\x69\x29\
\x7c\x7c\x77\x28\x69\x29\x29\x72\x65\x74\x75\x72\x6e\x20\x69\x7d\
\x66\x75\x6e\x63\x74\x69\x6f\x6e\x20\x73\x28\x65\x29\x7b\x76\x61\
\x72\x20\x74\x2c\x72\x3d\x7b\x7d\x2c\x61\x3d\x41\x72\x72\x61\x79\
\x2e\x70\x72\x6f\x74\x6f\x74\x79\x70\x65\x2e\x73\x6c\x69\x63\x65\
\x2e\x63\x61\x6c\x6c\x28\x61\x72\x67\x75\x6d\x65\x6e\x74\x73\x2c\
\x31\x29\x3b\x66\x6f\x72\x28\x74\x20\x69\x6e\x20\x65\x29\x72\x5b\
\x74\x5d\x3d\x65\x5b\x74\x5d\x3b\x72\x65\x74\x75\x72\x6e\x20\x61\
\x2e\x66\x6f\x72\x45\x61\x63\x68\x28\x66\x75\x6e\x63\x74\x69\x6f\
\x6e\x28\x65\x29\x7b\x66\x6f\x72\x28\x74\x20\x69\x6e\x20\x65\x29\
\x72\x5b\x74\x5d\x3d\x65\x5b\x74\x5d\x7d\x29\x2c\x72\x7d\x66\x75\
\x6e\x63\x74\x69\x6f\x6e\x20\x63\x28\x65\x29\x7b\x76\x61\x72\x20\
\x74\x3d\x5b\x5d\x3b\x72\x65\x74\x75\x72\x6e\x20\x66\x75\x6e\x63\
\x74\x69\x6f\x6e\x20\x61\x28\x65\x2c\x6e\x29\x7b\x66\x6f\x72\x28\
\x76\x61\x72\x20\x69\x3d\x65\x2e\x66\x69\x72\x73\x74\x43\x68\x69\
\x6c\x64\x3b\x69\x3b\x69\x3d\x69\x2e\x6e\x65\x78\x74\x53\x69\x62\
\x6c\x69\x6e\x67\x29\x33\x3d\x3d\x3d\x69\x2e\x6e\x6f\x64\x65\x54\
\x79\x70\x65\x3f\x6e\x2b\x3d\x69\x2e\x6e\x6f\x64\x65\x56\x61\x6c\
\x75\x65\x2e\x6c\x65\x6e\x67\x74\x68\x3a\x31\x3d\x3d\x3d\x69\x2e\
\x6e\x6f\x64\x65\x54\x79\x70\x65\x26\x26\x28\x74\x2e\x70\x75\x73\
\x68\x28\x7b\x65\x76\x65\x6e\x74\x3a\x22\x73\x74\x61\x72\x74\x22\
\x2c\x6f\x66\x66\x73\x65\x74\x3a\x6e\x2c\x6e\x6f\x64\x65\x3a\x69\
\x7d\x29\x2c\x6e\x3d\x61\x28\x69\x2c\x6e\x29\x2c\x72\x28\x69\x29\
\x2e\x6d\x61\x74\x63\x68\x28\x2f\x62\x72\x7c\x68\x72\x7c\x69\x6d\
\x67\x7c\x69\x6e\x70\x75\x74\x2f\x29\x7c\x7c\x74\x2e\x70\x75\x73\
\x68\x28\x7b\x65\x76\x65\x6e\x74\x3a\x22\x73\x74\x6f\x70\x22\x2c\
\x6f\x66\x66\x73\x65\x74\x3a\x6e\x2c\x6e\x6f\x64\x65\x3a\x69\x7d\
\x29\x29\x3b\x72\x65\x74\x75\x72\x6e\x20\x6e\x7d\x28\x65\x2c\x30\
\x29\x2c\x74\x7d\x66\x75\x6e\x63\x74\x69\x6f\x6e\x20\x6f\x28\x65\
\x2c\x61\x2c\x6e\x29\x7b\x66\x75\x6e\x63\x74\x69\x6f\x6e\x20\x69\
\x28\x29\x7b\x72\x65\x74\x75\x72\x6e\x20\x65\x2e\x6c\x65\x6e\x67\
\x74\x68\x26\x26\x61\x2e\x6c\x65\x6e\x67\x74\x68\x3f\x65\x5b\x30\
\x5d\x2e\x6f\x66\x66\x73\x65\x74\x21\x3d\x3d\x61\x5b\x30\x5d\x2e\
\x6f\x66\x66\x73\x65\x74\x3f\x65\x5b\x30\x5d\x2e\x6f\x66\x66\x73\
\x65\x74\x3c\x61\x5b\x30\x5d\x2e\x6f\x66\x66\x73\x65\x74\x3f\x65\
\x3a\x61\x3a\x22\x73\x74\x61\x72\x74\x22\x3d\x3d\x3d\x61\x5b\x30\
\x5d\x2e\x65\x76\x65\x6e\x74\x3f\x65\x3a\x61\x3a\x65\x2e\x6c\x65\
\x6e\x67\x74\x68\x3f\x65\x3a\x61\x7d\x66\x75\x6e\x63\x74\x69\x6f\
\x6e\x20\x73\x28\x65\x29\x7b\x66\x75\x6e\x63\x74\x69\x6f\x6e\x20\
\x61\x28\x65\x29\x7b\x72\x65\x74\x75\x72\x6e\x22\x20\x22\x2b\x65\
\x2e\x6e\x6f\x64\x65\x4e\x61\x6d\x65\x2b\x27\x3d\x22\x27\x2b\x74\
\x28\x65\x2e\x76\x61\x6c\x75\x65\x29\x2e\x72\x65\x70\x6c\x61\x63\
\x65\x28\x27\x22\x27\x2c\x22\x26\x71\x75\x6f\x74\x3b\x22\x29\x2b\
\x27\x22\x27\x7d\x75\x2b\x3d\x22\x3c\x22\x2b\x72\x28\x65\x29\x2b\
\x4e\x2e\x6d\x61\x70\x2e\x63\x61\x6c\x6c\x28\x65\x2e\x61\x74\x74\
\x72\x69\x62\x75\x74\x65\x73\x2c\x61\x29\x2e\x6a\x6f\x69\x6e\x28\
\x22\x22\x29\x2b\x22\x3e\x22\x7d\x66\x75\x6e\x63\x74\x69\x6f\x6e\
\x20\x63\x28\x65\x29\x7b\x75\x2b\x3d\x22\x3c\x2f\x22\x2b\x72\x28\
\x65\x29\x2b\x22\x3e\x22\x7d\x66\x75\x6e\x63\x74\x69\x6f\x6e\x20\
\x6f\x28\x65\x29\x7b\x28\x22\x73\x74\x61\x72\x74\x22\x3d\x3d\x3d\
\x65\x2e\x65\x76\x65\x6e\x74\x3f\x73\x3a\x63\x29\x28\x65\x2e\x6e\
\x6f\x64\x65\x29\x7d\x66\x6f\x72\x28\x76\x61\x72\x20\x6c\x3d\x30\
\x2c\x75\x3d\x22\x22\x2c\x64\x3d\x5b\x5d\x3b\x65\x2e\x6c\x65\x6e\
\x67\x74\x68\x7c\x7c\x61\x2e\x6c\x65\x6e\x67\x74\x68\x3b\x29\x7b\
\x76\x61\x72\x20\x62\x3d\x69\x28\x29\x3b\x69\x66\x28\x75\x2b\x3d\
\x74\x28\x6e\x2e\x73\x75\x62\x73\x74\x72\x69\x6e\x67\x28\x6c\x2c\
\x62\x5b\x30\x5d\x2e\x6f\x66\x66\x73\x65\x74\x29\x29\x2c\x6c\x3d\
\x62\x5b\x30\x5d\x2e\x6f\x66\x66\x73\x65\x74\x2c\x62\x3d\x3d\x3d\
\x65\x29\x7b\x64\x2e\x72\x65\x76\x65\x72\x73\x65\x28\x29\x2e\x66\
\x6f\x72\x45\x61\x63\x68\x28\x63\x29\x3b\x64\x6f\x20\x6f\x28\x62\
\x2e\x73\x70\x6c\x69\x63\x65\x28\x30\x2c\x31\x29\x5b\x30\x5d\x29\
\x2c\x62\x3d\x69\x28\x29\x3b\x77\x68\x69\x6c\x65\x28\x62\x3d\x3d\
\x3d\x65\x26\x26\x62\x2e\x6c\x65\x6e\x67\x74\x68\x26\x26\x62\x5b\
\x30\x5d\x2e\x6f\x66\x66\x73\x65\x74\x3d\x3d\x3d\x6c\x29\x3b\x64\
\x2e\x72\x65\x76\x65\x72\x73\x65\x28\x29\x2e\x66\x6f\x72\x45\x61\
\x63\x68\x28\x73\x29\x7d\x65\x6c\x73\x65\x22\x73\x74\x61\x72\x74\
\x22\x3d\x3d\x3d\x62\x5b\x30\x5d\x2e\x65\x76\x65\x6e\x74\x3f\x64\
\x2e\x70\x75\x73\x68\x28\x62\x5b\x30\x5d\x2e\x6e\x6f\x64\x65\x29\
\x3a\x64\x2e\x70\x6f\x70\x28\x29\x2c\x6f\x28\x62\x2e\x73\x70\x6c\
\x69\x63\x65\x28\x30\x2c\x31\x29\x5b\x30\x5d\x29\x7d\x72\x65\x74\
\x75\x72\x6e\x20\x75\x2b\x74\x28\x6e\x2e\x73\x75\x62\x73\x74\x72\
\x28\x6c\x29\x29\x7d\x66\x75\x6e\x63\x74\x69\x6f\x6e\x20\x6c\x28\
\x65\x29\x7b\x72\x65\x74\x75\x72\x6e\x20\x65\x2e\x76\x26\x26\x21\
\x65\x2e\x63\x61\x63\x68\x65\x64\x5f\x76\x61\x72\x69\x61\x6e\x74\
\x73\x26\x26\x28\x65\x2e\x63\x61\x63\x68\x65\x64\x5f\x76\x61\x72\
\x69\x61\x6e\x74\x73\x3d\x65\x2e\x76\x2e\x6d\x61\x70\x28\x66\x75\
\x6e\x63\x74\x69\x6f\x6e\x28\x74\x29\x7b\x72\x65\x74\x75\x72\x6e\
\x20\x73\x28\x65\x2c\x7b\x76\x3a\x6e\x75\x6c\x6c\x7d\x2c\x74\x29\
\x7d\x29\x29\x2c\x65\x2e\x63\x61\x63\x68\x65\x64\x5f\x76\x61\x72\
\x69\x61\x6e\x74\x73\x7c\x7c\x65\x2e\x65\x57\x26\x26\x5b\x73\x28\
\x65\x29\x5d\x7c\x7c\x5b\x65\x5d\x7d\x66\x75\x6e\x63\x74\x69\x6f\
\x6e\x20\x75\x28\x65\x29\x7b\x66\x75\x6e\x63\x74\x69\x6f\x6e\x20\
\x74\x28\x65\x29\x7b\x72\x65\x74\x75\x72\x6e\x20\x65\x26\x26\x65\
\x2e\x73\x6f\x75\x72\x63\x65\x7c\x7c\x65\x7d\x66\x75\x6e\x63\x74\
\x69\x6f\x6e\x20\x72\x28\x72\x2c\x61\x29\x7b\x72\x65\x74\x75\x72\
\x6e\x20\x6e\x65\x77\x20\x52\x65\x67\x45\x78\x70\x28\x74\x28\x72\
\x29\x2c\x22\x6d\x22\x2b\x28\x65\x2e\x63\x49\x3f\x22\x69\x22\x3a\
\x22\x22\x29\x2b\x28\x61\x3f\x22\x67\x22\x3a\x22\x22\x29\x29\x7d\
\x66\x75\x6e\x63\x74\x69\x6f\x6e\x20\x61\x28\x6e\x2c\x69\x29\x7b\
\x69\x66\x28\x21\x6e\x2e\x63\x6f\x6d\x70\x69\x6c\x65\x64\x29\x7b\
\x69\x66\x28\x6e\x2e\x63\x6f\x6d\x70\x69\x6c\x65\x64\x3d\x21\x30\
\x2c\x6e\x2e\x6b\x3d\x6e\x2e\x6b\x7c\x7c\x6e\x2e\x62\x4b\x2c\x6e\
\x2e\x6b\x29\x7b\x76\x61\x72\x20\x73\x3d\x7b\x7d\x2c\x63\x3d\x66\
\x75\x6e\x63\x74\x69\x6f\x6e\x28\x74\x2c\x72\x29\x7b\x65\x2e\x63\
\x49\x26\x26\x28\x72\x3d\x72\x2e\x74\x6f\x4c\x6f\x77\x65\x72\x43\
\x61\x73\x65\x28\x29\x29\x2c\x72\x2e\x73\x70\x6c\x69\x74\x28\x22\
\x20\x22\x29\x2e\x66\x6f\x72\x45\x61\x63\x68\x28\x66\x75\x6e\x63\
\x74\x69\x6f\x6e\x28\x65\x29\x7b\x76\x61\x72\x20\x72\x3d\x65\x2e\
\x73\x70\x6c\x69\x74\x28\x22\x7c\x22\x29\x3b\x73\x5b\x72\x5b\x30\
\x5d\x5d\x3d\x5b\x74\x2c\x72\x5b\x31\x5d\x3f\x4e\x75\x6d\x62\x65\
\x72\x28\x72\x5b\x31\x5d\x29\x3a\x31\x5d\x7d\x29\x7d\x3b\x22\x73\
\x74\x72\x69\x6e\x67\x22\x3d\x3d\x74\x79\x70\x65\x6f\x66\x20\x6e\
\x2e\x6b\x3f\x63\x28\x22\x6b\x65\x79\x77\x6f\x72\x64\x22\x2c\x6e\
\x2e\x6b\x29\x3a\x6b\x28\x6e\x2e\x6b\x29\x2e\x66\x6f\x72\x45\x61\
\x63\x68\x28\x66\x75\x6e\x63\x74\x69\x6f\x6e\x28\x65\x29\x7b\x63\
\x28\x65\x2c\x6e\x2e\x6b\x5b\x65\x5d\x29\x7d\x29\x2c\x6e\x2e\x6b\
\x3d\x73\x7d\x6e\x2e\x6c\x52\x3d\x72\x28\x6e\x2e\x6c\x7c\x7c\x2f\
\x5c\x77\x2b\x2f\x2c\x21\x30\x29\x2c\x69\x26\x26\x28\x6e\x2e\x62\
\x4b\x26\x26\x28\x6e\x2e\x62\x3d\x22\x5c\x5c\x62\x28\x22\x2b\x6e\
\x2e\x62\x4b\x2e\x73\x70\x6c\x69\x74\x28\x22\x20\x22\x29\x2e\x6a\
\x6f\x69\x6e\x28\x22\x7c\x22\x29\x2b\x22\x29\x5c\x5c\x62\x22\x29\
\x2c\x6e\x2e\x62\x7c\x7c\x28\x6e\x2e\x62\x3d\x2f\x5c\x42\x7c\x5c\
\x62\x2f\x29\x2c\x6e\x2e\x62\x52\x3d\x72\x28\x6e\x2e\x62\x29\x2c\
\x6e\x2e\x65\x7c\x7c\x6e\x2e\x65\x57\x7c\x7c\x28\x6e\x2e\x65\x3d\
\x2f\x5c\x42\x7c\x5c\x62\x2f\x29\x2c\x6e\x2e\x65\x26\x26\x28\x6e\
\x2e\x65\x52\x3d\x72\x28\x6e\x2e\x65\x29\x29\x2c\x6e\x2e\x74\x45\
\x3d\x74\x28\x6e\x2e\x65\x29\x7c\x7c\x22\x22\x2c\x6e\x2e\x65\x57\
\x26\x26\x69\x2e\x74\x45\x26\x26\x28\x6e\x2e\x74\x45\x2b\x3d\x28\
\x6e\x2e\x65\x3f\x22\x7c\x22\x3a\x22\x22\x29\x2b\x69\x2e\x74\x45\
\x29\x29\x2c\x6e\x2e\x69\x26\x26\x28\x6e\x2e\x69\x52\x3d\x72\x28\
\x6e\x2e\x69\x29\x29\x2c\x6e\x75\x6c\x6c\x3d\x3d\x6e\x2e\x72\x26\
\x26\x28\x6e\x2e\x72\x3d\x31\x29\x2c\x6e\x2e\x63\x7c\x7c\x28\x6e\
\x2e\x63\x3d\x5b\x5d\x29\x2c\x6e\x2e\x63\x3d\x41\x72\x72\x61\x79\
\x2e\x70\x72\x6f\x74\x6f\x74\x79\x70\x65\x2e\x63\x6f\x6e\x63\x61\
\x74\x2e\x61\x70\x70\x6c\x79\x28\x5b\x5d\x2c\x6e\x2e\x63\x2e\x6d\
\x61\x70\x28\x66\x75\x6e\x63\x74\x69\x6f\x6e\x28\x65\x29\x7b\x72\
\x65\x74\x75\x72\x6e\x20\x6c\x28\x22\x73\x65\x6c\x66\x22\x3d\x3d\
\x3d\x65\x3f\x6e\x3a\x65\x29\x7d\x29\x29\x2c\x6e\x2e\x63\x2e\x66\
\x6f\x72\x45\x61\x63\x68\x28\x66\x75\x6e\x63\x74\x69\x6f\x6e\x28\
\x65\x29\x7b\x61\x28\x65\x2c\x6e\x29\x7d\x29\x2c\x6e\x2e\x73\x74\
\x61\x72\x74\x73\x26\x26\x61\x28\x6e\x2e\x73\x74\x61\x72\x74\x73\
\x2c\x69\x29\x3b\x76\x61\x72\x20\x6f\x3d\x6e\x2e\x63\x2e\x6d\x61\
\x70\x28\x66\x75\x6e\x63\x74\x69\x6f\x6e\x28\x65\x29\x7b\x72\x65\
\x74\x75\x72\x6e\x20\x65\x2e\x62\x4b\x3f\x22\x5c\x5c\x2e\x3f\x28\
\x22\x2b\x65\x2e\x62\x2b\x22\x29\x5c\x5c\x2e\x3f\x22\x3a\x65\x2e\
\x62\x7d\x29\x2e\x63\x6f\x6e\x63\x61\x74\x28\x5b\x6e\x2e\x74\x45\
\x2c\x6e\x2e\x69\x5d\x29\x2e\x6d\x61\x70\x28\x74\x29\x2e\x66\x69\
\x6c\x74\x65\x72\x28\x42\x6f\x6f\x6c\x65\x61\x6e\x29\x3b\x6e\x2e\
\x74\x3d\x6f\x2e\x6c\x65\x6e\x67\x74\x68\x3f\x72\x28\x6f\x2e\x6a\
\x6f\x69\x6e\x28\x22\x7c\x22\x29\x2c\x21\x30\x29\x3a\x7b\x65\x78\
\x65\x63\x3a\x66\x75\x6e\x63\x74\x69\x6f\x6e\x28\x29\x7b\x72\x65\
\x74\x75\x72\x6e\x20\x6e\x75\x6c\x6c\x7d\x7d\x7d\x7d\x61\x28\x65\
\x29\x7d\x66\x75\x6e\x63\x74\x69\x6f\x6e\x20\x64\x28\x65\x2c\x72\
\x2c\x6e\x2c\x69\x29\x7b\x66\x75\x6e\x63\x74\x69\x6f\x6e\x20\x73\
\x28\x65\x2c\x74\x29\x7b\x76\x61\x72\x20\x72\x2c\x6e\x3b\x66\x6f\
\x72\x28\x72\x3d\x30\x2c\x6e\x3d\x74\x2e\x63\x2e\x6c\x65\x6e\x67\
\x74\x68\x3b\x6e\x3e\x72\x3b\x72\x2b\x2b\x29\x69\x66\x28\x61\x28\
\x74\x2e\x63\x5b\x72\x5d\x2e\x62\x52\x2c\x65\x29\x29\x72\x65\x74\
\x75\x72\x6e\x20\x74\x2e\x63\x5b\x72\x5d\x7d\x66\x75\x6e\x63\x74\
\x69\x6f\x6e\x20\x63\x28\x65\x2c\x74\x29\x7b\x69\x66\x28\x61\x28\
\x65\x2e\x65\x52\x2c\x74\x29\x29\x7b\x66\x6f\x72\x28\x3b\x65\x2e\
\x65\x6e\x64\x73\x50\x61\x72\x65\x6e\x74\x26\x26\x65\x2e\x70\x61\
\x72\x65\x6e\x74\x3b\x29\x65\x3d\x65\x2e\x70\x61\x72\x65\x6e\x74\
\x3b\x72\x65\x74\x75\x72\x6e\x20\x65\x7d\x72\x65\x74\x75\x72\x6e\
\x20\x65\x2e\x65\x57\x3f\x63\x28\x65\x2e\x70\x61\x72\x65\x6e\x74\
\x2c\x74\x29\x3a\x76\x6f\x69\x64\x20\x30\x7d\x66\x75\x6e\x63\x74\
\x69\x6f\x6e\x20\x6f\x28\x65\x2c\x74\x29\x7b\x72\x65\x74\x75\x72\
\x6e\x21\x6e\x26\x26\x61\x28\x74\x2e\x69\x52\x2c\x65\x29\x7d\x66\
\x75\x6e\x63\x74\x69\x6f\x6e\x20\x6c\x28\x65\x2c\x74\x29\x7b\x76\
\x61\x72\x20\x72\x3d\x76\x2e\x63\x49\x3f\x74\x5b\x30\x5d\x2e\x74\
\x6f\x4c\x6f\x77\x65\x72\x43\x61\x73\x65\x28\x29\x3a\x74\x5b\x30\
\x5d\x3b\x72\x65\x74\x75\x72\x6e\x20\x65\x2e\x6b\x2e\x68\x61\x73\
\x4f\x77\x6e\x50\x72\x6f\x70\x65\x72\x74\x79\x28\x72\x29\x26\x26\
\x65\x2e\x6b\x5b\x72\x5d\x7d\x66\x75\x6e\x63\x74\x69\x6f\x6e\x20\
\x70\x28\x65\x2c\x74\x2c\x72\x2c\x61\x29\x7b\x76\x61\x72\x20\x6e\
\x3d\x61\x3f\x22\x22\x3a\x4c\x2e\x63\x6c\x61\x73\x73\x50\x72\x65\
\x66\x69\x78\x2c\x69\x3d\x27\x3c\x73\x70\x61\x6e\x20\x63\x6c\x61\
\x73\x73\x3d\x22\x27\x2b\x6e\x2c\x73\x3d\x72\x3f\x22\x22\x3a\x52\
\x3b\x72\x65\x74\x75\x72\x6e\x20\x69\x2b\x3d\x65\x2b\x27\x22\x3e\
\x27\x2c\x69\x2b\x74\x2b\x73\x7d\x66\x75\x6e\x63\x74\x69\x6f\x6e\
\x20\x6d\x28\x29\x7b\x76\x61\x72\x20\x65\x2c\x72\x2c\x61\x2c\x6e\
\x3b\x69\x66\x28\x21\x4e\x2e\x6b\x29\x72\x65\x74\x75\x72\x6e\x20\
\x74\x28\x45\x29\x3b\x66\x6f\x72\x28\x6e\x3d\x22\x22\x2c\x72\x3d\
\x30\x2c\x4e\x2e\x6c\x52\x2e\x6c\x61\x73\x74\x49\x6e\x64\x65\x78\
\x3d\x30\x2c\x61\x3d\x4e\x2e\x6c\x52\x2e\x65\x78\x65\x63\x28\x45\
\x29\x3b\x61\x3b\x29\x6e\x2b\x3d\x74\x28\x45\x2e\x73\x75\x62\x73\
\x74\x72\x69\x6e\x67\x28\x72\x2c\x61\x2e\x69\x6e\x64\x65\x78\x29\
\x29\x2c\x65\x3d\x6c\x28\x4e\x2c\x61\x29\x2c\x65\x3f\x28\x4d\x2b\
\x3d\x65\x5b\x31\x5d\x2c\x6e\x2b\x3d\x70\x28\x65\x5b\x30\x5d\x2c\
\x74\x28\x61\x5b\x30\x5d\x29\x29\x29\x3a\x6e\x2b\x3d\x74\x28\x61\
\x5b\x30\x5d\x29\x2c\x72\x3d\x4e\x2e\x6c\x52\x2e\x6c\x61\x73\x74\
\x49\x6e\x64\x65\x78\x2c\x61\x3d\x4e\x2e\x6c\x52\x2e\x65\x78\x65\
\x63\x28\x45\x29\x3b\x72\x65\x74\x75\x72\x6e\x20\x6e\x2b\x74\x28\
\x45\x2e\x73\x75\x62\x73\x74\x72\x28\x72\x29\x29\x7d\x66\x75\x6e\
\x63\x74\x69\x6f\x6e\x20\x66\x28\x29\x7b\x76\x61\x72\x20\x65\x3d\
\x22\x73\x74\x72\x69\x6e\x67\x22\x3d\x3d\x74\x79\x70\x65\x6f\x66\
\x20\x4e\x2e\x73\x4c\x3b\x69\x66\x28\x65\x26\x26\x21\x78\x5b\x4e\
\x2e\x73\x4c\x5d\x29\x72\x65\x74\x75\x72\x6e\x20\x74\x28\x45\x29\
\x3b\x76\x61\x72\x20\x72\x3d\x65\x3f\x64\x28\x4e\x2e\x73\x4c\x2c\
\x45\x2c\x21\x30\x2c\x6b\x5b\x4e\x2e\x73\x4c\x5d\x29\x3a\x62\x28\
\x45\x2c\x4e\x2e\x73\x4c\x2e\x6c\x65\x6e\x67\x74\x68\x3f\x4e\x2e\
\x73\x4c\x3a\x76\x6f\x69\x64\x20\x30\x29\x3b\x72\x65\x74\x75\x72\
\x6e\x20\x4e\x2e\x72\x3e\x30\x26\x26\x28\x4d\x2b\x3d\x72\x2e\x72\
\x29\x2c\x65\x26\x26\x28\x6b\x5b\x4e\x2e\x73\x4c\x5d\x3d\x72\x2e\
\x74\x6f\x70\x29\x2c\x70\x28\x72\x2e\x6c\x61\x6e\x67\x75\x61\x67\
\x65\x2c\x72\x2e\x76\x61\x6c\x75\x65\x2c\x21\x31\x2c\x21\x30\x29\
\x7d\x66\x75\x6e\x63\x74\x69\x6f\x6e\x20\x67\x28\x29\x7b\x43\x2b\
\x3d\x6e\x75\x6c\x6c\x21\x3d\x4e\x2e\x73\x4c\x3f\x66\x28\x29\x3a\
\x6d\x28\x29\x2c\x45\x3d\x22\x22\x7d\x66\x75\x6e\x63\x74\x69\x6f\
\x6e\x20\x5f\x28\x65\x29\x7b\x43\x2b\x3d\x65\x2e\x63\x4e\x3f\x70\
\x28\x65\x2e\x63\x4e\x2c\x22\x22\x2c\x21\x30\x29\x3a\x22\x22\x2c\
\x4e\x3d\x4f\x62\x6a\x65\x63\x74\x2e\x63\x72\x65\x61\x74\x65\x28\
\x65\x2c\x7b\x70\x61\x72\x65\x6e\x74\x3a\x7b\x76\x61\x6c\x75\x65\
\x3a\x4e\x7d\x7d\x29\x7d\x66\x75\x6e\x63\x74\x69\x6f\x6e\x20\x68\
\x28\x65\x2c\x74\x29\x7b\x69\x66\x28\x45\x2b\x3d\x65\x2c\x6e\x75\
\x6c\x6c\x3d\x3d\x74\x29\x72\x65\x74\x75\x72\x6e\x20\x67\x28\x29\
\x2c\x30\x3b\x76\x61\x72\x20\x72\x3d\x73\x28\x74\x2c\x4e\x29\x3b\
\x69\x66\x28\x72\x29\x72\x65\x74\x75\x72\x6e\x20\x72\x2e\x73\x6b\
\x69\x70\x3f\x45\x2b\x3d\x74\x3a\x28\x72\x2e\x65\x42\x26\x26\x28\
\x45\x2b\x3d\x74\x29\x2c\x67\x28\x29\x2c\x72\x2e\x72\x42\x7c\x7c\
\x72\x2e\x65\x42\x7c\x7c\x28\x45\x3d\x74\x29\x29\x2c\x5f\x28\x72\
\x2c\x74\x29\x2c\x72\x2e\x72\x42\x3f\x30\x3a\x74\x2e\x6c\x65\x6e\
\x67\x74\x68\x3b\x76\x61\x72\x20\x61\x3d\x63\x28\x4e\x2c\x74\x29\
\x3b\x69\x66\x28\x61\x29\x7b\x76\x61\x72\x20\x6e\x3d\x4e\x3b\x6e\
\x2e\x73\x6b\x69\x70\x3f\x45\x2b\x3d\x74\x3a\x28\x6e\x2e\x72\x45\
\x7c\x7c\x6e\x2e\x65\x45\x7c\x7c\x28\x45\x2b\x3d\x74\x29\x2c\x67\
\x28\x29\x2c\x6e\x2e\x65\x45\x26\x26\x28\x45\x3d\x74\x29\x29\x3b\
\x64\x6f\x20\x4e\x2e\x63\x4e\x26\x26\x28\x43\x2b\x3d\x52\x29\x2c\
\x4e\x2e\x73\x6b\x69\x70\x7c\x7c\x28\x4d\x2b\x3d\x4e\x2e\x72\x29\
\x2c\x4e\x3d\x4e\x2e\x70\x61\x72\x65\x6e\x74\x3b\x77\x68\x69\x6c\
\x65\x28\x4e\x21\x3d\x3d\x61\x2e\x70\x61\x72\x65\x6e\x74\x29\x3b\
\x72\x65\x74\x75\x72\x6e\x20\x61\x2e\x73\x74\x61\x72\x74\x73\x26\
\x26\x5f\x28\x61\x2e\x73\x74\x61\x72\x74\x73\x2c\x22\x22\x29\x2c\
\x6e\x2e\x72\x45\x3f\x30\x3a\x74\x2e\x6c\x65\x6e\x67\x74\x68\x7d\
\x69\x66\x28\x6f\x28\x74\x2c\x4e\x29\x29\x74\x68\x72\x6f\x77\x20\
\x6e\x65\x77\x20\x45\x72\x72\x6f\x72\x28\x27\x49\x6c\x6c\x65\x67\
\x61\x6c\x20\x6c\x65\x78\x65\x6d\x65\x20\x22\x27\x2b\x74\x2b\x27\
\x22\x20\x66\x6f\x72\x20\x6d\x6f\x64\x65\x20\x22\x27\x2b\x28\x4e\
\x2e\x63\x4e\x7c\x7c\x22\x3c\x75\x6e\x6e\x61\x6d\x65\x64\x3e\x22\
\x29\x2b\x27\x22\x27\x29\x3b\x72\x65\x74\x75\x72\x6e\x20\x45\x2b\
\x3d\x74\x2c\x74\x2e\x6c\x65\x6e\x67\x74\x68\x7c\x7c\x31\x7d\x76\
\x61\x72\x20\x76\x3d\x77\x28\x65\x29\x3b\x69\x66\x28\x21\x76\x29\
\x74\x68\x72\x6f\x77\x20\x6e\x65\x77\x20\x45\x72\x72\x6f\x72\x28\
\x27\x55\x6e\x6b\x6e\x6f\x77\x6e\x20\x6c\x61\x6e\x67\x75\x61\x67\
\x65\x3a\x20\x22\x27\x2b\x65\x2b\x27\x22\x27\x29\x3b\x75\x28\x76\
\x29\x3b\x76\x61\x72\x20\x79\x2c\x4e\x3d\x69\x7c\x7c\x76\x2c\x6b\
\x3d\x7b\x7d\x2c\x43\x3d\x22\x22\x3b\x66\x6f\x72\x28\x79\x3d\x4e\
\x3b\x79\x21\x3d\x3d\x76\x3b\x79\x3d\x79\x2e\x70\x61\x72\x65\x6e\
\x74\x29\x79\x2e\x63\x4e\x26\x26\x28\x43\x3d\x70\x28\x79\x2e\x63\
\x4e\x2c\x22\x22\x2c\x21\x30\x29\x2b\x43\x29\x3b\x76\x61\x72\x20\
\x45\x3d\x22\x22\x2c\x4d\x3d\x30\x3b\x74\x72\x79\x7b\x66\x6f\x72\
\x28\x76\x61\x72\x20\x42\x2c\x53\x2c\x24\x3d\x30\x3b\x3b\x29\x7b\
\x69\x66\x28\x4e\x2e\x74\x2e\x6c\x61\x73\x74\x49\x6e\x64\x65\x78\
\x3d\x24\x2c\x42\x3d\x4e\x2e\x74\x2e\x65\x78\x65\x63\x28\x72\x29\
\x2c\x21\x42\x29\x62\x72\x65\x61\x6b\x3b\x53\x3d\x68\x28\x72\x2e\
\x73\x75\x62\x73\x74\x72\x69\x6e\x67\x28\x24\x2c\x42\x2e\x69\x6e\
\x64\x65\x78\x29\x2c\x42\x5b\x30\x5d\x29\x2c\x24\x3d\x42\x2e\x69\
\x6e\x64\x65\x78\x2b\x53\x7d\x66\x6f\x72\x28\x68\x28\x72\x2e\x73\
\x75\x62\x73\x74\x72\x28\x24\x29\x29\x2c\x79\x3d\x4e\x3b\x79\x2e\
\x70\x61\x72\x65\x6e\x74\x3b\x79\x3d\x79\x2e\x70\x61\x72\x65\x6e\
\x74\x29\x79\x2e\x63\x4e\x26\x26\x28\x43\x2b\x3d\x52\x29\x3b\x72\
\x65\x74\x75\x72\x6e\x7b\x72\x3a\x4d\x2c\x76\x61\x6c\x75\x65\x3a\
\x43\x2c\x6c\x61\x6e\x67\x75\x61\x67\x65\x3a\x65\x2c\x74\x6f\x70\
\x3a\x4e\x7d\x7d\x63\x61\x74\x63\x68\x28\x41\x29\x7b\x69\x66\x28\
\x41\x2e\x6d\x65\x73\x73\x61\x67\x65\x26\x26\x2d\x31\x21\x3d\x3d\
\x41\x2e\x6d\x65\x73\x73\x61\x67\x65\x2e\x69\x6e\x64\x65\x78\x4f\
\x66\x28\x22\x49\x6c\x6c\x65\x67\x61\x6c\x22\x29\x29\x72\x65\x74\
\x75\x72\x6e\x7b\x72\x3a\x30\x2c\x76\x61\x6c\x75\x65\x3a\x74\x28\
\x72\x29\x7d\x3b\x74\x68\x72\x6f\x77\x20\x41\x7d\x7d\x66\x75\x6e\
\x63\x74\x69\x6f\x6e\x20\x62\x28\x65\x2c\x72\x29\x7b\x72\x3d\x72\
\x7c\x7c\x4c\x2e\x6c\x61\x6e\x67\x75\x61\x67\x65\x73\x7c\x7c\x6b\
\x28\x78\x29\x3b\x76\x61\x72\x20\x61\x3d\x7b\x72\x3a\x30\x2c\x76\
\x61\x6c\x75\x65\x3a\x74\x28\x65\x29\x7d\x2c\x6e\x3d\x61\x3b\x72\
\x65\x74\x75\x72\x6e\x20\x72\x2e\x66\x69\x6c\x74\x65\x72\x28\x77\
\x29\x2e\x66\x6f\x72\x45\x61\x63\x68\x28\x66\x75\x6e\x63\x74\x69\
\x6f\x6e\x28\x74\x29\x7b\x76\x61\x72\x20\x72\x3d\x64\x28\x74\x2c\
\x65\x2c\x21\x31\x29\x3b\x72\x2e\x6c\x61\x6e\x67\x75\x61\x67\x65\
\x3d\x74\x2c\x72\x2e\x72\x3e\x6e\x2e\x72\x26\x26\x28\x6e\x3d\x72\
\x29\x2c\x72\x2e\x72\x3e\x61\x2e\x72\x26\x26\x28\x6e\x3d\x61\x2c\
\x61\x3d\x72\x29\x7d\x29\x2c\x6e\x2e\x6c\x61\x6e\x67\x75\x61\x67\
\x65\x26\x26\x28\x61\x2e\x73\x65\x63\x6f\x6e\x64\x5f\x62\x65\x73\
\x74\x3d\x6e\x29\x2c\x61\x7d\x66\x75\x6e\x63\x74\x69\x6f\x6e\x20\
\x70\x28\x65\x29\x7b\x72\x65\x74\x75\x72\x6e\x20\x4c\x2e\x74\x61\
\x62\x52\x65\x70\x6c\x61\x63\x65\x7c\x7c\x4c\x2e\x75\x73\x65\x42\
\x52\x3f\x65\x2e\x72\x65\x70\x6c\x61\x63\x65\x28\x42\x2c\x66\x75\
\x6e\x63\x74\x69\x6f\x6e\x28\x65\x2c\x74\x29\x7b\x72\x65\x74\x75\
\x72\x6e\x20\x4c\x2e\x75\x73\x65\x42\x52\x26\x26\x22\x5c\x6e\x22\
\x3d\x3d\x3d\x65\x3f\x22\x3c\x62\x72\x3e\x22\x3a\x4c\x2e\x74\x61\
\x62\x52\x65\x70\x6c\x61\x63\x65\x3f\x74\x2e\x72\x65\x70\x6c\x61\
\x63\x65\x28\x2f\x5c\x74\x2f\x67\x2c\x4c\x2e\x74\x61\x62\x52\x65\
\x70\x6c\x61\x63\x65\x29\x3a\x22\x22\x7d\x29\x3a\x65\x7d\x66\x75\
\x6e\x63\x74\x69\x6f\x6e\x20\x6d\x28\x65\x2c\x74\x2c\x72\x29\x7b\
\x76\x61\x72\x20\x61\x3d\x74\x3f\x43\x5b\x74\x5d\x3a\x72\x2c\x6e\
\x3d\x5b\x65\x2e\x74\x72\x69\x6d\x28\x29\x5d\x3b\x72\x65\x74\x75\
\x72\x6e\x20\x65\x2e\x6d\x61\x74\x63\x68\x28\x2f\x5c\x62\x68\x6c\
\x6a\x73\x5c\x62\x2f\x29\x7c\x7c\x6e\x2e\x70\x75\x73\x68\x28\x22\
\x68\x6c\x6a\x73\x22\x29\x2c\x2d\x31\x3d\x3d\x3d\x65\x2e\x69\x6e\
\x64\x65\x78\x4f\x66\x28\x61\x29\x26\x26\x6e\x2e\x70\x75\x73\x68\
\x28\x61\x29\x2c\x6e\x2e\x6a\x6f\x69\x6e\x28\x22\x20\x22\x29\x2e\
\x74\x72\x69\x6d\x28\x29\x7d\x66\x75\x6e\x63\x74\x69\x6f\x6e\x20\
\x66\x28\x65\x29\x7b\x76\x61\x72\x20\x74\x2c\x72\x2c\x61\x2c\x73\
\x2c\x6c\x2c\x75\x3d\x69\x28\x65\x29\x3b\x6e\x28\x75\x29\x7c\x7c\
\x28\x4c\x2e\x75\x73\x65\x42\x52\x3f\x28\x74\x3d\x64\x6f\x63\x75\
\x6d\x65\x6e\x74\x2e\x63\x72\x65\x61\x74\x65\x45\x6c\x65\x6d\x65\
\x6e\x74\x4e\x53\x28\x22\x68\x74\x74\x70\x3a\x2f\x2f\x77\x77\x77\
\x2e\x77\x33\x2e\x6f\x72\x67\x2f\x31\x39\x39\x39\x2f\x78\x68\x74\
\x6d\x6c\x22\x2c\x22\x64\x69\x76\x22\x29\x2c\x74\x2e\x69\x6e\x6e\
\x65\x72\x48\x54\x4d\x4c\x3d\x65\x2e\x69\x6e\x6e\x65\x72\x48\x54\
\x4d\x4c\x2e\x72\x65\x70\x6c\x61\x63\x65\x28\x2f\x5c\x6e\x2f\x67\
\x2c\x22\x22\x29\x2e\x72\x65\x70\x6c\x61\x63\x65\x28\x2f\x3c\x62\
\x72\x5b\x20\x5c\x2f\x5d\x2a\x3e\x2f\x67\x2c\x22\x5c\x6e\x22\x29\
\x29\x3a\x74\x3d\x65\x2c\x6c\x3d\x74\x2e\x74\x65\x78\x74\x43\x6f\
\x6e\x74\x65\x6e\x74\x2c\x61\x3d\x75\x3f\x64\x28\x75\x2c\x6c\x2c\
\x21\x30\x29\x3a\x62\x28\x6c\x29\x2c\x72\x3d\x63\x28\x74\x29\x2c\
\x72\x2e\x6c\x65\x6e\x67\x74\x68\x26\x26\x28\x73\x3d\x64\x6f\x63\
\x75\x6d\x65\x6e\x74\x2e\x63\x72\x65\x61\x74\x65\x45\x6c\x65\x6d\
\x65\x6e\x74\x4e\x53\x28\x22\x68\x74\x74\x70\x3a\x2f\x2f\x77\x77\
\x77\x2e\x77\x33\x2e\x6f\x72\x67\x2f\x31\x39\x39\x39\x2f\x78\x68\
\x74\x6d\x6c\x22\x2c\x22\x64\x69\x76\x22\x29\x2c\x73\x2e\x69\x6e\
\x6e\x65\x72\x48\x54\x4d\x4c\x3d\x61\x2e\x76\x61\x6c\x75\x65\x2c\
\x61\x2e\x76\x61\x6c\x75\x65\x3d\x6f\x28\x72\x2c\x63\x28\x73\x29\
\x2c\x6c\x29\x29\x2c\x61\x2e\x76\x61\x6c\x75\x65\x3d\x70\x28\x61\
\x2e\x76\x61\x6c\x75\x65\x29\x2c\x65\x2e\x69\x6e\x6e\x65\x72\x48\
\x54\x4d\x4c\x3d\x61\x2e\x76\x61\x6c\x75\x65\x2c\x65\x2e\x63\x6c\
\x61\x73\x73\x4e\x61\x6d\x65\x3d\x6d\x28\x65\x2e\x63\x6c\x61\x73\
\x73\x4e\x61\x6d\x65\x2c\x75\x2c\x61\x2e\x6c\x61\x6e\x67\x75\x61\
\x67\x65\x29\x2c\x65\x2e\x72\x65\x73\x75\x6c\x74\x3d\x7b\x6c\x61\
\x6e\x67\x75\x61\x67\x65\x3a\x61\x2e\x6c\x61\x6e\x67\x75\x61\x67\
\x65\x2c\x72\x65\x3a\x61\x2e\x72\x7d\x2c\x61\x2e\x73\x65\x63\x6f\
\x6e\x64\x5f\x62\x65\x73\x74\x26\x26\x28\x65\x2e\x73\x65\x63\x6f\
\x6e\x64\x5f\x62\x65\x73\x74\x3d\x7b\x6c\x61\x6e\x67\x75\x61\x67\
\x65\x3a\x61\x2e\x73\x65\x63\x6f\x6e\x64\x5f\x62\x65\x73\x74\x2e\
\x6c\x61\x6e\x67\x75\x61\x67\x65\x2c\x72\x65\x3a\x61\x2e\x73\x65\
\x63\x6f\x6e\x64\x5f\x62\x65\x73\x74\x2e\x72\x7d\x29\x29\x7d\x66\
\x75\x6e\x63\x74\x69\x6f\x6e\x20\x67\x28\x65\x29\x7b\x4c\x3d\x73\
\x28\x4c\x2c\x65\x29\x7d\x66\x75\x6e\x63\x74\x69\x6f\x6e\x20\x5f\
\x28\x29\x7b\x69\x66\x28\x21\x5f\x2e\x63\x61\x6c\x6c\x65\x64\x29\
\x7b\x5f\x2e\x63\x61\x6c\x6c\x65\x64\x3d\x21\x30\x3b\x76\x61\x72\
\x20\x65\x3d\x64\x6f\x63\x75\x6d\x65\x6e\x74\x2e\x71\x75\x65\x72\
\x79\x53\x65\x6c\x65\x63\x74\x6f\x72\x41\x6c\x6c\x28\x22\x70\x72\
\x65\x20\x63\x6f\x64\x65\x22\x29\x3b\x4e\x2e\x66\x6f\x72\x45\x61\
\x63\x68\x2e\x63\x61\x6c\x6c\x28\x65\x2c\x66\x29\x7d\x7d\x66\x75\
\x6e\x63\x74\x69\x6f\x6e\x20\x68\x28\x29\x7b\x61\x64\x64\x45\x76\
\x65\x6e\x74\x4c\x69\x73\x74\x65\x6e\x65\x72\x28\x22\x44\x4f\x4d\
\x43\x6f\x6e\x74\x65\x6e\x74\x4c\x6f\x61\x64\x65\x64\x22\x2c\x5f\
\x2c\x21\x31\x29\x2c\x61\x64\x64\x45\x76\x65\x6e\x74\x4c\x69\x73\
\x74\x65\x6e\x65\x72\x28\x22\x6c\x6f\x61\x64\x22\x2c\x5f\x2c\x21\
\x31\x29\x7d\x66\x75\x6e\x63\x74\x69\x6f\x6e\x20\x76\x28\x74\x2c\
\x72\x29\x7b\x76\x61\x72\x20\x61\x3d\x78\x5b\x74\x5d\x3d\x72\x28\
\x65\x29\x3b\x61\x2e\x61\x6c\x69\x61\x73\x65\x73\x26\x26\x61\x2e\
\x61\x6c\x69\x61\x73\x65\x73\x2e\x66\x6f\x72\x45\x61\x63\x68\x28\
\x66\x75\x6e\x63\x74\x69\x6f\x6e\x28\x65\x29\x7b\x43\x5b\x65\x5d\
\x3d\x74\x7d\x29\x7d\x66\x75\x6e\x63\x74\x69\x6f\x6e\x20\x79\x28\
\x29\x7b\x72\x65\x74\x75\x72\x6e\x20\x6b\x28\x78\x29\x7d\x66\x75\
\x6e\x63\x74\x69\x6f\x6e\x20\x77\x28\x65\x29\x7b\x72\x65\x74\x75\
\x72\x6e\x20\x65\x3d\x28\x65\x7c\x7c\x22\x22\x29\x2e\x74\x6f\x4c\
\x6f\x77\x65\x72\x43\x61\x73\x65\x28\x29\x2c\x78\x5b\x65\x5d\x7c\
\x7c\x78\x5b\x43\x5b\x65\x5d\x5d\x7d\x76\x61\x72\x20\x4e\x3d\x5b\
\x5d\x2c\x6b\x3d\x4f\x62\x6a\x65\x63\x74\x2e\x6b\x65\x79\x73\x2c\
\x78\x3d\x7b\x7d\x2c\x43\x3d\x7b\x7d\x2c\x45\x3d\x2f\x5e\x28\x6e\
\x6f\x2d\x3f\x68\x69\x67\x68\x6c\x69\x67\x68\x74\x7c\x70\x6c\x61\
\x69\x6e\x7c\x74\x65\x78\x74\x29\x24\x2f\x69\x2c\x4d\x3d\x2f\x5c\
\x62\x6c\x61\x6e\x67\x28\x3f\x3a\x75\x61\x67\x65\x29\x3f\x2d\x28\
\x5b\x5c\x77\x2d\x5d\x2b\x29\x5c\x62\x2f\x69\x2c\x42\x3d\x2f\x28\
\x28\x5e\x28\x3c\x5b\x5e\x3e\x5d\x2b\x3e\x7c\x5c\x74\x7c\x29\x2b\
\x7c\x28\x3f\x3a\x5c\x6e\x29\x29\x29\x2f\x67\x6d\x2c\x52\x3d\x22\
\x3c\x2f\x73\x70\x61\x6e\x3e\x22\x2c\x4c\x3d\x7b\x63\x6c\x61\x73\
\x73\x50\x72\x65\x66\x69\x78\x3a\x22\x68\x6c\x6a\x73\x2d\x22\x2c\
\x74\x61\x62\x52\x65\x70\x6c\x61\x63\x65\x3a\x6e\x75\x6c\x6c\x2c\
\x75\x73\x65\x42\x52\x3a\x21\x31\x2c\x6c\x61\x6e\x67\x75\x61\x67\
\x65\x73\x3a\x76\x6f\x69\x64\x20\x30\x7d\x3b\x72\x65\x74\x75\x72\
\x6e\x20\x65\x2e\x68\x69\x67\x68\x6c\x69\x67\x68\x74\x3d\x64\x2c\
\x65\x2e\x68\x69\x67\x68\x6c\x69\x67\x68\x74\x41\x75\x74\x6f\x3d\
\x62\x2c\x65\x2e\x66\x69\x78\x4d\x61\x72\x6b\x75\x70\x3d\x70\x2c\
\x65\x2e\x68\x69\x67\x68\x6c\x69\x67\x68\x74\x42\x6c\x6f\x63\x6b\
\x3d\x66\x2c\x65\x2e\x63\x6f\x6e\x66\x69\x67\x75\x72\x65\x3d\x67\
\x2c\x65\x2e\x69\x6e\x69\x74\x48\x69\x67\x68\x6c\x69\x67\x68\x74\
\x69\x6e\x67\x3d\x5f\x2c\x65\x2e\x69\x6e\x69\x74\x48\x69\x67\x68\
\x6c\x69\x67\x68\x74\x69\x6e\x67\x4f\x6e\x4c\x6f\x61\x64\x3d\x68\
\x2c\x65\x2e\x72\x65\x67\x69\x73\x74\x65\x72\x4c\x61\x6e\x67\x75\
\x61\x67\x65\x3d\x76\x2c\x65\x2e\x6c\x69\x73\x74\x4c\x61\x6e\x67\
\x75\x61\x67\x65\x73\x3d\x79\x2c\x65\x2e\x67\x65\x74\x4c\x61\x6e\
\x67\x75\x61\x67\x65\x3d\x77\x2c\x65\x2e\x69\x6e\x68\x65\x72\x69\
\x74\x3d\x73\x2c\x65\x2e\x49\x52\x3d\x22\x5b\x61\x2d\x7a\x41\x2d\
\x5a\x5d\x5c\x5c\x77\x2a\x22\x2c\x65\x2e\x55\x49\x52\x3d\x22\x5b\
\x61\x2d\x7a\x41\x2d\x5a\x5f\x5d\x5c\x5c\x77\x2a\x22\x2c\x65\x2e\
\x4e\x52\x3d\x22\x5c\x5c\x62\x5c\x5c\x64\x2b\x28\x5c\x5c\x2e\x5c\
\x5c\x64\x2b\x29\x3f\x22\x2c\x65\x2e\x43\x4e\x52\x3d\x22\x28\x2d\
\x3f\x29\x28\x5c\x5c\x62\x30\x5b\x78\x58\x5d\x5b\x61\x2d\x66\x41\
\x2d\x46\x30\x2d\x39\x5d\x2b\x7c\x28\x5c\x5c\x62\x5c\x5c\x64\x2b\
\x28\x5c\x5c\x2e\x5c\x5c\x64\x2a\x29\x3f\x7c\x5c\x5c\x2e\x5c\x5c\
\x64\x2b\x29\x28\x5b\x65\x45\x5d\x5b\x2d\x2b\x5d\x3f\x5c\x5c\x64\
\x2b\x29\x3f\x29\x22\x2c\x65\x2e\x42\x4e\x52\x3d\x22\x5c\x5c\x62\
\x28\x30\x62\x5b\x30\x31\x5d\x2b\x29\x22\x2c\x65\x2e\x52\x53\x52\
\x3d\x22\x21\x7c\x21\x3d\x7c\x21\x3d\x3d\x7c\x25\x7c\x25\x3d\x7c\
\x26\x7c\x26\x26\x7c\x26\x3d\x7c\x5c\x5c\x2a\x7c\x5c\x5c\x2a\x3d\
\x7c\x5c\x5c\x2b\x7c\x5c\x5c\x2b\x3d\x7c\x2c\x7c\x2d\x7c\x2d\x3d\
\x7c\x2f\x3d\x7c\x2f\x7c\x3a\x7c\x3b\x7c\x3c\x3c\x7c\x3c\x3c\x3d\
\x7c\x3c\x3d\x7c\x3c\x7c\x3d\x3d\x3d\x7c\x3d\x3d\x7c\x3d\x7c\x3e\
\x3e\x3e\x3d\x7c\x3e\x3e\x3d\x7c\x3e\x3d\x7c\x3e\x3e\x3e\x7c\x3e\
\x3e\x7c\x3e\x7c\x5c\x5c\x3f\x7c\x5c\x5c\x5b\x7c\x5c\x5c\x7b\x7c\
\x5c\x5c\x28\x7c\x5c\x5c\x5e\x7c\x5c\x5c\x5e\x3d\x7c\x5c\x5c\x7c\
\x7c\x5c\x5c\x7c\x3d\x7c\x5c\x5c\x7c\x5c\x5c\x7c\x7c\x7e\x22\x2c\
\x65\x2e\x42\x45\x3d\x7b\x62\x3a\x22\x5c\x5c\x5c\x5c\x5b\x5c\x5c\
\x73\x5c\x5c\x53\x5d\x22\x2c\x72\x3a\x30\x7d\x2c\x65\x2e\x41\x53\
\x4d\x3d\x7b\x63\x4e\x3a\x22\x73\x74\x72\x69\x6e\x67\x22\x2c\x62\
\x3a\x22\x27\x22\x2c\x65\x3a\x22\x27\x22\x2c\x69\x3a\x22\x5c\x5c\
\x6e\x22\x2c\x63\x3a\x5b\x65\x2e\x42\x45\x5d\x7d\x2c\x65\x2e\x51\
\x53\x4d\x3d\x7b\x63\x4e\x3a\x22\x73\x74\x72\x69\x6e\x67\x22\x2c\
\x62\x3a\x27\x22\x27\x2c\x65\x3a\x27\x22\x27\x2c\x69\x3a\x22\x5c\
\x5c\x6e\x22\x2c\x63\x3a\x5b\x65\x2e\x42\x45\x5d\x7d\x2c\x65\x2e\
\x50\x57\x4d\x3d\x7b\x62\x3a\x2f\x5c\x62\x28\x61\x7c\x61\x6e\x7c\
\x74\x68\x65\x7c\x61\x72\x65\x7c\x49\x27\x6d\x7c\x69\x73\x6e\x27\
\x74\x7c\x64\x6f\x6e\x27\x74\x7c\x64\x6f\x65\x73\x6e\x27\x74\x7c\
\x77\x6f\x6e\x27\x74\x7c\x62\x75\x74\x7c\x6a\x75\x73\x74\x7c\x73\
\x68\x6f\x75\x6c\x64\x7c\x70\x72\x65\x74\x74\x79\x7c\x73\x69\x6d\
\x70\x6c\x79\x7c\x65\x6e\x6f\x75\x67\x68\x7c\x67\x6f\x6e\x6e\x61\
\x7c\x67\x6f\x69\x6e\x67\x7c\x77\x74\x66\x7c\x73\x6f\x7c\x73\x75\
\x63\x68\x7c\x77\x69\x6c\x6c\x7c\x79\x6f\x75\x7c\x79\x6f\x75\x72\
\x7c\x74\x68\x65\x79\x7c\x6c\x69\x6b\x65\x7c\x6d\x6f\x72\x65\x29\
\x5c\x62\x2f\x7d\x2c\x65\x2e\x43\x3d\x66\x75\x6e\x63\x74\x69\x6f\
\x6e\x28\x74\x2c\x72\x2c\x61\x29\x7b\x76\x61\x72\x20\x6e\x3d\x65\
\x2e\x69\x6e\x68\x65\x72\x69\x74\x28\x7b\x63\x4e\x3a\x22\x63\x6f\
\x6d\x6d\x65\x6e\x74\x22\x2c\x62\x3a\x74\x2c\x65\x3a\x72\x2c\x63\
\x3a\x5b\x5d\x7d\x2c\x61\x7c\x7c\x7b\x7d\x29\x3b\x72\x65\x74\x75\
\x72\x6e\x20\x6e\x2e\x63\x2e\x70\x75\x73\x68\x28\x65\x2e\x50\x57\
\x4d\x29\x2c\x6e\x2e\x63\x2e\x70\x75\x73\x68\x28\x7b\x63\x4e\x3a\
\x22\x64\x6f\x63\x74\x61\x67\x22\x2c\x62\x3a\x22\x28\x3f\x3a\x54\
\x4f\x44\x4f\x7c\x46\x49\x58\x4d\x45\x7c\x4e\x4f\x54\x45\x7c\x42\
\x55\x47\x7c\x58\x58\x58\x29\x3a\x22\x2c\x72\x3a\x30\x7d\x29\x2c\
\x6e\x7d\x2c\x65\x2e\x43\x4c\x43\x4d\x3d\x65\x2e\x43\x28\x22\x2f\
\x2f\x22\x2c\x22\x24\x22\x29\x2c\x65\x2e\x43\x42\x43\x4d\x3d\x65\
\x2e\x43\x28\x22\x2f\x5c\x5c\x2a\x22\x2c\x22\x5c\x5c\x2a\x2f\x22\
\x29\x2c\x65\x2e\x48\x43\x4d\x3d\x65\x2e\x43\x28\x22\x23\x22\x2c\
\x22\x24\x22\x29\x2c\x65\x2e\x4e\x4d\x3d\x7b\x63\x4e\x3a\x22\x6e\
\x75\x6d\x62\x65\x72\x22\x2c\x62\x3a\x65\x2e\x4e\x52\x2c\x72\x3a\
\x30\x7d\x2c\x65\x2e\x43\x4e\x4d\x3d\x7b\x63\x4e\x3a\x22\x6e\x75\
\x6d\x62\x65\x72\x22\x2c\x62\x3a\x65\x2e\x43\x4e\x52\x2c\x72\x3a\
\x30\x7d\x2c\x65\x2e\x42\x4e\x4d\x3d\x7b\x63\x4e\x3a\x22\x6e\x75\
\x6d\x62\x65\x72\x22\x2c\x62\x3a\x65\x2e\x42\x4e\x52\x2c\x72\x3a\
\x30\x7d\x2c\x65\x2e\x43\x53\x53\x4e\x4d\x3d\x7b\x63\x4e\x3a\x22\
\x6e\x75\x6d\x62\x65\x72\x22\x2c\x62\x3a\x65\x2e\x4e\x52\x2b\x22\
\x28\x25\x7c\x65\x6d\x7c\x65\x78\x7c\x63\x68\x7c\x72\x65\x6d\x7c\
\x76\x77\x7c\x76\x68\x7c\x76\x6d\x69\x6e\x7c\x76\x6d\x61\x78\x7c\
\x63\x6d\x7c\x6d\x6d\x7c\x69\x6e\x7c\x70\x74\x7c\x70\x63\x7c\x70\
\x78\x7c\x64\x65\x67\x7c\x67\x72\x61\x64\x7c\x72\x61\x64\x7c\x74\
\x75\x72\x6e\x7c\x73\x7c\x6d\x73\x7c\x48\x7a\x7c\x6b\x48\x7a\x7c\
\x64\x70\x69\x7c\x64\x70\x63\x6d\x7c\x64\x70\x70\x78\x29\x3f\x22\
\x2c\x72\x3a\x30\x7d\x2c\x65\x2e\x52\x4d\x3d\x7b\x63\x4e\x3a\x22\
\x72\x65\x67\x65\x78\x70\x22\x2c\x62\x3a\x2f\x5c\x2f\x2f\x2c\x65\
\x3a\x2f\x5c\x2f\x5b\x67\x69\x6d\x75\x79\x5d\x2a\x2f\x2c\x69\x3a\
\x2f\x5c\x6e\x2f\x2c\x63\x3a\x5b\x65\x2e\x42\x45\x2c\x7b\x62\x3a\
\x2f\x5c\x5b\x2f\x2c\x65\x3a\x2f\x5c\x5d\x2f\x2c\x72\x3a\x30\x2c\
\x63\x3a\x5b\x65\x2e\x42\x45\x5d\x7d\x5d\x7d\x2c\x65\x2e\x54\x4d\
\x3d\x7b\x63\x4e\x3a\x22\x74\x69\x74\x6c\x65\x22\x2c\x62\x3a\x65\
\x2e\x49\x52\x2c\x72\x3a\x30\x7d\x2c\x65\x2e\x55\x54\x4d\x3d\x7b\
\x63\x4e\x3a\x22\x74\x69\x74\x6c\x65\x22\x2c\x62\x3a\x65\x2e\x55\
\x49\x52\x2c\x72\x3a\x30\x7d\x2c\x65\x2e\x4d\x45\x54\x48\x4f\x44\
\x5f\x47\x55\x41\x52\x44\x3d\x7b\x62\x3a\x22\x5c\x5c\x2e\x5c\x5c\
\x73\x2a\x22\x2b\x65\x2e\x55\x49\x52\x2c\x72\x3a\x30\x7d\x2c\x65\
\x2e\x72\x65\x67\x69\x73\x74\x65\x72\x4c\x61\x6e\x67\x75\x61\x67\
\x65\x28\x22\x61\x70\x61\x63\x68\x65\x22\x2c\x66\x75\x6e\x63\x74\
\x69\x6f\x6e\x28\x65\x29\x7b\x76\x61\x72\x20\x74\x3d\x7b\x63\x4e\
\x3a\x22\x6e\x75\x6d\x62\x65\x72\x22\x2c\x62\x3a\x22\x5b\x5c\x5c\
\x24\x25\x5d\x5c\x5c\x64\x2b\x22\x7d\x3b\x72\x65\x74\x75\x72\x6e\
\x7b\x61\x6c\x69\x61\x73\x65\x73\x3a\x5b\x22\x61\x70\x61\x63\x68\
\x65\x63\x6f\x6e\x66\x22\x5d\x2c\x63\x49\x3a\x21\x30\x2c\x63\x3a\
\x5b\x65\x2e\x48\x43\x4d\x2c\x7b\x63\x4e\x3a\x22\x73\x65\x63\x74\
\x69\x6f\x6e\x22\x2c\x62\x3a\x22\x3c\x2f\x3f\x22\x2c\x65\x3a\x22\
\x3e\x22\x7d\x2c\x7b\x63\x4e\x3a\x22\x61\x74\x74\x72\x69\x62\x75\
\x74\x65\x22\x2c\x62\x3a\x2f\x5c\x77\x2b\x2f\x2c\x72\x3a\x30\x2c\
\x6b\x3a\x7b\x6e\x6f\x6d\x61\x72\x6b\x75\x70\x3a\x22\x6f\x72\x64\
\x65\x72\x20\x64\x65\x6e\x79\x20\x61\x6c\x6c\x6f\x77\x20\x73\x65\
\x74\x65\x6e\x76\x20\x72\x65\x77\x72\x69\x74\x65\x72\x75\x6c\x65\
\x20\x72\x65\x77\x72\x69\x74\x65\x65\x6e\x67\x69\x6e\x65\x20\x72\
\x65\x77\x72\x69\x74\x65\x63\x6f\x6e\x64\x20\x64\x6f\x63\x75\x6d\
\x65\x6e\x74\x72\x6f\x6f\x74\x20\x73\x65\x74\x68\x61\x6e\x64\x6c\
\x65\x72\x20\x65\x72\x72\x6f\x72\x64\x6f\x63\x75\x6d\x65\x6e\x74\
\x20\x6c\x6f\x61\x64\x6d\x6f\x64\x75\x6c\x65\x20\x6f\x70\x74\x69\
\x6f\x6e\x73\x20\x68\x65\x61\x64\x65\x72\x20\x6c\x69\x73\x74\x65\
\x6e\x20\x73\x65\x72\x76\x65\x72\x72\x6f\x6f\x74\x20\x73\x65\x72\
\x76\x65\x72\x6e\x61\x6d\x65\x22\x7d\x2c\x73\x74\x61\x72\x74\x73\
\x3a\x7b\x65\x3a\x2f\x24\x2f\x2c\x72\x3a\x30\x2c\x6b\x3a\x7b\x6c\
\x69\x74\x65\x72\x61\x6c\x3a\x22\x6f\x6e\x20\x6f\x66\x66\x20\x61\
\x6c\x6c\x22\x7d\x2c\x63\x3a\x5b\x7b\x63\x4e\x3a\x22\x6d\x65\x74\
\x61\x22\x2c\x62\x3a\x22\x5c\x5c\x73\x5c\x5c\x5b\x22\x2c\x65\x3a\
\x22\x5c\x5c\x5d\x24\x22\x7d\x2c\x7b\x63\x4e\x3a\x22\x76\x61\x72\
\x69\x61\x62\x6c\x65\x22\x2c\x62\x3a\x22\x5b\x5c\x5c\x24\x25\x5d\
\x5c\x5c\x7b\x22\x2c\x65\x3a\x22\x5c\x5c\x7d\x22\x2c\x63\x3a\x5b\
\x22\x73\x65\x6c\x66\x22\x2c\x74\x5d\x7d\x2c\x74\x2c\x65\x2e\x51\
\x53\x4d\x5d\x7d\x7d\x5d\x2c\x69\x3a\x2f\x5c\x53\x2f\x7d\x7d\x29\
\x2c\x65\x2e\x72\x65\x67\x69\x73\x74\x65\x72\x4c\x61\x6e\x67\x75\
\x61\x67\x65\x28\x22\x62\x61\x73\x68\x22\x2c\x66\x75\x6e\x63\x74\
\x69\x6f\x6e\x28\x65\x29\x7b\x76\x61\x72\x20\x74\x3d\x7b\x63\x4e\
\x3a\x22\x76\x61\x72\x69\x61\x62\x6c\x65\x22\x2c\x76\x3a\x5b\x7b\
\x62\x3a\x2f\x5c\x24\x5b\x5c\x77\x5c\x64\x23\x40\x5d\x5b\x5c\x77\
\x5c\x64\x5f\x5d\x2a\x2f\x7d\x2c\x7b\x62\x3a\x2f\x5c\x24\x5c\x7b\
\x28\x2e\x2a\x3f\x29\x7d\x2f\x7d\x5d\x7d\x2c\x72\x3d\x7b\x63\x4e\
\x3a\x22\x73\x74\x72\x69\x6e\x67\x22\x2c\x62\x3a\x2f\x22\x2f\x2c\
\x65\x3a\x2f\x22\x2f\x2c\x63\x3a\x5b\x65\x2e\x42\x45\x2c\x74\x2c\
\x7b\x63\x4e\x3a\x22\x76\x61\x72\x69\x61\x62\x6c\x65\x22\x2c\x62\
\x3a\x2f\x5c\x24\x5c\x28\x2f\x2c\x65\x3a\x2f\x5c\x29\x2f\x2c\x63\
\x3a\x5b\x65\x2e\x42\x45\x5d\x7d\x5d\x7d\x2c\x61\x3d\x7b\x63\x4e\
\x3a\x22\x73\x74\x72\x69\x6e\x67\x22\x2c\x62\x3a\x2f\x27\x2f\x2c\
\x65\x3a\x2f\x27\x2f\x7d\x3b\x72\x65\x74\x75\x72\x6e\x7b\x61\x6c\
\x69\x61\x73\x65\x73\x3a\x5b\x22\x73\x68\x22\x2c\x22\x7a\x73\x68\
\x22\x5d\x2c\x6c\x3a\x2f\x5c\x62\x2d\x3f\x5b\x61\x2d\x7a\x5c\x2e\
\x5f\x5d\x2b\x5c\x62\x2f\x2c\x6b\x3a\x7b\x6b\x65\x79\x77\x6f\x72\
\x64\x3a\x22\x69\x66\x20\x74\x68\x65\x6e\x20\x65\x6c\x73\x65\x20\
\x65\x6c\x69\x66\x20\x66\x69\x20\x66\x6f\x72\x20\x77\x68\x69\x6c\
\x65\x20\x69\x6e\x20\x64\x6f\x20\x64\x6f\x6e\x65\x20\x63\x61\x73\
\x65\x20\x65\x73\x61\x63\x20\x66\x75\x6e\x63\x74\x69\x6f\x6e\x22\
\x2c\x6c\x69\x74\x65\x72\x61\x6c\x3a\x22\x74\x72\x75\x65\x20\x66\
\x61\x6c\x73\x65\x22\x2c\x62\x75\x69\x6c\x74\x5f\x69\x6e\x3a\x22\
\x62\x72\x65\x61\x6b\x20\x63\x64\x20\x63\x6f\x6e\x74\x69\x6e\x75\
\x65\x20\x65\x76\x61\x6c\x20\x65\x78\x65\x63\x20\x65\x78\x69\x74\
\x20\x65\x78\x70\x6f\x72\x74\x20\x67\x65\x74\x6f\x70\x74\x73\x20\
\x68\x61\x73\x68\x20\x70\x77\x64\x20\x72\x65\x61\x64\x6f\x6e\x6c\
\x79\x20\x72\x65\x74\x75\x72\x6e\x20\x73\x68\x69\x66\x74\x20\x74\
\x65\x73\x74\x20\x74\x69\x6d\x65\x73\x20\x74\x72\x61\x70\x20\x75\
\x6d\x61\x73\x6b\x20\x75\x6e\x73\x65\x74\x20\x61\x6c\x69\x61\x73\
\x20\x62\x69\x6e\x64\x20\x62\x75\x69\x6c\x74\x69\x6e\x20\x63\x61\
\x6c\x6c\x65\x72\x20\x63\x6f\x6d\x6d\x61\x6e\x64\x20\x64\x65\x63\
\x6c\x61\x72\x65\x20\x65\x63\x68\x6f\x20\x65\x6e\x61\x62\x6c\x65\
\x20\x68\x65\x6c\x70\x20\x6c\x65\x74\x20\x6c\x6f\x63\x61\x6c\x20\
\x6c\x6f\x67\x6f\x75\x74\x20\x6d\x61\x70\x66\x69\x6c\x65\x20\x70\
\x72\x69\x6e\x74\x66\x20\x72\x65\x61\x64\x20\x72\x65\x61\x64\x61\
\x72\x72\x61\x79\x20\x73\x6f\x75\x72\x63\x65\x20\x74\x79\x70\x65\
\x20\x74\x79\x70\x65\x73\x65\x74\x20\x75\x6c\x69\x6d\x69\x74\x20\
\x75\x6e\x61\x6c\x69\x61\x73\x20\x73\x65\x74\x20\x73\x68\x6f\x70\
\x74\x20\x61\x75\x74\x6f\x6c\x6f\x61\x64\x20\x62\x67\x20\x62\x69\
\x6e\x64\x6b\x65\x79\x20\x62\x79\x65\x20\x63\x61\x70\x20\x63\x68\
\x64\x69\x72\x20\x63\x6c\x6f\x6e\x65\x20\x63\x6f\x6d\x70\x61\x72\
\x67\x75\x6d\x65\x6e\x74\x73\x20\x63\x6f\x6d\x70\x63\x61\x6c\x6c\
\x20\x63\x6f\x6d\x70\x63\x74\x6c\x20\x63\x6f\x6d\x70\x64\x65\x73\
\x63\x72\x69\x62\x65\x20\x63\x6f\x6d\x70\x66\x69\x6c\x65\x73\x20\
\x63\x6f\x6d\x70\x67\x72\x6f\x75\x70\x73\x20\x63\x6f\x6d\x70\x71\
\x75\x6f\x74\x65\x20\x63\x6f\x6d\x70\x74\x61\x67\x73\x20\x63\x6f\
\x6d\x70\x74\x72\x79\x20\x63\x6f\x6d\x70\x76\x61\x6c\x75\x65\x73\
\x20\x64\x69\x72\x73\x20\x64\x69\x73\x61\x62\x6c\x65\x20\x64\x69\
\x73\x6f\x77\x6e\x20\x65\x63\x68\x6f\x74\x63\x20\x65\x63\x68\x6f\
\x74\x69\x20\x65\x6d\x75\x6c\x61\x74\x65\x20\x66\x63\x20\x66\x67\
\x20\x66\x6c\x6f\x61\x74\x20\x66\x75\x6e\x63\x74\x69\x6f\x6e\x73\
\x20\x67\x65\x74\x63\x61\x70\x20\x67\x65\x74\x6c\x6e\x20\x68\x69\
\x73\x74\x6f\x72\x79\x20\x69\x6e\x74\x65\x67\x65\x72\x20\x6a\x6f\
\x62\x73\x20\x6b\x69\x6c\x6c\x20\x6c\x69\x6d\x69\x74\x20\x6c\x6f\
\x67\x20\x6e\x6f\x67\x6c\x6f\x62\x20\x70\x6f\x70\x64\x20\x70\x72\
\x69\x6e\x74\x20\x70\x75\x73\x68\x64\x20\x70\x75\x73\x68\x6c\x6e\
\x20\x72\x65\x68\x61\x73\x68\x20\x73\x63\x68\x65\x64\x20\x73\x65\
\x74\x63\x61\x70\x20\x73\x65\x74\x6f\x70\x74\x20\x73\x74\x61\x74\
\x20\x73\x75\x73\x70\x65\x6e\x64\x20\x74\x74\x79\x63\x74\x6c\x20\
\x75\x6e\x66\x75\x6e\x63\x74\x69\x6f\x6e\x20\x75\x6e\x68\x61\x73\
\x68\x20\x75\x6e\x6c\x69\x6d\x69\x74\x20\x75\x6e\x73\x65\x74\x6f\
\x70\x74\x20\x76\x61\x72\x65\x64\x20\x77\x61\x69\x74\x20\x77\x68\
\x65\x6e\x63\x65\x20\x77\x68\x65\x72\x65\x20\x77\x68\x69\x63\x68\
\x20\x7a\x63\x6f\x6d\x70\x69\x6c\x65\x20\x7a\x66\x6f\x72\x6d\x61\
\x74\x20\x7a\x66\x74\x70\x20\x7a\x6c\x65\x20\x7a\x6d\x6f\x64\x6c\
\x6f\x61\x64\x20\x7a\x70\x61\x72\x73\x65\x6f\x70\x74\x73\x20\x7a\
\x70\x72\x6f\x66\x20\x7a\x70\x74\x79\x20\x7a\x72\x65\x67\x65\x78\
\x70\x61\x72\x73\x65\x20\x7a\x73\x6f\x63\x6b\x65\x74\x20\x7a\x73\
\x74\x79\x6c\x65\x20\x7a\x74\x63\x70\x22\x2c\x5f\x3a\x22\x2d\x6e\
\x65\x20\x2d\x65\x71\x20\x2d\x6c\x74\x20\x2d\x67\x74\x20\x2d\x66\
\x20\x2d\x64\x20\x2d\x65\x20\x2d\x73\x20\x2d\x6c\x20\x2d\x61\x22\
\x7d\x2c\x63\x3a\x5b\x7b\x63\x4e\x3a\x22\x6d\x65\x74\x61\x22\x2c\
\x62\x3a\x2f\x5e\x23\x21\x5b\x5e\x5c\x6e\x5d\x2b\x73\x68\x5c\x73\
\x2a\x24\x2f\x2c\x72\x3a\x31\x30\x7d\x2c\x7b\x63\x4e\x3a\x22\x66\
\x75\x6e\x63\x74\x69\x6f\x6e\x22\x2c\x62\x3a\x2f\x5c\x77\x5b\x5c\
\x77\x5c\x64\x5f\x5d\x2a\x5c\x73\x2a\x5c\x28\x5c\x73\x2a\x5c\x29\
\x5c\x73\x2a\x5c\x7b\x2f\x2c\x72\x42\x3a\x21\x30\x2c\x63\x3a\x5b\
\x65\x2e\x69\x6e\x68\x65\x72\x69\x74\x28\x65\x2e\x54\x4d\x2c\x7b\
\x62\x3a\x2f\x5c\x77\x5b\x5c\x77\x5c\x64\x5f\x5d\x2a\x2f\x7d\x29\
\x5d\x2c\x72\x3a\x30\x7d\x2c\x65\x2e\x48\x43\x4d\x2c\x72\x2c\x61\
\x2c\x74\x5d\x7d\x7d\x29\x2c\x65\x2e\x72\x65\x67\x69\x73\x74\x65\
\x72\x4c\x61\x6e\x67\x75\x61\x67\x65\x28\x22\x63\x6f\x66\x66\x65\
\x65\x73\x63\x72\x69\x70\x74\x22\x2c\x66\x75\x6e\x63\x74\x69\x6f\
\x6e\x28\x65\x29\x7b\x76\x61\x72\x20\x74\x3d\x7b\x6b\x65\x79\x77\
\x6f\x72\x64\x3a\x22\x69\x6e\x20\x69\x66\x20\x66\x6f\x72\x20\x77\
\x68\x69\x6c\x65\x20\x66\x69\x6e\x61\x6c\x6c\x79\x20\x6e\x65\x77\
\x20\x64\x6f\x20\x72\x65\x74\x75\x72\x6e\x20\x65\x6c\x73\x65\x20\
\x62\x72\x65\x61\x6b\x20\x63\x61\x74\x63\x68\x20\x69\x6e\x73\x74\
\x61\x6e\x63\x65\x6f\x66\x20\x74\x68\x72\x6f\x77\x20\x74\x72\x79\
\x20\x74\x68\x69\x73\x20\x73\x77\x69\x74\x63\x68\x20\x63\x6f\x6e\
\x74\x69\x6e\x75\x65\x20\x74\x79\x70\x65\x6f\x66\x20\x64\x65\x6c\
\x65\x74\x65\x20\x64\x65\x62\x75\x67\x67\x65\x72\x20\x73\x75\x70\
\x65\x72\x20\x79\x69\x65\x6c\x64\x20\x69\x6d\x70\x6f\x72\x74\x20\
\x65\x78\x70\x6f\x72\x74\x20\x66\x72\x6f\x6d\x20\x61\x73\x20\x64\
\x65\x66\x61\x75\x6c\x74\x20\x61\x77\x61\x69\x74\x20\x74\x68\x65\
\x6e\x20\x75\x6e\x6c\x65\x73\x73\x20\x75\x6e\x74\x69\x6c\x20\x6c\
\x6f\x6f\x70\x20\x6f\x66\x20\x62\x79\x20\x77\x68\x65\x6e\x20\x61\
\x6e\x64\x20\x6f\x72\x20\x69\x73\x20\x69\x73\x6e\x74\x20\x6e\x6f\
\x74\x22\x2c\x6c\x69\x74\x65\x72\x61\x6c\x3a\x22\x74\x72\x75\x65\
\x20\x66\x61\x6c\x73\x65\x20\x6e\x75\x6c\x6c\x20\x75\x6e\x64\x65\
\x66\x69\x6e\x65\x64\x20\x79\x65\x73\x20\x6e\x6f\x20\x6f\x6e\x20\
\x6f\x66\x66\x22\x2c\x62\x75\x69\x6c\x74\x5f\x69\x6e\x3a\x22\x6e\
\x70\x6d\x20\x72\x65\x71\x75\x69\x72\x65\x20\x63\x6f\x6e\x73\x6f\
\x6c\x65\x20\x70\x72\x69\x6e\x74\x20\x6d\x6f\x64\x75\x6c\x65\x20\
\x67\x6c\x6f\x62\x61\x6c\x20\x77\x69\x6e\x64\x6f\x77\x20\x64\x6f\
\x63\x75\x6d\x65\x6e\x74\x22\x7d\x2c\x72\x3d\x22\x5b\x41\x2d\x5a\
\x61\x2d\x7a\x24\x5f\x5d\x5b\x30\x2d\x39\x41\x2d\x5a\x61\x2d\x7a\
\x24\x5f\x5d\x2a\x22\x2c\x61\x3d\x7b\x63\x4e\x3a\x22\x73\x75\x62\
\x73\x74\x22\x2c\x62\x3a\x2f\x23\x5c\x7b\x2f\x2c\x65\x3a\x2f\x7d\
\x2f\x2c\x6b\x3a\x74\x7d\x2c\x6e\x3d\x5b\x65\x2e\x42\x4e\x4d\x2c\
\x65\x2e\x69\x6e\x68\x65\x72\x69\x74\x28\x65\x2e\x43\x4e\x4d\x2c\
\x7b\x73\x74\x61\x72\x74\x73\x3a\x7b\x65\x3a\x22\x28\x5c\x5c\x73\
\x2a\x2f\x29\x3f\x22\x2c\x72\x3a\x30\x7d\x7d\x29\x2c\x7b\x63\x4e\
\x3a\x22\x73\x74\x72\x69\x6e\x67\x22\x2c\x76\x3a\x5b\x7b\x62\x3a\
\x2f\x27\x27\x27\x2f\x2c\x65\x3a\x2f\x27\x27\x27\x2f\x2c\x63\x3a\
\x5b\x65\x2e\x42\x45\x5d\x7d\x2c\x7b\x62\x3a\x2f\x27\x2f\x2c\x65\
\x3a\x2f\x27\x2f\x2c\x63\x3a\x5b\x65\x2e\x42\x45\x5d\x7d\x2c\x7b\
\x62\x3a\x2f\x22\x22\x22\x2f\x2c\x65\x3a\x2f\x22\x22\x22\x2f\x2c\
\x63\x3a\x5b\x65\x2e\x42\x45\x2c\x61\x5d\x7d\x2c\x7b\x62\x3a\x2f\
\x22\x2f\x2c\x65\x3a\x2f\x22\x2f\x2c\x63\x3a\x5b\x65\x2e\x42\x45\
\x2c\x61\x5d\x7d\x5d\x7d\x2c\x7b\x63\x4e\x3a\x22\x72\x65\x67\x65\
\x78\x70\x22\x2c\x76\x3a\x5b\x7b\x62\x3a\x22\x2f\x2f\x2f\x22\x2c\
\x65\x3a\x22\x2f\x2f\x2f\x22\x2c\x63\x3a\x5b\x61\x2c\x65\x2e\x48\
\x43\x4d\x5d\x7d\x2c\x7b\x62\x3a\x22\x2f\x2f\x5b\x67\x69\x6d\x5d\
\x2a\x22\x2c\x72\x3a\x30\x7d\x2c\x7b\x62\x3a\x2f\x5c\x2f\x28\x3f\
\x21\x5b\x20\x2a\x5d\x29\x28\x5c\x5c\x5c\x2f\x7c\x2e\x29\x2a\x3f\
\x5c\x2f\x5b\x67\x69\x6d\x5d\x2a\x28\x3f\x3d\x5c\x57\x7c\x24\x29\
\x2f\x7d\x5d\x7d\x2c\x7b\x62\x3a\x22\x40\x22\x2b\x72\x7d\x2c\x7b\
\x73\x4c\x3a\x22\x6a\x61\x76\x61\x73\x63\x72\x69\x70\x74\x22\x2c\
\x65\x42\x3a\x21\x30\x2c\x65\x45\x3a\x21\x30\x2c\x76\x3a\x5b\x7b\
\x62\x3a\x22\x60\x60\x60\x22\x2c\x65\x3a\x22\x60\x60\x60\x22\x7d\
\x2c\x7b\x62\x3a\x22\x60\x22\x2c\x65\x3a\x22\x60\x22\x7d\x5d\x7d\
\x5d\x3b\x61\x2e\x63\x3d\x6e\x3b\x76\x61\x72\x20\x69\x3d\x65\x2e\
\x69\x6e\x68\x65\x72\x69\x74\x28\x65\x2e\x54\x4d\x2c\x7b\x62\x3a\
\x72\x7d\x29\x2c\x73\x3d\x22\x28\x5c\x5c\x28\x2e\x2a\x5c\x5c\x29\
\x29\x3f\x5c\x5c\x73\x2a\x5c\x5c\x42\x5b\x2d\x3d\x5d\x3e\x22\x2c\
\x63\x3d\x7b\x63\x4e\x3a\x22\x70\x61\x72\x61\x6d\x73\x22\x2c\x62\
\x3a\x22\x5c\x5c\x28\x5b\x5e\x5c\x5c\x28\x5d\x22\x2c\x72\x42\x3a\
\x21\x30\x2c\x63\x3a\x5b\x7b\x62\x3a\x2f\x5c\x28\x2f\x2c\x65\x3a\
\x2f\x5c\x29\x2f\x2c\x6b\x3a\x74\x2c\x63\x3a\x5b\x22\x73\x65\x6c\
\x66\x22\x5d\x2e\x63\x6f\x6e\x63\x61\x74\x28\x6e\x29\x7d\x5d\x7d\
\x3b\x72\x65\x74\x75\x72\x6e\x7b\x61\x6c\x69\x61\x73\x65\x73\x3a\
\x5b\x22\x63\x6f\x66\x66\x65\x65\x22\x2c\x22\x63\x73\x6f\x6e\x22\
\x2c\x22\x69\x63\x65\x64\x22\x5d\x2c\x6b\x3a\x74\x2c\x69\x3a\x2f\
\x5c\x2f\x5c\x2a\x2f\x2c\x63\x3a\x6e\x2e\x63\x6f\x6e\x63\x61\x74\
\x28\x5b\x65\x2e\x43\x28\x22\x23\x23\x23\x22\x2c\x22\x23\x23\x23\
\x22\x29\x2c\x65\x2e\x48\x43\x4d\x2c\x7b\x63\x4e\x3a\x22\x66\x75\
\x6e\x63\x74\x69\x6f\x6e\x22\x2c\x62\x3a\x22\x5e\x5c\x5c\x73\x2a\
\x22\x2b\x72\x2b\x22\x5c\x5c\x73\x2a\x3d\x5c\x5c\x73\x2a\x22\x2b\
\x73\x2c\x65\x3a\x22\x5b\x2d\x3d\x5d\x3e\x22\x2c\x72\x42\x3a\x21\
\x30\x2c\x63\x3a\x5b\x69\x2c\x63\x5d\x7d\x2c\x7b\x62\x3a\x2f\x5b\
\x3a\x5c\x28\x2c\x3d\x5d\x5c\x73\x2a\x2f\x2c\x72\x3a\x30\x2c\x63\
\x3a\x5b\x7b\x63\x4e\x3a\x22\x66\x75\x6e\x63\x74\x69\x6f\x6e\x22\
\x2c\x62\x3a\x73\x2c\x65\x3a\x22\x5b\x2d\x3d\x5d\x3e\x22\x2c\x72\
\x42\x3a\x21\x30\x2c\x63\x3a\x5b\x63\x5d\x7d\x5d\x7d\x2c\x7b\x63\
\x4e\x3a\x22\x63\x6c\x61\x73\x73\x22\x2c\x62\x4b\x3a\x22\x63\x6c\
\x61\x73\x73\x22\x2c\x65\x3a\x22\x24\x22\x2c\x69\x3a\x2f\x5b\x3a\
\x3d\x22\x5c\x5b\x5c\x5d\x5d\x2f\x2c\x63\x3a\x5b\x7b\x62\x4b\x3a\
\x22\x65\x78\x74\x65\x6e\x64\x73\x22\x2c\x65\x57\x3a\x21\x30\x2c\
\x69\x3a\x2f\x5b\x3a\x3d\x22\x5c\x5b\x5c\x5d\x5d\x2f\x2c\x63\x3a\
\x5b\x69\x5d\x7d\x2c\x69\x5d\x7d\x2c\x7b\x62\x3a\x72\x2b\x22\x3a\
\x22\x2c\x65\x3a\x22\x3a\x22\x2c\x72\x42\x3a\x21\x30\x2c\x72\x45\
\x3a\x21\x30\x2c\x72\x3a\x30\x7d\x5d\x29\x7d\x7d\x29\x2c\x65\x2e\
\x72\x65\x67\x69\x73\x74\x65\x72\x4c\x61\x6e\x67\x75\x61\x67\x65\
\x28\x22\x63\x70\x70\x22\x2c\x66\x75\x6e\x63\x74\x69\x6f\x6e\x28\
\x65\x29\x7b\x76\x61\x72\x20\x74\x3d\x7b\x63\x4e\x3a\x22\x6b\x65\
\x79\x77\x6f\x72\x64\x22\x2c\x62\x3a\x22\x5c\x5c\x62\x5b\x61\x2d\
\x7a\x5c\x5c\x64\x5f\x5d\x2a\x5f\x74\x5c\x5c\x62\x22\x7d\x2c\x72\
\x3d\x7b\x63\x4e\x3a\x22\x73\x74\x72\x69\x6e\x67\x22\x2c\x76\x3a\
\x5b\x7b\x62\x3a\x27\x28\x75\x38\x3f\x7c\x55\x29\x3f\x4c\x3f\x22\
\x27\x2c\x65\x3a\x27\x22\x27\x2c\x69\x3a\x22\x5c\x5c\x6e\x22\x2c\
\x63\x3a\x5b\x65\x2e\x42\x45\x5d\x7d\x2c\x7b\x62\x3a\x27\x28\x75\
\x38\x3f\x7c\x55\x29\x3f\x52\x22\x27\x2c\x65\x3a\x27\x22\x27\x2c\
\x63\x3a\x5b\x65\x2e\x42\x45\x5d\x7d\x2c\x7b\x62\x3a\x22\x27\x5c\
\x5c\x5c\x5c\x3f\x2e\x22\x2c\x65\x3a\x22\x27\x22\x2c\x69\x3a\x22\
\x2e\x22\x7d\x5d\x7d\x2c\x61\x3d\x7b\x63\x4e\x3a\x22\x6e\x75\x6d\
\x62\x65\x72\x22\x2c\x76\x3a\x5b\x7b\x62\x3a\x22\x5c\x5c\x62\x28\
\x30\x62\x5b\x30\x31\x27\x5d\x2b\x29\x22\x7d\x2c\x7b\x62\x3a\x22\
\x28\x2d\x3f\x29\x5c\x5c\x62\x28\x5b\x5c\x5c\x64\x27\x5d\x2b\x28\
\x5c\x5c\x2e\x5b\x5c\x5c\x64\x27\x5d\x2a\x29\x3f\x7c\x5c\x5c\x2e\
\x5b\x5c\x5c\x64\x27\x5d\x2b\x29\x28\x75\x7c\x55\x7c\x6c\x7c\x4c\
\x7c\x75\x6c\x7c\x55\x4c\x7c\x66\x7c\x46\x7c\x62\x7c\x42\x29\x22\
\x7d\x2c\x7b\x62\x3a\x22\x28\x2d\x3f\x29\x28\x5c\x5c\x62\x30\x5b\
\x78\x58\x5d\x5b\x61\x2d\x66\x41\x2d\x46\x30\x2d\x39\x27\x5d\x2b\
\x7c\x28\x5c\x5c\x62\x5b\x5c\x5c\x64\x27\x5d\x2b\x28\x5c\x5c\x2e\
\x5b\x5c\x5c\x64\x27\x5d\x2a\x29\x3f\x7c\x5c\x5c\x2e\x5b\x5c\x5c\
\x64\x27\x5d\x2b\x29\x28\x5b\x65\x45\x5d\x5b\x2d\x2b\x5d\x3f\x5b\
\x5c\x5c\x64\x27\x5d\x2b\x29\x3f\x29\x22\x7d\x5d\x2c\x72\x3a\x30\
\x7d\x2c\x6e\x3d\x7b\x63\x4e\x3a\x22\x6d\x65\x74\x61\x22\x2c\x62\
\x3a\x2f\x23\x5c\x73\x2a\x5b\x61\x2d\x7a\x5d\x2b\x5c\x62\x2f\x2c\
\x65\x3a\x2f\x24\x2f\x2c\x6b\x3a\x7b\x22\x6d\x65\x74\x61\x2d\x6b\
\x65\x79\x77\x6f\x72\x64\x22\x3a\x22\x69\x66\x20\x65\x6c\x73\x65\
\x20\x65\x6c\x69\x66\x20\x65\x6e\x64\x69\x66\x20\x64\x65\x66\x69\
\x6e\x65\x20\x75\x6e\x64\x65\x66\x20\x77\x61\x72\x6e\x69\x6e\x67\
\x20\x65\x72\x72\x6f\x72\x20\x6c\x69\x6e\x65\x20\x70\x72\x61\x67\
\x6d\x61\x20\x69\x66\x64\x65\x66\x20\x69\x66\x6e\x64\x65\x66\x20\
\x69\x6e\x63\x6c\x75\x64\x65\x22\x7d\x2c\x63\x3a\x5b\x7b\x62\x3a\
\x2f\x5c\x5c\x5c\x6e\x2f\x2c\x72\x3a\x30\x7d\x2c\x65\x2e\x69\x6e\
\x68\x65\x72\x69\x74\x28\x72\x2c\x7b\x63\x4e\x3a\x22\x6d\x65\x74\
\x61\x2d\x73\x74\x72\x69\x6e\x67\x22\x7d\x29\x2c\x7b\x63\x4e\x3a\
\x22\x6d\x65\x74\x61\x2d\x73\x74\x72\x69\x6e\x67\x22\x2c\x62\x3a\
\x2f\x3c\x5b\x5e\x5c\x6e\x3e\x5d\x2a\x3e\x2f\x2c\x65\x3a\x2f\x24\
\x2f\x2c\x69\x3a\x22\x5c\x5c\x6e\x22\x7d\x2c\x65\x2e\x43\x4c\x43\
\x4d\x2c\x65\x2e\x43\x42\x43\x4d\x5d\x7d\x2c\x69\x3d\x65\x2e\x49\
\x52\x2b\x22\x5c\x5c\x73\x2a\x5c\x5c\x28\x22\x2c\x73\x3d\x7b\x6b\
\x65\x79\x77\x6f\x72\x64\x3a\x22\x69\x6e\x74\x20\x66\x6c\x6f\x61\
\x74\x20\x77\x68\x69\x6c\x65\x20\x70\x72\x69\x76\x61\x74\x65\x20\
\x63\x68\x61\x72\x20\x63\x61\x74\x63\x68\x20\x69\x6d\x70\x6f\x72\
\x74\x20\x6d\x6f\x64\x75\x6c\x65\x20\x65\x78\x70\x6f\x72\x74\x20\
\x76\x69\x72\x74\x75\x61\x6c\x20\x6f\x70\x65\x72\x61\x74\x6f\x72\
\x20\x73\x69\x7a\x65\x6f\x66\x20\x64\x79\x6e\x61\x6d\x69\x63\x5f\
\x63\x61\x73\x74\x7c\x31\x30\x20\x74\x79\x70\x65\x64\x65\x66\x20\
\x63\x6f\x6e\x73\x74\x5f\x63\x61\x73\x74\x7c\x31\x30\x20\x63\x6f\
\x6e\x73\x74\x20\x66\x6f\x72\x20\x73\x74\x61\x74\x69\x63\x5f\x63\
\x61\x73\x74\x7c\x31\x30\x20\x75\x6e\x69\x6f\x6e\x20\x6e\x61\x6d\
\x65\x73\x70\x61\x63\x65\x20\x75\x6e\x73\x69\x67\x6e\x65\x64\x20\
\x6c\x6f\x6e\x67\x20\x76\x6f\x6c\x61\x74\x69\x6c\x65\x20\x73\x74\
\x61\x74\x69\x63\x20\x70\x72\x6f\x74\x65\x63\x74\x65\x64\x20\x62\
\x6f\x6f\x6c\x20\x74\x65\x6d\x70\x6c\x61\x74\x65\x20\x6d\x75\x74\
\x61\x62\x6c\x65\x20\x69\x66\x20\x70\x75\x62\x6c\x69\x63\x20\x66\
\x72\x69\x65\x6e\x64\x20\x64\x6f\x20\x67\x6f\x74\x6f\x20\x61\x75\
\x74\x6f\x20\x76\x6f\x69\x64\x20\x65\x6e\x75\x6d\x20\x65\x6c\x73\
\x65\x20\x62\x72\x65\x61\x6b\x20\x65\x78\x74\x65\x72\x6e\x20\x75\
\x73\x69\x6e\x67\x20\x61\x73\x6d\x20\x63\x61\x73\x65\x20\x74\x79\
\x70\x65\x69\x64\x20\x73\x68\x6f\x72\x74\x20\x72\x65\x69\x6e\x74\
\x65\x72\x70\x72\x65\x74\x5f\x63\x61\x73\x74\x7c\x31\x30\x20\x64\
\x65\x66\x61\x75\x6c\x74\x20\x64\x6f\x75\x62\x6c\x65\x20\x72\x65\
\x67\x69\x73\x74\x65\x72\x20\x65\x78\x70\x6c\x69\x63\x69\x74\x20\
\x73\x69\x67\x6e\x65\x64\x20\x74\x79\x70\x65\x6e\x61\x6d\x65\x20\
\x74\x72\x79\x20\x74\x68\x69\x73\x20\x73\x77\x69\x74\x63\x68\x20\
\x63\x6f\x6e\x74\x69\x6e\x75\x65\x20\x69\x6e\x6c\x69\x6e\x65\x20\
\x64\x65\x6c\x65\x74\x65\x20\x61\x6c\x69\x67\x6e\x6f\x66\x20\x63\
\x6f\x6e\x73\x74\x65\x78\x70\x72\x20\x64\x65\x63\x6c\x74\x79\x70\
\x65\x20\x6e\x6f\x65\x78\x63\x65\x70\x74\x20\x73\x74\x61\x74\x69\
\x63\x5f\x61\x73\x73\x65\x72\x74\x20\x74\x68\x72\x65\x61\x64\x5f\
\x6c\x6f\x63\x61\x6c\x20\x72\x65\x73\x74\x72\x69\x63\x74\x20\x5f\
\x42\x6f\x6f\x6c\x20\x63\x6f\x6d\x70\x6c\x65\x78\x20\x5f\x43\x6f\
\x6d\x70\x6c\x65\x78\x20\x5f\x49\x6d\x61\x67\x69\x6e\x61\x72\x79\
\x20\x61\x74\x6f\x6d\x69\x63\x5f\x62\x6f\x6f\x6c\x20\x61\x74\x6f\
\x6d\x69\x63\x5f\x63\x68\x61\x72\x20\x61\x74\x6f\x6d\x69\x63\x5f\
\x73\x63\x68\x61\x72\x20\x61\x74\x6f\x6d\x69\x63\x5f\x75\x63\x68\
\x61\x72\x20\x61\x74\x6f\x6d\x69\x63\x5f\x73\x68\x6f\x72\x74\x20\
\x61\x74\x6f\x6d\x69\x63\x5f\x75\x73\x68\x6f\x72\x74\x20\x61\x74\
\x6f\x6d\x69\x63\x5f\x69\x6e\x74\x20\x61\x74\x6f\x6d\x69\x63\x5f\
\x75\x69\x6e\x74\x20\x61\x74\x6f\x6d\x69\x63\x5f\x6c\x6f\x6e\x67\
\x20\x61\x74\x6f\x6d\x69\x63\x5f\x75\x6c\x6f\x6e\x67\x20\x61\x74\
\x6f\x6d\x69\x63\x5f\x6c\x6c\x6f\x6e\x67\x20\x61\x74\x6f\x6d\x69\
\x63\x5f\x75\x6c\x6c\x6f\x6e\x67\x20\x6e\x65\x77\x20\x74\x68\x72\
\x6f\x77\x20\x72\x65\x74\x75\x72\x6e\x20\x61\x6e\x64\x20\x6f\x72\
\x20\x6e\x6f\x74\x22\x2c\x62\x75\x69\x6c\x74\x5f\x69\x6e\x3a\x22\
\x73\x74\x64\x20\x73\x74\x72\x69\x6e\x67\x20\x63\x69\x6e\x20\x63\
\x6f\x75\x74\x20\x63\x65\x72\x72\x20\x63\x6c\x6f\x67\x20\x73\x74\
\x64\x69\x6e\x20\x73\x74\x64\x6f\x75\x74\x20\x73\x74\x64\x65\x72\
\x72\x20\x73\x74\x72\x69\x6e\x67\x73\x74\x72\x65\x61\x6d\x20\x69\
\x73\x74\x72\x69\x6e\x67\x73\x74\x72\x65\x61\x6d\x20\x6f\x73\x74\
\x72\x69\x6e\x67\x73\x74\x72\x65\x61\x6d\x20\x61\x75\x74\x6f\x5f\
\x70\x74\x72\x20\x64\x65\x71\x75\x65\x20\x6c\x69\x73\x74\x20\x71\
\x75\x65\x75\x65\x20\x73\x74\x61\x63\x6b\x20\x76\x65\x63\x74\x6f\
\x72\x20\x6d\x61\x70\x20\x73\x65\x74\x20\x62\x69\x74\x73\x65\x74\
\x20\x6d\x75\x6c\x74\x69\x73\x65\x74\x20\x6d\x75\x6c\x74\x69\x6d\
\x61\x70\x20\x75\x6e\x6f\x72\x64\x65\x72\x65\x64\x5f\x73\x65\x74\
\x20\x75\x6e\x6f\x72\x64\x65\x72\x65\x64\x5f\x6d\x61\x70\x20\x75\
\x6e\x6f\x72\x64\x65\x72\x65\x64\x5f\x6d\x75\x6c\x74\x69\x73\x65\
\x74\x20\x75\x6e\x6f\x72\x64\x65\x72\x65\x64\x5f\x6d\x75\x6c\x74\
\x69\x6d\x61\x70\x20\x61\x72\x72\x61\x79\x20\x73\x68\x61\x72\x65\
\x64\x5f\x70\x74\x72\x20\x61\x62\x6f\x72\x74\x20\x61\x62\x73\x20\
\x61\x63\x6f\x73\x20\x61\x73\x69\x6e\x20\x61\x74\x61\x6e\x32\x20\
\x61\x74\x61\x6e\x20\x63\x61\x6c\x6c\x6f\x63\x20\x63\x65\x69\x6c\
\x20\x63\x6f\x73\x68\x20\x63\x6f\x73\x20\x65\x78\x69\x74\x20\x65\
\x78\x70\x20\x66\x61\x62\x73\x20\x66\x6c\x6f\x6f\x72\x20\x66\x6d\
\x6f\x64\x20\x66\x70\x72\x69\x6e\x74\x66\x20\x66\x70\x75\x74\x73\
\x20\x66\x72\x65\x65\x20\x66\x72\x65\x78\x70\x20\x66\x73\x63\x61\
\x6e\x66\x20\x69\x73\x61\x6c\x6e\x75\x6d\x20\x69\x73\x61\x6c\x70\
\x68\x61\x20\x69\x73\x63\x6e\x74\x72\x6c\x20\x69\x73\x64\x69\x67\
\x69\x74\x20\x69\x73\x67\x72\x61\x70\x68\x20\x69\x73\x6c\x6f\x77\
\x65\x72\x20\x69\x73\x70\x72\x69\x6e\x74\x20\x69\x73\x70\x75\x6e\
\x63\x74\x20\x69\x73\x73\x70\x61\x63\x65\x20\x69\x73\x75\x70\x70\
\x65\x72\x20\x69\x73\x78\x64\x69\x67\x69\x74\x20\x74\x6f\x6c\x6f\
\x77\x65\x72\x20\x74\x6f\x75\x70\x70\x65\x72\x20\x6c\x61\x62\x73\
\x20\x6c\x64\x65\x78\x70\x20\x6c\x6f\x67\x31\x30\x20\x6c\x6f\x67\
\x20\x6d\x61\x6c\x6c\x6f\x63\x20\x72\x65\x61\x6c\x6c\x6f\x63\x20\
\x6d\x65\x6d\x63\x68\x72\x20\x6d\x65\x6d\x63\x6d\x70\x20\x6d\x65\
\x6d\x63\x70\x79\x20\x6d\x65\x6d\x73\x65\x74\x20\x6d\x6f\x64\x66\
\x20\x70\x6f\x77\x20\x70\x72\x69\x6e\x74\x66\x20\x70\x75\x74\x63\
\x68\x61\x72\x20\x70\x75\x74\x73\x20\x73\x63\x61\x6e\x66\x20\x73\
\x69\x6e\x68\x20\x73\x69\x6e\x20\x73\x6e\x70\x72\x69\x6e\x74\x66\
\x20\x73\x70\x72\x69\x6e\x74\x66\x20\x73\x71\x72\x74\x20\x73\x73\
\x63\x61\x6e\x66\x20\x73\x74\x72\x63\x61\x74\x20\x73\x74\x72\x63\
\x68\x72\x20\x73\x74\x72\x63\x6d\x70\x20\x73\x74\x72\x63\x70\x79\
\x20\x73\x74\x72\x63\x73\x70\x6e\x20\x73\x74\x72\x6c\x65\x6e\x20\
\x73\x74\x72\x6e\x63\x61\x74\x20\x73\x74\x72\x6e\x63\x6d\x70\x20\
\x73\x74\x72\x6e\x63\x70\x79\x20\x73\x74\x72\x70\x62\x72\x6b\x20\
\x73\x74\x72\x72\x63\x68\x72\x20\x73\x74\x72\x73\x70\x6e\x20\x73\
\x74\x72\x73\x74\x72\x20\x74\x61\x6e\x68\x20\x74\x61\x6e\x20\x76\
\x66\x70\x72\x69\x6e\x74\x66\x20\x76\x70\x72\x69\x6e\x74\x66\x20\
\x76\x73\x70\x72\x69\x6e\x74\x66\x20\x65\x6e\x64\x6c\x20\x69\x6e\
\x69\x74\x69\x61\x6c\x69\x7a\x65\x72\x5f\x6c\x69\x73\x74\x20\x75\
\x6e\x69\x71\x75\x65\x5f\x70\x74\x72\x22\x2c\x6c\x69\x74\x65\x72\
\x61\x6c\x3a\x22\x74\x72\x75\x65\x20\x66\x61\x6c\x73\x65\x20\x6e\
\x75\x6c\x6c\x70\x74\x72\x20\x4e\x55\x4c\x4c\x22\x7d\x2c\x63\x3d\
\x5b\x74\x2c\x65\x2e\x43\x4c\x43\x4d\x2c\x65\x2e\x43\x42\x43\x4d\
\x2c\x61\x2c\x72\x5d\x3b\x72\x65\x74\x75\x72\x6e\x7b\x61\x6c\x69\
\x61\x73\x65\x73\x3a\x5b\x22\x63\x22\x2c\x22\x63\x63\x22\x2c\x22\
\x68\x22\x2c\x22\x63\x2b\x2b\x22\x2c\x22\x68\x2b\x2b\x22\x2c\x22\
\x68\x70\x70\x22\x5d\x2c\x6b\x3a\x73\x2c\x69\x3a\x22\x3c\x2f\x22\
\x2c\x63\x3a\x63\x2e\x63\x6f\x6e\x63\x61\x74\x28\x5b\x6e\x2c\x7b\
\x62\x3a\x22\x5c\x5c\x62\x28\x64\x65\x71\x75\x65\x7c\x6c\x69\x73\
\x74\x7c\x71\x75\x65\x75\x65\x7c\x73\x74\x61\x63\x6b\x7c\x76\x65\
\x63\x74\x6f\x72\x7c\x6d\x61\x70\x7c\x73\x65\x74\x7c\x62\x69\x74\
\x73\x65\x74\x7c\x6d\x75\x6c\x74\x69\x73\x65\x74\x7c\x6d\x75\x6c\
\x74\x69\x6d\x61\x70\x7c\x75\x6e\x6f\x72\x64\x65\x72\x65\x64\x5f\
\x6d\x61\x70\x7c\x75\x6e\x6f\x72\x64\x65\x72\x65\x64\x5f\x73\x65\
\x74\x7c\x75\x6e\x6f\x72\x64\x65\x72\x65\x64\x5f\x6d\x75\x6c\x74\
\x69\x73\x65\x74\x7c\x75\x6e\x6f\x72\x64\x65\x72\x65\x64\x5f\x6d\
\x75\x6c\x74\x69\x6d\x61\x70\x7c\x61\x72\x72\x61\x79\x29\x5c\x5c\
\x73\x2a\x3c\x22\x2c\x65\x3a\x22\x3e\x22\x2c\x6b\x3a\x73\x2c\x63\
\x3a\x5b\x22\x73\x65\x6c\x66\x22\x2c\x74\x5d\x7d\x2c\x7b\x62\x3a\
\x65\x2e\x49\x52\x2b\x22\x3a\x3a\x22\x2c\x6b\x3a\x73\x7d\x2c\x7b\
\x76\x3a\x5b\x7b\x62\x3a\x2f\x3d\x2f\x2c\x65\x3a\x2f\x3b\x2f\x7d\
\x2c\x7b\x62\x3a\x2f\x5c\x28\x2f\x2c\x65\x3a\x2f\x5c\x29\x2f\x7d\
\x2c\x7b\x62\x4b\x3a\x22\x6e\x65\x77\x20\x74\x68\x72\x6f\x77\x20\
\x72\x65\x74\x75\x72\x6e\x20\x65\x6c\x73\x65\x22\x2c\x65\x3a\x2f\
\x3b\x2f\x7d\x5d\x2c\x6b\x3a\x73\x2c\x63\x3a\x63\x2e\x63\x6f\x6e\
\x63\x61\x74\x28\x5b\x7b\x62\x3a\x2f\x5c\x28\x2f\x2c\x65\x3a\x2f\
\x5c\x29\x2f\x2c\x6b\x3a\x73\x2c\x63\x3a\x63\x2e\x63\x6f\x6e\x63\
\x61\x74\x28\x5b\x22\x73\x65\x6c\x66\x22\x5d\x29\x2c\x72\x3a\x30\
\x7d\x5d\x29\x2c\x72\x3a\x30\x7d\x2c\x7b\x63\x4e\x3a\x22\x66\x75\
\x6e\x63\x74\x69\x6f\x6e\x22\x2c\x62\x3a\x22\x28\x22\x2b\x65\x2e\
\x49\x52\x2b\x22\x5b\x5c\x5c\x2a\x26\x5c\x5c\x73\x5d\x2b\x29\x2b\
\x22\x2b\x69\x2c\x72\x42\x3a\x21\x30\x2c\x65\x3a\x2f\x5b\x7b\x3b\
\x3d\x5d\x2f\x2c\x65\x45\x3a\x21\x30\x2c\x6b\x3a\x73\x2c\x69\x3a\
\x2f\x5b\x5e\x5c\x77\x5c\x73\x5c\x2a\x26\x5d\x2f\x2c\x63\x3a\x5b\
\x7b\x62\x3a\x69\x2c\x72\x42\x3a\x21\x30\x2c\x63\x3a\x5b\x65\x2e\
\x54\x4d\x5d\x2c\x72\x3a\x30\x7d\x2c\x7b\x63\x4e\x3a\x22\x70\x61\
\x72\x61\x6d\x73\x22\x2c\x62\x3a\x2f\x5c\x28\x2f\x2c\x65\x3a\x2f\
\x5c\x29\x2f\x2c\x6b\x3a\x73\x2c\x72\x3a\x30\x2c\x63\x3a\x5b\x65\
\x2e\x43\x4c\x43\x4d\x2c\x65\x2e\x43\x42\x43\x4d\x2c\x72\x2c\x61\
\x2c\x74\x5d\x7d\x2c\x65\x2e\x43\x4c\x43\x4d\x2c\x65\x2e\x43\x42\
\x43\x4d\x2c\x6e\x5d\x7d\x2c\x7b\x63\x4e\x3a\x22\x63\x6c\x61\x73\
\x73\x22\x2c\x62\x4b\x3a\x22\x63\x6c\x61\x73\x73\x20\x73\x74\x72\
\x75\x63\x74\x22\x2c\x65\x3a\x2f\x5b\x7b\x3b\x3a\x5d\x2f\x2c\x63\
\x3a\x5b\x7b\x62\x3a\x2f\x3c\x2f\x2c\x65\x3a\x2f\x3e\x2f\x2c\x63\
\x3a\x5b\x22\x73\x65\x6c\x66\x22\x5d\x7d\x2c\x65\x2e\x54\x4d\x5d\
\x7d\x5d\x29\x2c\x65\x78\x70\x6f\x72\x74\x73\x3a\x7b\x70\x72\x65\
\x70\x72\x6f\x63\x65\x73\x73\x6f\x72\x3a\x6e\x2c\x73\x74\x72\x69\
\x6e\x67\x73\x3a\x72\x2c\x6b\x3a\x73\x7d\x7d\x7d\x29\x2c\x65\x2e\
\x72\x65\x67\x69\x73\x74\x65\x72\x4c\x61\x6e\x67\x75\x61\x67\x65\
\x28\x22\x63\x73\x22\x2c\x66\x75\x6e\x63\x74\x69\x6f\x6e\x28\x65\
\x29\x7b\x76\x61\x72\x20\x74\x3d\x7b\x6b\x65\x79\x77\x6f\x72\x64\
\x3a\x22\x61\x62\x73\x74\x72\x61\x63\x74\x20\x61\x73\x20\x62\x61\
\x73\x65\x20\x62\x6f\x6f\x6c\x20\x62\x72\x65\x61\x6b\x20\x62\x79\
\x74\x65\x20\x63\x61\x73\x65\x20\x63\x61\x74\x63\x68\x20\x63\x68\
\x61\x72\x20\x63\x68\x65\x63\x6b\x65\x64\x20\x63\x6f\x6e\x73\x74\
\x20\x63\x6f\x6e\x74\x69\x6e\x75\x65\x20\x64\x65\x63\x69\x6d\x61\
\x6c\x20\x64\x65\x66\x61\x75\x6c\x74\x20\x64\x65\x6c\x65\x67\x61\
\x74\x65\x20\x64\x6f\x20\x64\x6f\x75\x62\x6c\x65\x20\x65\x6e\x75\
\x6d\x20\x65\x76\x65\x6e\x74\x20\x65\x78\x70\x6c\x69\x63\x69\x74\
\x20\x65\x78\x74\x65\x72\x6e\x20\x66\x69\x6e\x61\x6c\x6c\x79\x20\
\x66\x69\x78\x65\x64\x20\x66\x6c\x6f\x61\x74\x20\x66\x6f\x72\x20\
\x66\x6f\x72\x65\x61\x63\x68\x20\x67\x6f\x74\x6f\x20\x69\x66\x20\
\x69\x6d\x70\x6c\x69\x63\x69\x74\x20\x69\x6e\x20\x69\x6e\x74\x20\
\x69\x6e\x74\x65\x72\x66\x61\x63\x65\x20\x69\x6e\x74\x65\x72\x6e\
\x61\x6c\x20\x69\x73\x20\x6c\x6f\x63\x6b\x20\x6c\x6f\x6e\x67\x20\
\x6e\x61\x6d\x65\x6f\x66\x20\x6f\x62\x6a\x65\x63\x74\x20\x6f\x70\
\x65\x72\x61\x74\x6f\x72\x20\x6f\x75\x74\x20\x6f\x76\x65\x72\x72\
\x69\x64\x65\x20\x70\x61\x72\x61\x6d\x73\x20\x70\x72\x69\x76\x61\
\x74\x65\x20\x70\x72\x6f\x74\x65\x63\x74\x65\x64\x20\x70\x75\x62\
\x6c\x69\x63\x20\x72\x65\x61\x64\x6f\x6e\x6c\x79\x20\x72\x65\x66\
\x20\x73\x62\x79\x74\x65\x20\x73\x65\x61\x6c\x65\x64\x20\x73\x68\
\x6f\x72\x74\x20\x73\x69\x7a\x65\x6f\x66\x20\x73\x74\x61\x63\x6b\
\x61\x6c\x6c\x6f\x63\x20\x73\x74\x61\x74\x69\x63\x20\x73\x74\x72\
\x69\x6e\x67\x20\x73\x74\x72\x75\x63\x74\x20\x73\x77\x69\x74\x63\
\x68\x20\x74\x68\x69\x73\x20\x74\x72\x79\x20\x74\x79\x70\x65\x6f\
\x66\x20\x75\x69\x6e\x74\x20\x75\x6c\x6f\x6e\x67\x20\x75\x6e\x63\
\x68\x65\x63\x6b\x65\x64\x20\x75\x6e\x73\x61\x66\x65\x20\x75\x73\
\x68\x6f\x72\x74\x20\x75\x73\x69\x6e\x67\x20\x76\x69\x72\x74\x75\
\x61\x6c\x20\x76\x6f\x69\x64\x20\x76\x6f\x6c\x61\x74\x69\x6c\x65\
\x20\x77\x68\x69\x6c\x65\x20\x61\x64\x64\x20\x61\x6c\x69\x61\x73\
\x20\x61\x73\x63\x65\x6e\x64\x69\x6e\x67\x20\x61\x73\x79\x6e\x63\
\x20\x61\x77\x61\x69\x74\x20\x62\x79\x20\x64\x65\x73\x63\x65\x6e\
\x64\x69\x6e\x67\x20\x64\x79\x6e\x61\x6d\x69\x63\x20\x65\x71\x75\
\x61\x6c\x73\x20\x66\x72\x6f\x6d\x20\x67\x65\x74\x20\x67\x6c\x6f\
\x62\x61\x6c\x20\x67\x72\x6f\x75\x70\x20\x69\x6e\x74\x6f\x20\x6a\
\x6f\x69\x6e\x20\x6c\x65\x74\x20\x6f\x6e\x20\x6f\x72\x64\x65\x72\
\x62\x79\x20\x70\x61\x72\x74\x69\x61\x6c\x20\x72\x65\x6d\x6f\x76\
\x65\x20\x73\x65\x6c\x65\x63\x74\x20\x73\x65\x74\x20\x76\x61\x6c\
\x75\x65\x20\x76\x61\x72\x20\x77\x68\x65\x72\x65\x20\x79\x69\x65\
\x6c\x64\x22\x2c\x6c\x69\x74\x65\x72\x61\x6c\x3a\x22\x6e\x75\x6c\
\x6c\x20\x66\x61\x6c\x73\x65\x20\x74\x72\x75\x65\x22\x7d\x2c\x72\
\x3d\x7b\x63\x4e\x3a\x22\x73\x74\x72\x69\x6e\x67\x22\x2c\x62\x3a\
\x27\x40\x22\x27\x2c\x65\x3a\x27\x22\x27\x2c\x63\x3a\x5b\x7b\x62\
\x3a\x27\x22\x22\x27\x7d\x5d\x7d\x2c\x61\x3d\x65\x2e\x69\x6e\x68\
\x65\x72\x69\x74\x28\x72\x2c\x7b\x69\x3a\x2f\x5c\x6e\x2f\x7d\x29\
\x2c\x6e\x3d\x7b\x63\x4e\x3a\x22\x73\x75\x62\x73\x74\x22\x2c\x62\
\x3a\x22\x7b\x22\x2c\x65\x3a\x22\x7d\x22\x2c\x6b\x3a\x74\x7d\x2c\
\x69\x3d\x65\x2e\x69\x6e\x68\x65\x72\x69\x74\x28\x6e\x2c\x7b\x69\
\x3a\x2f\x5c\x6e\x2f\x7d\x29\x2c\x73\x3d\x7b\x63\x4e\x3a\x22\x73\
\x74\x72\x69\x6e\x67\x22\x2c\x62\x3a\x2f\x5c\x24\x22\x2f\x2c\x65\
\x3a\x27\x22\x27\x2c\x69\x3a\x2f\x5c\x6e\x2f\x2c\x63\x3a\x5b\x7b\
\x62\x3a\x22\x7b\x7b\x22\x7d\x2c\x7b\x62\x3a\x22\x7d\x7d\x22\x7d\
\x2c\x65\x2e\x42\x45\x2c\x69\x5d\x7d\x2c\x63\x3d\x7b\x63\x4e\x3a\
\x22\x73\x74\x72\x69\x6e\x67\x22\x2c\x62\x3a\x2f\x5c\x24\x40\x22\
\x2f\x2c\x65\x3a\x27\x22\x27\x2c\x63\x3a\x5b\x7b\x62\x3a\x22\x7b\
\x7b\x22\x7d\x2c\x7b\x62\x3a\x22\x7d\x7d\x22\x7d\x2c\x7b\x62\x3a\
\x27\x22\x22\x27\x7d\x2c\x6e\x5d\x7d\x2c\x6f\x3d\x65\x2e\x69\x6e\
\x68\x65\x72\x69\x74\x28\x63\x2c\x7b\x69\x3a\x2f\x5c\x6e\x2f\x2c\
\x63\x3a\x5b\x7b\x62\x3a\x22\x7b\x7b\x22\x7d\x2c\x7b\x62\x3a\x22\
\x7d\x7d\x22\x7d\x2c\x7b\x62\x3a\x27\x22\x22\x27\x7d\x2c\x69\x5d\
\x7d\x29\x3b\x6e\x2e\x63\x3d\x5b\x63\x2c\x73\x2c\x72\x2c\x65\x2e\
\x41\x53\x4d\x2c\x65\x2e\x51\x53\x4d\x2c\x65\x2e\x43\x4e\x4d\x2c\
\x65\x2e\x43\x42\x43\x4d\x5d\x2c\x69\x2e\x63\x3d\x5b\x6f\x2c\x73\
\x2c\x61\x2c\x65\x2e\x41\x53\x4d\x2c\x65\x2e\x51\x53\x4d\x2c\x65\
\x2e\x43\x4e\x4d\x2c\x65\x2e\x69\x6e\x68\x65\x72\x69\x74\x28\x65\
\x2e\x43\x42\x43\x4d\x2c\x7b\x69\x3a\x2f\x5c\x6e\x2f\x7d\x29\x5d\
\x3b\x76\x61\x72\x20\x6c\x3d\x7b\x76\x3a\x5b\x63\x2c\x73\x2c\x72\
\x2c\x65\x2e\x41\x53\x4d\x2c\x65\x2e\x51\x53\x4d\x5d\x7d\x2c\x75\
\x3d\x65\x2e\x49\x52\x2b\x22\x28\x3c\x22\x2b\x65\x2e\x49\x52\x2b\
\x22\x28\x5c\x5c\x73\x2a\x2c\x5c\x5c\x73\x2a\x22\x2b\x65\x2e\x49\
\x52\x2b\x22\x29\x2a\x3e\x29\x3f\x28\x5c\x5c\x5b\x5c\x5c\x5d\x29\
\x3f\x22\x3b\x72\x65\x74\x75\x72\x6e\x7b\x61\x6c\x69\x61\x73\x65\
\x73\x3a\x5b\x22\x63\x73\x68\x61\x72\x70\x22\x5d\x2c\x6b\x3a\x74\
\x2c\x69\x3a\x2f\x3a\x3a\x2f\x2c\x63\x3a\x5b\x65\x2e\x43\x28\x22\
\x2f\x2f\x2f\x22\x2c\x22\x24\x22\x2c\x7b\x72\x42\x3a\x21\x30\x2c\
\x63\x3a\x5b\x7b\x63\x4e\x3a\x22\x64\x6f\x63\x74\x61\x67\x22\x2c\
\x76\x3a\x5b\x7b\x62\x3a\x22\x2f\x2f\x2f\x22\x2c\x72\x3a\x30\x7d\
\x2c\x7b\x62\x3a\x22\x3c\x21\x2d\x2d\x7c\x2d\x2d\x3e\x22\x7d\x2c\
\x7b\x62\x3a\x22\x3c\x2f\x3f\x22\x2c\x65\x3a\x22\x3e\x22\x7d\x5d\
\x7d\x5d\x7d\x29\x2c\x65\x2e\x43\x4c\x43\x4d\x2c\x65\x2e\x43\x42\
\x43\x4d\x2c\x7b\x63\x4e\x3a\x22\x6d\x65\x74\x61\x22\x2c\x62\x3a\
\x22\x23\x22\x2c\x65\x3a\x22\x24\x22\x2c\x6b\x3a\x7b\x22\x6d\x65\
\x74\x61\x2d\x6b\x65\x79\x77\x6f\x72\x64\x22\x3a\x22\x69\x66\x20\
\x65\x6c\x73\x65\x20\x65\x6c\x69\x66\x20\x65\x6e\x64\x69\x66\x20\
\x64\x65\x66\x69\x6e\x65\x20\x75\x6e\x64\x65\x66\x20\x77\x61\x72\
\x6e\x69\x6e\x67\x20\x65\x72\x72\x6f\x72\x20\x6c\x69\x6e\x65\x20\
\x72\x65\x67\x69\x6f\x6e\x20\x65\x6e\x64\x72\x65\x67\x69\x6f\x6e\
\x20\x70\x72\x61\x67\x6d\x61\x20\x63\x68\x65\x63\x6b\x73\x75\x6d\
\x22\x7d\x7d\x2c\x6c\x2c\x65\x2e\x43\x4e\x4d\x2c\x7b\x62\x4b\x3a\
\x22\x63\x6c\x61\x73\x73\x20\x69\x6e\x74\x65\x72\x66\x61\x63\x65\
\x22\x2c\x65\x3a\x2f\x5b\x7b\x3b\x3d\x5d\x2f\x2c\x69\x3a\x2f\x5b\
\x5e\x5c\x73\x3a\x5d\x2f\x2c\x63\x3a\x5b\x65\x2e\x54\x4d\x2c\x65\
\x2e\x43\x4c\x43\x4d\x2c\x65\x2e\x43\x42\x43\x4d\x5d\x7d\x2c\x7b\
\x62\x4b\x3a\x22\x6e\x61\x6d\x65\x73\x70\x61\x63\x65\x22\x2c\x65\
\x3a\x2f\x5b\x7b\x3b\x3d\x5d\x2f\x2c\x69\x3a\x2f\x5b\x5e\x5c\x73\
\x3a\x5d\x2f\x2c\x63\x3a\x5b\x65\x2e\x69\x6e\x68\x65\x72\x69\x74\
\x28\x65\x2e\x54\x4d\x2c\x7b\x62\x3a\x22\x5b\x61\x2d\x7a\x41\x2d\
\x5a\x5d\x28\x5c\x5c\x2e\x3f\x5c\x5c\x77\x29\x2a\x22\x7d\x29\x2c\
\x65\x2e\x43\x4c\x43\x4d\x2c\x65\x2e\x43\x42\x43\x4d\x5d\x7d\x2c\
\x7b\x63\x4e\x3a\x22\x6d\x65\x74\x61\x22\x2c\x62\x3a\x22\x5e\x5c\
\x5c\x73\x2a\x5c\x5c\x5b\x22\x2c\x65\x42\x3a\x21\x30\x2c\x65\x3a\
\x22\x5c\x5c\x5d\x22\x2c\x65\x45\x3a\x21\x30\x2c\x63\x3a\x5b\x7b\
\x63\x4e\x3a\x22\x6d\x65\x74\x61\x2d\x73\x74\x72\x69\x6e\x67\x22\
\x2c\x62\x3a\x2f\x22\x2f\x2c\x65\x3a\x2f\x22\x2f\x7d\x5d\x7d\x2c\
\x7b\x62\x4b\x3a\x22\x6e\x65\x77\x20\x72\x65\x74\x75\x72\x6e\x20\
\x74\x68\x72\x6f\x77\x20\x61\x77\x61\x69\x74\x20\x65\x6c\x73\x65\
\x22\x2c\x72\x3a\x30\x7d\x2c\x7b\x63\x4e\x3a\x22\x66\x75\x6e\x63\
\x74\x69\x6f\x6e\x22\x2c\x62\x3a\x22\x28\x22\x2b\x75\x2b\x22\x5c\
\x5c\x73\x2b\x29\x2b\x22\x2b\x65\x2e\x49\x52\x2b\x22\x5c\x5c\x73\
\x2a\x5c\x5c\x28\x22\x2c\x72\x42\x3a\x21\x30\x2c\x65\x3a\x2f\x5b\
\x7b\x3b\x3d\x5d\x2f\x2c\x65\x45\x3a\x21\x30\x2c\x6b\x3a\x74\x2c\
\x63\x3a\x5b\x7b\x62\x3a\x65\x2e\x49\x52\x2b\x22\x5c\x5c\x73\x2a\
\x5c\x5c\x28\x22\x2c\x72\x42\x3a\x21\x30\x2c\x63\x3a\x5b\x65\x2e\
\x54\x4d\x5d\x2c\x72\x3a\x30\x7d\x2c\x7b\x63\x4e\x3a\x22\x70\x61\
\x72\x61\x6d\x73\x22\x2c\x62\x3a\x2f\x5c\x28\x2f\x2c\x65\x3a\x2f\
\x5c\x29\x2f\x2c\x65\x42\x3a\x21\x30\x2c\x65\x45\x3a\x21\x30\x2c\
\x6b\x3a\x74\x2c\x72\x3a\x30\x2c\x63\x3a\x5b\x6c\x2c\x65\x2e\x43\
\x4e\x4d\x2c\x65\x2e\x43\x42\x43\x4d\x5d\x7d\x2c\x65\x2e\x43\x4c\
\x43\x4d\x2c\x65\x2e\x43\x42\x43\x4d\x5d\x7d\x5d\x7d\x7d\x29\x2c\
\x65\x2e\x72\x65\x67\x69\x73\x74\x65\x72\x4c\x61\x6e\x67\x75\x61\
\x67\x65\x28\x22\x63\x73\x73\x22\x2c\x66\x75\x6e\x63\x74\x69\x6f\
\x6e\x28\x65\x29\x7b\x76\x61\x72\x20\x74\x3d\x22\x5b\x61\x2d\x7a\
\x41\x2d\x5a\x2d\x5d\x5b\x61\x2d\x7a\x41\x2d\x5a\x30\x2d\x39\x5f\
\x2d\x5d\x2a\x22\x2c\x72\x3d\x7b\x62\x3a\x2f\x5b\x41\x2d\x5a\x5c\
\x5f\x5c\x2e\x5c\x2d\x5d\x2b\x5c\x73\x2a\x3a\x2f\x2c\x72\x42\x3a\
\x21\x30\x2c\x65\x3a\x22\x3b\x22\x2c\x65\x57\x3a\x21\x30\x2c\x63\
\x3a\x5b\x7b\x63\x4e\x3a\x22\x61\x74\x74\x72\x69\x62\x75\x74\x65\
\x22\x2c\x62\x3a\x2f\x5c\x53\x2f\x2c\x65\x3a\x22\x3a\x22\x2c\x65\
\x45\x3a\x21\x30\x2c\x73\x74\x61\x72\x74\x73\x3a\x7b\x65\x57\x3a\
\x21\x30\x2c\x65\x45\x3a\x21\x30\x2c\x63\x3a\x5b\x7b\x62\x3a\x2f\
\x5b\x5c\x77\x2d\x5d\x2b\x5c\x28\x2f\x2c\x72\x42\x3a\x21\x30\x2c\
\x63\x3a\x5b\x7b\x63\x4e\x3a\x22\x62\x75\x69\x6c\x74\x5f\x69\x6e\
\x22\x2c\x62\x3a\x2f\x5b\x5c\x77\x2d\x5d\x2b\x2f\x7d\x2c\x7b\x62\
\x3a\x2f\x5c\x28\x2f\x2c\x65\x3a\x2f\x5c\x29\x2f\x2c\x63\x3a\x5b\
\x65\x2e\x41\x53\x4d\x2c\x65\x2e\x51\x53\x4d\x5d\x7d\x5d\x7d\x2c\
\x65\x2e\x43\x53\x53\x4e\x4d\x2c\x65\x2e\x51\x53\x4d\x2c\x65\x2e\
\x41\x53\x4d\x2c\x65\x2e\x43\x42\x43\x4d\x2c\x7b\x63\x4e\x3a\x22\
\x6e\x75\x6d\x62\x65\x72\x22\x2c\x62\x3a\x22\x23\x5b\x30\x2d\x39\
\x41\x2d\x46\x61\x2d\x66\x5d\x2b\x22\x7d\x2c\x7b\x63\x4e\x3a\x22\
\x6d\x65\x74\x61\x22\x2c\x62\x3a\x22\x21\x69\x6d\x70\x6f\x72\x74\
\x61\x6e\x74\x22\x7d\x5d\x7d\x7d\x5d\x7d\x3b\x72\x65\x74\x75\x72\
\x6e\x7b\x63\x49\x3a\x21\x30\x2c\x69\x3a\x2f\x5b\x3d\x5c\x2f\x7c\
\x27\x5c\x24\x5d\x2f\x2c\x63\x3a\x5b\x65\x2e\x43\x42\x43\x4d\x2c\
\x7b\x63\x4e\x3a\x22\x73\x65\x6c\x65\x63\x74\x6f\x72\x2d\x69\x64\
\x22\x2c\x62\x3a\x2f\x23\x5b\x41\x2d\x5a\x61\x2d\x7a\x30\x2d\x39\
\x5f\x2d\x5d\x2b\x2f\x7d\x2c\x7b\x63\x4e\x3a\x22\x73\x65\x6c\x65\
\x63\x74\x6f\x72\x2d\x63\x6c\x61\x73\x73\x22\x2c\x62\x3a\x2f\x5c\
\x2e\x5b\x41\x2d\x5a\x61\x2d\x7a\x30\x2d\x39\x5f\x2d\x5d\x2b\x2f\
\x7d\x2c\x7b\x63\x4e\x3a\x22\x73\x65\x6c\x65\x63\x74\x6f\x72\x2d\
\x61\x74\x74\x72\x22\x2c\x62\x3a\x2f\x5c\x5b\x2f\x2c\x65\x3a\x2f\
\x5c\x5d\x2f\x2c\x69\x3a\x22\x24\x22\x7d\x2c\x7b\x63\x4e\x3a\x22\
\x73\x65\x6c\x65\x63\x74\x6f\x72\x2d\x70\x73\x65\x75\x64\x6f\x22\
\x2c\x62\x3a\x2f\x3a\x28\x3a\x29\x3f\x5b\x61\x2d\x7a\x41\x2d\x5a\
\x30\x2d\x39\x5c\x5f\x5c\x2d\x5c\x2b\x5c\x28\x5c\x29\x22\x27\x2e\
\x5d\x2b\x2f\x7d\x2c\x7b\x62\x3a\x22\x40\x28\x66\x6f\x6e\x74\x2d\
\x66\x61\x63\x65\x7c\x70\x61\x67\x65\x29\x22\x2c\x6c\x3a\x22\x5b\
\x61\x2d\x7a\x2d\x5d\x2b\x22\x2c\x6b\x3a\x22\x66\x6f\x6e\x74\x2d\
\x66\x61\x63\x65\x20\x70\x61\x67\x65\x22\x7d\x2c\x7b\x62\x3a\x22\
\x40\x22\x2c\x65\x3a\x22\x5b\x7b\x3b\x5d\x22\x2c\x69\x3a\x2f\x3a\
\x2f\x2c\x63\x3a\x5b\x7b\x63\x4e\x3a\x22\x6b\x65\x79\x77\x6f\x72\
\x64\x22\x2c\x62\x3a\x2f\x5c\x77\x2b\x2f\x7d\x2c\x7b\x62\x3a\x2f\
\x5c\x73\x2f\x2c\x65\x57\x3a\x21\x30\x2c\x65\x45\x3a\x21\x30\x2c\
\x72\x3a\x30\x2c\x63\x3a\x5b\x65\x2e\x41\x53\x4d\x2c\x65\x2e\x51\
\x53\x4d\x2c\x65\x2e\x43\x53\x53\x4e\x4d\x5d\x7d\x5d\x7d\x2c\x7b\
\x63\x4e\x3a\x22\x73\x65\x6c\x65\x63\x74\x6f\x72\x2d\x74\x61\x67\
\x22\x2c\x62\x3a\x74\x2c\x72\x3a\x30\x7d\x2c\x7b\x62\x3a\x22\x7b\
\x22\x2c\x65\x3a\x22\x7d\x22\x2c\x69\x3a\x2f\x5c\x53\x2f\x2c\x63\
\x3a\x5b\x65\x2e\x43\x42\x43\x4d\x2c\x72\x5d\x7d\x5d\x7d\x7d\x29\
\x2c\x65\x2e\x72\x65\x67\x69\x73\x74\x65\x72\x4c\x61\x6e\x67\x75\
\x61\x67\x65\x28\x22\x64\x69\x66\x66\x22\x2c\x66\x75\x6e\x63\x74\
\x69\x6f\x6e\x28\x65\x29\x7b\x72\x65\x74\x75\x72\x6e\x7b\x61\x6c\
\x69\x61\x73\x65\x73\x3a\x5b\x22\x70\x61\x74\x63\x68\x22\x5d\x2c\
\x63\x3a\x5b\x7b\x63\x4e\x3a\x22\x6d\x65\x74\x61\x22\x2c\x72\x3a\
\x31\x30\x2c\x76\x3a\x5b\x7b\x62\x3a\x2f\x5e\x40\x40\x20\x2b\x5c\
\x2d\x5c\x64\x2b\x2c\x5c\x64\x2b\x20\x2b\x5c\x2b\x5c\x64\x2b\x2c\
\x5c\x64\x2b\x20\x2b\x40\x40\x24\x2f\x7d\x2c\x7b\x62\x3a\x2f\x5e\
\x5c\x2a\x5c\x2a\x5c\x2a\x20\x2b\x5c\x64\x2b\x2c\x5c\x64\x2b\x20\
\x2b\x5c\x2a\x5c\x2a\x5c\x2a\x5c\x2a\x24\x2f\x7d\x2c\x7b\x62\x3a\
\x2f\x5e\x5c\x2d\x5c\x2d\x5c\x2d\x20\x2b\x5c\x64\x2b\x2c\x5c\x64\
\x2b\x20\x2b\x5c\x2d\x5c\x2d\x5c\x2d\x5c\x2d\x24\x2f\x7d\x5d\x7d\
\x2c\x7b\x63\x4e\x3a\x22\x63\x6f\x6d\x6d\x65\x6e\x74\x22\x2c\x76\
\x3a\x5b\x7b\x62\x3a\x2f\x49\x6e\x64\x65\x78\x3a\x20\x2f\x2c\x65\
\x3a\x2f\x24\x2f\x7d\x2c\x7b\x62\x3a\x2f\x3d\x7b\x33\x2c\x7d\x2f\
\x2c\x65\x3a\x2f\x24\x2f\x7d\x2c\x7b\x62\x3a\x2f\x5e\x5c\x2d\x7b\
\x33\x7d\x2f\x2c\x65\x3a\x2f\x24\x2f\x7d\x2c\x7b\x62\x3a\x2f\x5e\
\x5c\x2a\x7b\x33\x7d\x20\x2f\x2c\x65\x3a\x2f\x24\x2f\x7d\x2c\x7b\
\x62\x3a\x2f\x5e\x5c\x2b\x7b\x33\x7d\x2f\x2c\x65\x3a\x2f\x24\x2f\
\x7d\x2c\x7b\x62\x3a\x2f\x5c\x2a\x7b\x35\x7d\x2f\x2c\x65\x3a\x2f\
\x5c\x2a\x7b\x35\x7d\x24\x2f\x7d\x5d\x7d\x2c\x7b\x63\x4e\x3a\x22\
\x61\x64\x64\x69\x74\x69\x6f\x6e\x22\x2c\x62\x3a\x22\x5e\x5c\x5c\
\x2b\x22\x2c\x65\x3a\x22\x24\x22\x7d\x2c\x7b\x63\x4e\x3a\x22\x64\
\x65\x6c\x65\x74\x69\x6f\x6e\x22\x2c\x62\x3a\x22\x5e\x5c\x5c\x2d\
\x22\x2c\x65\x3a\x22\x24\x22\x7d\x2c\x7b\x63\x4e\x3a\x22\x61\x64\
\x64\x69\x74\x69\x6f\x6e\x22\x2c\x62\x3a\x22\x5e\x5c\x5c\x21\x22\
\x2c\x65\x3a\x22\x24\x22\x7d\x5d\x7d\x7d\x29\x2c\x65\x2e\x72\x65\
\x67\x69\x73\x74\x65\x72\x4c\x61\x6e\x67\x75\x61\x67\x65\x28\x22\
\x68\x74\x74\x70\x22\x2c\x66\x75\x6e\x63\x74\x69\x6f\x6e\x28\x65\
\x29\x7b\x76\x61\x72\x20\x74\x3d\x22\x48\x54\x54\x50\x2f\x5b\x30\
\x2d\x39\x5c\x5c\x2e\x5d\x2b\x22\x3b\x72\x65\x74\x75\x72\x6e\x7b\
\x61\x6c\x69\x61\x73\x65\x73\x3a\x5b\x22\x68\x74\x74\x70\x73\x22\
\x5d\x2c\x69\x3a\x22\x5c\x5c\x53\x22\x2c\x63\x3a\x5b\x7b\x62\x3a\
\x22\x5e\x22\x2b\x74\x2c\x65\x3a\x22\x24\x22\x2c\x63\x3a\x5b\x7b\
\x63\x4e\x3a\x22\x6e\x75\x6d\x62\x65\x72\x22\x2c\x62\x3a\x22\x5c\
\x5c\x62\x5c\x5c\x64\x7b\x33\x7d\x5c\x5c\x62\x22\x7d\x5d\x7d\x2c\
\x7b\x62\x3a\x22\x5e\x5b\x41\x2d\x5a\x5d\x2b\x20\x28\x2e\x2a\x3f\
\x29\x20\x22\x2b\x74\x2b\x22\x24\x22\x2c\x72\x42\x3a\x21\x30\x2c\
\x65\x3a\x22\x24\x22\x2c\x63\x3a\x5b\x7b\x63\x4e\x3a\x22\x73\x74\
\x72\x69\x6e\x67\x22\x2c\x62\x3a\x22\x20\x22\x2c\x65\x3a\x22\x20\
\x22\x2c\x65\x42\x3a\x21\x30\x2c\x65\x45\x3a\x21\x30\x7d\x2c\x7b\
\x62\x3a\x74\x7d\x2c\x7b\x63\x4e\x3a\x22\x6b\x65\x79\x77\x6f\x72\
\x64\x22\x2c\x62\x3a\x22\x5b\x41\x2d\x5a\x5d\x2b\x22\x7d\x5d\x7d\
\x2c\x7b\x63\x4e\x3a\x22\x61\x74\x74\x72\x69\x62\x75\x74\x65\x22\
\x2c\x62\x3a\x22\x5e\x5c\x5c\x77\x22\x2c\x65\x3a\x22\x3a\x20\x22\
\x2c\x65\x45\x3a\x21\x30\x2c\x69\x3a\x22\x5c\x5c\x6e\x7c\x5c\x5c\
\x73\x7c\x3d\x22\x2c\x73\x74\x61\x72\x74\x73\x3a\x7b\x65\x3a\x22\
\x24\x22\x2c\x72\x3a\x30\x7d\x7d\x2c\x7b\x62\x3a\x22\x5c\x5c\x6e\
\x5c\x5c\x6e\x22\x2c\x73\x74\x61\x72\x74\x73\x3a\x7b\x73\x4c\x3a\
\x5b\x5d\x2c\x65\x57\x3a\x21\x30\x7d\x7d\x5d\x7d\x7d\x29\x2c\x65\
\x2e\x72\x65\x67\x69\x73\x74\x65\x72\x4c\x61\x6e\x67\x75\x61\x67\
\x65\x28\x22\x69\x6e\x69\x22\x2c\x66\x75\x6e\x63\x74\x69\x6f\x6e\
\x28\x65\x29\x7b\x76\x61\x72\x20\x74\x3d\x7b\x63\x4e\x3a\x22\x73\
\x74\x72\x69\x6e\x67\x22\x2c\x63\x3a\x5b\x65\x2e\x42\x45\x5d\x2c\
\x76\x3a\x5b\x7b\x62\x3a\x22\x27\x27\x27\x22\x2c\x65\x3a\x22\x27\
\x27\x27\x22\x2c\x72\x3a\x31\x30\x7d\x2c\x7b\x62\x3a\x27\x22\x22\
\x22\x27\x2c\x65\x3a\x27\x22\x22\x22\x27\x2c\x72\x3a\x31\x30\x7d\
\x2c\x7b\x62\x3a\x27\x22\x27\x2c\x65\x3a\x27\x22\x27\x7d\x2c\x7b\
\x62\x3a\x22\x27\x22\x2c\x65\x3a\x22\x27\x22\x7d\x5d\x7d\x3b\x72\
\x65\x74\x75\x72\x6e\x7b\x61\x6c\x69\x61\x73\x65\x73\x3a\x5b\x22\
\x74\x6f\x6d\x6c\x22\x5d\x2c\x63\x49\x3a\x21\x30\x2c\x69\x3a\x2f\
\x5c\x53\x2f\x2c\x63\x3a\x5b\x65\x2e\x43\x28\x22\x3b\x22\x2c\x22\
\x24\x22\x29\x2c\x65\x2e\x48\x43\x4d\x2c\x7b\x63\x4e\x3a\x22\x73\
\x65\x63\x74\x69\x6f\x6e\x22\x2c\x62\x3a\x2f\x5e\x5c\x73\x2a\x5c\
\x5b\x2b\x2f\x2c\x65\x3a\x2f\x5c\x5d\x2b\x2f\x7d\x2c\x7b\x62\x3a\
\x2f\x5e\x5b\x61\x2d\x7a\x30\x2d\x39\x5c\x5b\x5c\x5d\x5f\x2d\x5d\
\x2b\x5c\x73\x2a\x3d\x5c\x73\x2a\x2f\x2c\x65\x3a\x22\x24\x22\x2c\
\x72\x42\x3a\x21\x30\x2c\x63\x3a\x5b\x7b\x63\x4e\x3a\x22\x61\x74\
\x74\x72\x22\x2c\x62\x3a\x2f\x5b\x61\x2d\x7a\x30\x2d\x39\x5c\x5b\
\x5c\x5d\x5f\x2d\x5d\x2b\x2f\x7d\x2c\x7b\x62\x3a\x2f\x3d\x2f\x2c\
\x65\x57\x3a\x21\x30\x2c\x72\x3a\x30\x2c\x63\x3a\x5b\x7b\x63\x4e\
\x3a\x22\x6c\x69\x74\x65\x72\x61\x6c\x22\x2c\x62\x3a\x2f\x5c\x62\
\x6f\x6e\x7c\x6f\x66\x66\x7c\x74\x72\x75\x65\x7c\x66\x61\x6c\x73\
\x65\x7c\x79\x65\x73\x7c\x6e\x6f\x5c\x62\x2f\x7d\x2c\x7b\x63\x4e\
\x3a\x22\x76\x61\x72\x69\x61\x62\x6c\x65\x22\x2c\x76\x3a\x5b\x7b\
\x62\x3a\x2f\x5c\x24\x5b\x5c\x77\x5c\x64\x22\x5d\x5b\x5c\x77\x5c\
\x64\x5f\x5d\x2a\x2f\x7d\x2c\x7b\x62\x3a\x2f\x5c\x24\x5c\x7b\x28\
\x2e\x2a\x3f\x29\x7d\x2f\x7d\x5d\x7d\x2c\x74\x2c\x7b\x63\x4e\x3a\
\x22\x6e\x75\x6d\x62\x65\x72\x22\x2c\x62\x3a\x2f\x28\x5b\x5c\x2b\
\x5c\x2d\x5d\x2b\x29\x3f\x5b\x5c\x64\x5d\x2b\x5f\x5b\x5c\x64\x5f\
\x5d\x2b\x2f\x7d\x2c\x65\x2e\x4e\x4d\x5d\x7d\x5d\x7d\x5d\x7d\x7d\
\x29\x2c\x65\x2e\x72\x65\x67\x69\x73\x74\x65\x72\x4c\x61\x6e\x67\
\x75\x61\x67\x65\x28\x22\x6a\x61\x76\x61\x22\x2c\x66\x75\x6e\x63\
\x74\x69\x6f\x6e\x28\x65\x29\x7b\x76\x61\x72\x20\x74\x3d\x22\x5b\
\xc3\x80\x2d\xca\xb8\x61\x2d\x7a\x41\x2d\x5a\x5f\x24\x5d\x5b\xc3\
\x80\x2d\xca\xb8\x61\x2d\x7a\x41\x2d\x5a\x5f\x24\x30\x2d\x39\x5d\
\x2a\x22\x2c\x72\x3d\x74\x2b\x22\x28\x3c\x22\x2b\x74\x2b\x22\x28\
\x5c\x5c\x73\x2a\x2c\x5c\x5c\x73\x2a\x22\x2b\x74\x2b\x22\x29\x2a\
\x3e\x29\x3f\x22\x2c\x61\x3d\x22\x66\x61\x6c\x73\x65\x20\x73\x79\
\x6e\x63\x68\x72\x6f\x6e\x69\x7a\x65\x64\x20\x69\x6e\x74\x20\x61\
\x62\x73\x74\x72\x61\x63\x74\x20\x66\x6c\x6f\x61\x74\x20\x70\x72\
\x69\x76\x61\x74\x65\x20\x63\x68\x61\x72\x20\x62\x6f\x6f\x6c\x65\
\x61\x6e\x20\x73\x74\x61\x74\x69\x63\x20\x6e\x75\x6c\x6c\x20\x69\
\x66\x20\x63\x6f\x6e\x73\x74\x20\x66\x6f\x72\x20\x74\x72\x75\x65\
\x20\x77\x68\x69\x6c\x65\x20\x6c\x6f\x6e\x67\x20\x73\x74\x72\x69\
\x63\x74\x66\x70\x20\x66\x69\x6e\x61\x6c\x6c\x79\x20\x70\x72\x6f\
\x74\x65\x63\x74\x65\x64\x20\x69\x6d\x70\x6f\x72\x74\x20\x6e\x61\
\x74\x69\x76\x65\x20\x66\x69\x6e\x61\x6c\x20\x76\x6f\x69\x64\x20\
\x65\x6e\x75\x6d\x20\x65\x6c\x73\x65\x20\x62\x72\x65\x61\x6b\x20\
\x74\x72\x61\x6e\x73\x69\x65\x6e\x74\x20\x63\x61\x74\x63\x68\x20\
\x69\x6e\x73\x74\x61\x6e\x63\x65\x6f\x66\x20\x62\x79\x74\x65\x20\
\x73\x75\x70\x65\x72\x20\x76\x6f\x6c\x61\x74\x69\x6c\x65\x20\x63\
\x61\x73\x65\x20\x61\x73\x73\x65\x72\x74\x20\x73\x68\x6f\x72\x74\
\x20\x70\x61\x63\x6b\x61\x67\x65\x20\x64\x65\x66\x61\x75\x6c\x74\
\x20\x64\x6f\x75\x62\x6c\x65\x20\x70\x75\x62\x6c\x69\x63\x20\x74\
\x72\x79\x20\x74\x68\x69\x73\x20\x73\x77\x69\x74\x63\x68\x20\x63\
\x6f\x6e\x74\x69\x6e\x75\x65\x20\x74\x68\x72\x6f\x77\x73\x20\x70\
\x72\x6f\x74\x65\x63\x74\x65\x64\x20\x70\x75\x62\x6c\x69\x63\x20\
\x70\x72\x69\x76\x61\x74\x65\x20\x6d\x6f\x64\x75\x6c\x65\x20\x72\
\x65\x71\x75\x69\x72\x65\x73\x20\x65\x78\x70\x6f\x72\x74\x73\x20\
\x64\x6f\x22\x2c\x6e\x3d\x22\x5c\x5c\x62\x28\x30\x5b\x62\x42\x5d\
\x28\x5b\x30\x31\x5d\x2b\x5b\x30\x31\x5f\x5d\x2b\x5b\x30\x31\x5d\
\x2b\x7c\x5b\x30\x31\x5d\x2b\x29\x7c\x30\x5b\x78\x58\x5d\x28\x5b\
\x61\x2d\x66\x41\x2d\x46\x30\x2d\x39\x5d\x2b\x5b\x61\x2d\x66\x41\
\x2d\x46\x30\x2d\x39\x5f\x5d\x2b\x5b\x61\x2d\x66\x41\x2d\x46\x30\
\x2d\x39\x5d\x2b\x7c\x5b\x61\x2d\x66\x41\x2d\x46\x30\x2d\x39\x5d\
\x2b\x29\x7c\x28\x28\x5b\x5c\x5c\x64\x5d\x2b\x5b\x5c\x5c\x64\x5f\
\x5d\x2b\x5b\x5c\x5c\x64\x5d\x2b\x7c\x5b\x5c\x5c\x64\x5d\x2b\x29\
\x28\x5c\x5c\x2e\x28\x5b\x5c\x5c\x64\x5d\x2b\x5b\x5c\x5c\x64\x5f\
\x5d\x2b\x5b\x5c\x5c\x64\x5d\x2b\x7c\x5b\x5c\x5c\x64\x5d\x2b\x29\
\x29\x3f\x7c\x5c\x5c\x2e\x28\x5b\x5c\x5c\x64\x5d\x2b\x5b\x5c\x5c\
\x64\x5f\x5d\x2b\x5b\x5c\x5c\x64\x5d\x2b\x7c\x5b\x5c\x5c\x64\x5d\
\x2b\x29\x29\x28\x5b\x65\x45\x5d\x5b\x2d\x2b\x5d\x3f\x5c\x5c\x64\
\x2b\x29\x3f\x29\x5b\x6c\x4c\x66\x46\x5d\x3f\x22\x2c\x69\x3d\x7b\
\x63\x4e\x3a\x22\x6e\x75\x6d\x62\x65\x72\x22\x2c\x62\x3a\x6e\x2c\
\x72\x3a\x30\x7d\x3b\x72\x65\x74\x75\x72\x6e\x7b\x61\x6c\x69\x61\
\x73\x65\x73\x3a\x5b\x22\x6a\x73\x70\x22\x5d\x2c\x6b\x3a\x61\x2c\
\x69\x3a\x2f\x3c\x5c\x2f\x7c\x23\x2f\x2c\x63\x3a\x5b\x65\x2e\x43\
\x28\x22\x2f\x5c\x5c\x2a\x5c\x5c\x2a\x22\x2c\x22\x5c\x5c\x2a\x2f\
\x22\x2c\x7b\x72\x3a\x30\x2c\x63\x3a\x5b\x7b\x62\x3a\x2f\x5c\x77\
\x2b\x40\x2f\x2c\x72\x3a\x30\x7d\x2c\x7b\x63\x4e\x3a\x22\x64\x6f\
\x63\x74\x61\x67\x22\x2c\x62\x3a\x22\x40\x5b\x41\x2d\x5a\x61\x2d\
\x7a\x5d\x2b\x22\x7d\x5d\x7d\x29\x2c\x65\x2e\x43\x4c\x43\x4d\x2c\
\x65\x2e\x43\x42\x43\x4d\x2c\x65\x2e\x41\x53\x4d\x2c\x65\x2e\x51\
\x53\x4d\x2c\x7b\x63\x4e\x3a\x22\x63\x6c\x61\x73\x73\x22\x2c\x62\
\x4b\x3a\x22\x63\x6c\x61\x73\x73\x20\x69\x6e\x74\x65\x72\x66\x61\
\x63\x65\x22\x2c\x65\x3a\x2f\x5b\x7b\x3b\x3d\x5d\x2f\x2c\x65\x45\
\x3a\x21\x30\x2c\x6b\x3a\x22\x63\x6c\x61\x73\x73\x20\x69\x6e\x74\
\x65\x72\x66\x61\x63\x65\x22\x2c\x69\x3a\x2f\x5b\x3a\x22\x5c\x5b\
\x5c\x5d\x5d\x2f\x2c\x63\x3a\x5b\x7b\x62\x4b\x3a\x22\x65\x78\x74\
\x65\x6e\x64\x73\x20\x69\x6d\x70\x6c\x65\x6d\x65\x6e\x74\x73\x22\
\x7d\x2c\x65\x2e\x55\x54\x4d\x5d\x7d\x2c\x7b\x62\x4b\x3a\x22\x6e\
\x65\x77\x20\x74\x68\x72\x6f\x77\x20\x72\x65\x74\x75\x72\x6e\x20\
\x65\x6c\x73\x65\x22\x2c\x72\x3a\x30\x7d\x2c\x7b\x63\x4e\x3a\x22\
\x66\x75\x6e\x63\x74\x69\x6f\x6e\x22\x2c\x62\x3a\x22\x28\x22\x2b\
\x72\x2b\x22\x5c\x5c\x73\x2b\x29\x2b\x22\x2b\x65\x2e\x55\x49\x52\
\x2b\x22\x5c\x5c\x73\x2a\x5c\x5c\x28\x22\x2c\x72\x42\x3a\x21\x30\
\x2c\x65\x3a\x2f\x5b\x7b\x3b\x3d\x5d\x2f\x2c\x65\x45\x3a\x21\x30\
\x2c\x6b\x3a\x61\x2c\x63\x3a\x5b\x7b\x62\x3a\x65\x2e\x55\x49\x52\
\x2b\x22\x5c\x5c\x73\x2a\x5c\x5c\x28\x22\x2c\x72\x42\x3a\x21\x30\
\x2c\x72\x3a\x30\x2c\x63\x3a\x5b\x65\x2e\x55\x54\x4d\x5d\x7d\x2c\
\x7b\x63\x4e\x3a\x22\x70\x61\x72\x61\x6d\x73\x22\x2c\x62\x3a\x2f\
\x5c\x28\x2f\x2c\x65\x3a\x2f\x5c\x29\x2f\x2c\x6b\x3a\x61\x2c\x72\
\x3a\x30\x2c\x63\x3a\x5b\x65\x2e\x41\x53\x4d\x2c\x65\x2e\x51\x53\
\x4d\x2c\x65\x2e\x43\x4e\x4d\x2c\x65\x2e\x43\x42\x43\x4d\x5d\x7d\
\x2c\x65\x2e\x43\x4c\x43\x4d\x2c\x65\x2e\x43\x42\x43\x4d\x5d\x7d\
\x2c\x69\x2c\x7b\x63\x4e\x3a\x22\x6d\x65\x74\x61\x22\x2c\x62\x3a\
\x22\x40\x5b\x41\x2d\x5a\x61\x2d\x7a\x5d\x2b\x22\x7d\x5d\x7d\x7d\
\x29\x2c\x65\x2e\x72\x65\x67\x69\x73\x74\x65\x72\x4c\x61\x6e\x67\
\x75\x61\x67\x65\x28\x22\x6a\x61\x76\x61\x73\x63\x72\x69\x70\x74\
\x22\x2c\x66\x75\x6e\x63\x74\x69\x6f\x6e\x28\x65\x29\x7b\x76\x61\
\x72\x20\x74\x3d\x22\x5b\x41\x2d\x5a\x61\x2d\x7a\x24\x5f\x5d\x5b\
\x30\x2d\x39\x41\x2d\x5a\x61\x2d\x7a\x24\x5f\x5d\x2a\x22\x2c\x72\
\x3d\x7b\x6b\x65\x79\x77\x6f\x72\x64\x3a\x22\x69\x6e\x20\x6f\x66\
\x20\x69\x66\x20\x66\x6f\x72\x20\x77\x68\x69\x6c\x65\x20\x66\x69\
\x6e\x61\x6c\x6c\x79\x20\x76\x61\x72\x20\x6e\x65\x77\x20\x66\x75\
\x6e\x63\x74\x69\x6f\x6e\x20\x64\x6f\x20\x72\x65\x74\x75\x72\x6e\
\x20\x76\x6f\x69\x64\x20\x65\x6c\x73\x65\x20\x62\x72\x65\x61\x6b\
\x20\x63\x61\x74\x63\x68\x20\x69\x6e\x73\x74\x61\x6e\x63\x65\x6f\
\x66\x20\x77\x69\x74\x68\x20\x74\x68\x72\x6f\x77\x20\x63\x61\x73\
\x65\x20\x64\x65\x66\x61\x75\x6c\x74\x20\x74\x72\x79\x20\x74\x68\
\x69\x73\x20\x73\x77\x69\x74\x63\x68\x20\x63\x6f\x6e\x74\x69\x6e\
\x75\x65\x20\x74\x79\x70\x65\x6f\x66\x20\x64\x65\x6c\x65\x74\x65\
\x20\x6c\x65\x74\x20\x79\x69\x65\x6c\x64\x20\x63\x6f\x6e\x73\x74\
\x20\x65\x78\x70\x6f\x72\x74\x20\x73\x75\x70\x65\x72\x20\x64\x65\
\x62\x75\x67\x67\x65\x72\x20\x61\x73\x20\x61\x73\x79\x6e\x63\x20\
\x61\x77\x61\x69\x74\x20\x73\x74\x61\x74\x69\x63\x20\x69\x6d\x70\
\x6f\x72\x74\x20\x66\x72\x6f\x6d\x20\x61\x73\x22\x2c\x6c\x69\x74\
\x65\x72\x61\x6c\x3a\x22\x74\x72\x75\x65\x20\x66\x61\x6c\x73\x65\
\x20\x6e\x75\x6c\x6c\x20\x75\x6e\x64\x65\x66\x69\x6e\x65\x64\x20\
\x4e\x61\x4e\x20\x49\x6e\x66\x69\x6e\x69\x74\x79\x22\x2c\x62\x75\
\x69\x6c\x74\x5f\x69\x6e\x3a\x22\x65\x76\x61\x6c\x20\x69\x73\x46\
\x69\x6e\x69\x74\x65\x20\x69\x73\x4e\x61\x4e\x20\x70\x61\x72\x73\
\x65\x46\x6c\x6f\x61\x74\x20\x70\x61\x72\x73\x65\x49\x6e\x74\x20\
\x64\x65\x63\x6f\x64\x65\x55\x52\x49\x20\x64\x65\x63\x6f\x64\x65\
\x55\x52\x49\x43\x6f\x6d\x70\x6f\x6e\x65\x6e\x74\x20\x65\x6e\x63\
\x6f\x64\x65\x55\x52\x49\x20\x65\x6e\x63\x6f\x64\x65\x55\x52\x49\
\x43\x6f\x6d\x70\x6f\x6e\x65\x6e\x74\x20\x65\x73\x63\x61\x70\x65\
\x20\x75\x6e\x65\x73\x63\x61\x70\x65\x20\x4f\x62\x6a\x65\x63\x74\
\x20\x46\x75\x6e\x63\x74\x69\x6f\x6e\x20\x42\x6f\x6f\x6c\x65\x61\
\x6e\x20\x45\x72\x72\x6f\x72\x20\x45\x76\x61\x6c\x45\x72\x72\x6f\
\x72\x20\x49\x6e\x74\x65\x72\x6e\x61\x6c\x45\x72\x72\x6f\x72\x20\
\x52\x61\x6e\x67\x65\x45\x72\x72\x6f\x72\x20\x52\x65\x66\x65\x72\
\x65\x6e\x63\x65\x45\x72\x72\x6f\x72\x20\x53\x74\x6f\x70\x49\x74\
\x65\x72\x61\x74\x69\x6f\x6e\x20\x53\x79\x6e\x74\x61\x78\x45\x72\
\x72\x6f\x72\x20\x54\x79\x70\x65\x45\x72\x72\x6f\x72\x20\x55\x52\
\x49\x45\x72\x72\x6f\x72\x20\x4e\x75\x6d\x62\x65\x72\x20\x4d\x61\
\x74\x68\x20\x44\x61\x74\x65\x20\x53\x74\x72\x69\x6e\x67\x20\x52\
\x65\x67\x45\x78\x70\x20\x41\x72\x72\x61\x79\x20\x46\x6c\x6f\x61\
\x74\x33\x32\x41\x72\x72\x61\x79\x20\x46\x6c\x6f\x61\x74\x36\x34\
\x41\x72\x72\x61\x79\x20\x49\x6e\x74\x31\x36\x41\x72\x72\x61\x79\
\x20\x49\x6e\x74\x33\x32\x41\x72\x72\x61\x79\x20\x49\x6e\x74\x38\
\x41\x72\x72\x61\x79\x20\x55\x69\x6e\x74\x31\x36\x41\x72\x72\x61\
\x79\x20\x55\x69\x6e\x74\x33\x32\x41\x72\x72\x61\x79\x20\x55\x69\
\x6e\x74\x38\x41\x72\x72\x61\x79\x20\x55\x69\x6e\x74\x38\x43\x6c\
\x61\x6d\x70\x65\x64\x41\x72\x72\x61\x79\x20\x41\x72\x72\x61\x79\
\x42\x75\x66\x66\x65\x72\x20\x44\x61\x74\x61\x56\x69\x65\x77\x20\
\x4a\x53\x4f\x4e\x20\x49\x6e\x74\x6c\x20\x61\x72\x67\x75\x6d\x65\
\x6e\x74\x73\x20\x72\x65\x71\x75\x69\x72\x65\x20\x6d\x6f\x64\x75\
\x6c\x65\x20\x63\x6f\x6e\x73\x6f\x6c\x65\x20\x77\x69\x6e\x64\x6f\
\x77\x20\x64\x6f\x63\x75\x6d\x65\x6e\x74\x20\x53\x79\x6d\x62\x6f\
\x6c\x20\x53\x65\x74\x20\x4d\x61\x70\x20\x57\x65\x61\x6b\x53\x65\
\x74\x20\x57\x65\x61\x6b\x4d\x61\x70\x20\x50\x72\x6f\x78\x79\x20\
\x52\x65\x66\x6c\x65\x63\x74\x20\x50\x72\x6f\x6d\x69\x73\x65\x22\
\x7d\x2c\x61\x3d\x7b\x63\x4e\x3a\x22\x6e\x75\x6d\x62\x65\x72\x22\
\x2c\x76\x3a\x5b\x7b\x62\x3a\x22\x5c\x5c\x62\x28\x30\x5b\x62\x42\
\x5d\x5b\x30\x31\x5d\x2b\x29\x22\x7d\x2c\x7b\x62\x3a\x22\x5c\x5c\
\x62\x28\x30\x5b\x6f\x4f\x5d\x5b\x30\x2d\x37\x5d\x2b\x29\x22\x7d\
\x2c\x7b\x62\x3a\x65\x2e\x43\x4e\x52\x7d\x5d\x2c\x72\x3a\x30\x7d\
\x2c\x6e\x3d\x7b\x63\x4e\x3a\x22\x73\x75\x62\x73\x74\x22\x2c\x62\
\x3a\x22\x5c\x5c\x24\x5c\x5c\x7b\x22\x2c\x65\x3a\x22\x5c\x5c\x7d\
\x22\x2c\x6b\x3a\x72\x2c\x63\x3a\x5b\x5d\x7d\x2c\x69\x3d\x7b\x63\
\x4e\x3a\x22\x73\x74\x72\x69\x6e\x67\x22\x2c\x62\x3a\x22\x60\x22\
\x2c\x65\x3a\x22\x60\x22\x2c\x63\x3a\x5b\x65\x2e\x42\x45\x2c\x6e\
\x5d\x7d\x3b\x6e\x2e\x63\x3d\x5b\x65\x2e\x41\x53\x4d\x2c\x65\x2e\
\x51\x53\x4d\x2c\x69\x2c\x61\x2c\x65\x2e\x52\x4d\x5d\x3b\x76\x61\
\x72\x20\x73\x3d\x6e\x2e\x63\x2e\x63\x6f\x6e\x63\x61\x74\x28\x5b\
\x65\x2e\x43\x42\x43\x4d\x2c\x65\x2e\x43\x4c\x43\x4d\x5d\x29\x3b\
\x72\x65\x74\x75\x72\x6e\x7b\x61\x6c\x69\x61\x73\x65\x73\x3a\x5b\
\x22\x6a\x73\x22\x2c\x22\x6a\x73\x78\x22\x5d\x2c\x6b\x3a\x72\x2c\
\x63\x3a\x5b\x7b\x63\x4e\x3a\x22\x6d\x65\x74\x61\x22\x2c\x72\x3a\
\x31\x30\x2c\x62\x3a\x2f\x5e\x5c\x73\x2a\x5b\x27\x22\x5d\x75\x73\
\x65\x20\x28\x73\x74\x72\x69\x63\x74\x7c\x61\x73\x6d\x29\x5b\x27\
\x22\x5d\x2f\x7d\x2c\x7b\x63\x4e\x3a\x22\x6d\x65\x74\x61\x22\x2c\
\x62\x3a\x2f\x5e\x23\x21\x2f\x2c\x65\x3a\x2f\x24\x2f\x7d\x2c\x65\
\x2e\x41\x53\x4d\x2c\x65\x2e\x51\x53\x4d\x2c\x69\x2c\x65\x2e\x43\
\x4c\x43\x4d\x2c\x65\x2e\x43\x42\x43\x4d\x2c\x61\x2c\x7b\x62\x3a\
\x2f\x5b\x7b\x2c\x5d\x5c\x73\x2a\x2f\x2c\x72\x3a\x30\x2c\x63\x3a\
\x5b\x7b\x62\x3a\x74\x2b\x22\x5c\x5c\x73\x2a\x3a\x22\x2c\x72\x42\
\x3a\x21\x30\x2c\x72\x3a\x30\x2c\x63\x3a\x5b\x7b\x63\x4e\x3a\x22\
\x61\x74\x74\x72\x22\x2c\x62\x3a\x74\x2c\x72\x3a\x30\x7d\x5d\x7d\
\x5d\x7d\x2c\x7b\x62\x3a\x22\x28\x22\x2b\x65\x2e\x52\x53\x52\x2b\
\x22\x7c\x5c\x5c\x62\x28\x63\x61\x73\x65\x7c\x72\x65\x74\x75\x72\
\x6e\x7c\x74\x68\x72\x6f\x77\x29\x5c\x5c\x62\x29\x5c\x5c\x73\x2a\
\x22\x2c\x6b\x3a\x22\x72\x65\x74\x75\x72\x6e\x20\x74\x68\x72\x6f\
\x77\x20\x63\x61\x73\x65\x22\x2c\x63\x3a\x5b\x65\x2e\x43\x4c\x43\
\x4d\x2c\x65\x2e\x43\x42\x43\x4d\x2c\x65\x2e\x52\x4d\x2c\x7b\x63\
\x4e\x3a\x22\x66\x75\x6e\x63\x74\x69\x6f\x6e\x22\x2c\x62\x3a\x22\
\x28\x5c\x5c\x28\x2e\x2a\x3f\x5c\x5c\x29\x7c\x22\x2b\x74\x2b\x22\
\x29\x5c\x5c\x73\x2a\x3d\x3e\x22\x2c\x72\x42\x3a\x21\x30\x2c\x65\
\x3a\x22\x5c\x5c\x73\x2a\x3d\x3e\x22\x2c\x63\x3a\x5b\x7b\x63\x4e\
\x3a\x22\x70\x61\x72\x61\x6d\x73\x22\x2c\x76\x3a\x5b\x7b\x62\x3a\
\x74\x7d\x2c\x7b\x62\x3a\x2f\x5c\x28\x5c\x73\x2a\x5c\x29\x2f\x7d\
\x2c\x7b\x62\x3a\x2f\x5c\x28\x2f\x2c\x65\x3a\x2f\x5c\x29\x2f\x2c\
\x65\x42\x3a\x21\x30\x2c\x65\x45\x3a\x21\x30\x2c\x6b\x3a\x72\x2c\
\x63\x3a\x73\x7d\x5d\x7d\x5d\x7d\x2c\x7b\x62\x3a\x2f\x3c\x2f\x2c\
\x65\x3a\x2f\x28\x5c\x2f\x5c\x77\x2b\x7c\x5c\x77\x2b\x5c\x2f\x29\
\x3e\x2f\x2c\x73\x4c\x3a\x22\x78\x6d\x6c\x22\x2c\x63\x3a\x5b\x7b\
\x62\x3a\x2f\x3c\x5c\x77\x2b\x5c\x73\x2a\x5c\x2f\x3e\x2f\x2c\x73\
\x6b\x69\x70\x3a\x21\x30\x7d\x2c\x7b\x62\x3a\x2f\x3c\x5c\x77\x2b\
\x2f\x2c\x65\x3a\x2f\x28\x5c\x2f\x5c\x77\x2b\x7c\x5c\x77\x2b\x5c\
\x2f\x29\x3e\x2f\x2c\x73\x6b\x69\x70\x3a\x21\x30\x2c\x63\x3a\x5b\
\x7b\x62\x3a\x2f\x3c\x5c\x77\x2b\x5c\x73\x2a\x5c\x2f\x3e\x2f\x2c\
\x73\x6b\x69\x70\x3a\x21\x30\x7d\x2c\x22\x73\x65\x6c\x66\x22\x5d\
\x7d\x5d\x7d\x5d\x2c\x72\x3a\x30\x7d\x2c\x7b\x63\x4e\x3a\x22\x66\
\x75\x6e\x63\x74\x69\x6f\x6e\x22\x2c\x62\x4b\x3a\x22\x66\x75\x6e\
\x63\x74\x69\x6f\x6e\x22\x2c\x65\x3a\x2f\x5c\x7b\x2f\x2c\x65\x45\
\x3a\x21\x30\x2c\x63\x3a\x5b\x65\x2e\x69\x6e\x68\x65\x72\x69\x74\
\x28\x65\x2e\x54\x4d\x2c\x7b\x62\x3a\x74\x7d\x29\x2c\x7b\x63\x4e\
\x3a\x22\x70\x61\x72\x61\x6d\x73\x22\x2c\x62\x3a\x2f\x5c\x28\x2f\
\x2c\x65\x3a\x2f\x5c\x29\x2f\x2c\x65\x42\x3a\x21\x30\x2c\x65\x45\
\x3a\x21\x30\x2c\x63\x3a\x73\x7d\x5d\x2c\x69\x3a\x2f\x5c\x5b\x7c\
\x25\x2f\x7d\x2c\x7b\x62\x3a\x2f\x5c\x24\x5b\x28\x2e\x5d\x2f\x7d\
\x2c\x65\x2e\x4d\x45\x54\x48\x4f\x44\x5f\x47\x55\x41\x52\x44\x2c\
\x7b\x63\x4e\x3a\x22\x63\x6c\x61\x73\x73\x22\x2c\x62\x4b\x3a\x22\
\x63\x6c\x61\x73\x73\x22\x2c\x65\x3a\x2f\x5b\x7b\x3b\x3d\x5d\x2f\
\x2c\x65\x45\x3a\x21\x30\x2c\x69\x3a\x2f\x5b\x3a\x22\x5c\x5b\x5c\
\x5d\x5d\x2f\x2c\x63\x3a\x5b\x7b\x62\x4b\x3a\x22\x65\x78\x74\x65\
\x6e\x64\x73\x22\x7d\x2c\x65\x2e\x55\x54\x4d\x5d\x7d\x2c\x7b\x62\
\x4b\x3a\x22\x63\x6f\x6e\x73\x74\x72\x75\x63\x74\x6f\x72\x22\x2c\
\x65\x3a\x2f\x5c\x7b\x2f\x2c\x65\x45\x3a\x21\x30\x7d\x5d\x2c\x69\
\x3a\x2f\x23\x28\x3f\x21\x21\x29\x2f\x7d\x7d\x29\x2c\x65\x2e\x72\
\x65\x67\x69\x73\x74\x65\x72\x4c\x61\x6e\x67\x75\x61\x67\x65\x28\
\x22\x6a\x73\x6f\x6e\x22\x2c\x66\x75\x6e\x63\x74\x69\x6f\x6e\x28\
\x65\x29\x7b\x76\x61\x72\x20\x74\x3d\x7b\x6c\x69\x74\x65\x72\x61\
\x6c\x3a\x22\x74\x72\x75\x65\x20\x66\x61\x6c\x73\x65\x20\x6e\x75\
\x6c\x6c\x22\x7d\x2c\x72\x3d\x5b\x65\x2e\x51\x53\x4d\x2c\x65\x2e\
\x43\x4e\x4d\x5d\x2c\x61\x3d\x7b\x65\x3a\x22\x2c\x22\x2c\x65\x57\
\x3a\x21\x30\x2c\x65\x45\x3a\x21\x30\x2c\x63\x3a\x72\x2c\x6b\x3a\
\x74\x7d\x2c\x6e\x3d\x7b\x62\x3a\x22\x7b\x22\x2c\x65\x3a\x22\x7d\
\x22\x2c\x63\x3a\x5b\x7b\x63\x4e\x3a\x22\x61\x74\x74\x72\x22\x2c\
\x62\x3a\x2f\x22\x2f\x2c\x65\x3a\x2f\x22\x2f\x2c\x63\x3a\x5b\x65\
\x2e\x42\x45\x5d\x2c\x69\x3a\x22\x5c\x5c\x6e\x22\x7d\x2c\x65\x2e\
\x69\x6e\x68\x65\x72\x69\x74\x28\x61\x2c\x7b\x62\x3a\x2f\x3a\x2f\
\x7d\x29\x5d\x2c\x69\x3a\x22\x5c\x5c\x53\x22\x7d\x2c\x69\x3d\x7b\
\x62\x3a\x22\x5c\x5c\x5b\x22\x2c\x65\x3a\x22\x5c\x5c\x5d\x22\x2c\
\x63\x3a\x5b\x65\x2e\x69\x6e\x68\x65\x72\x69\x74\x28\x61\x29\x5d\
\x2c\x69\x3a\x22\x5c\x5c\x53\x22\x7d\x3b\x72\x65\x74\x75\x72\x6e\
\x20\x72\x2e\x73\x70\x6c\x69\x63\x65\x28\x72\x2e\x6c\x65\x6e\x67\
\x74\x68\x2c\x30\x2c\x6e\x2c\x69\x29\x2c\x7b\x63\x3a\x72\x2c\x6b\
\x3a\x74\x2c\x69\x3a\x22\x5c\x5c\x53\x22\x7d\x7d\x29\x2c\x65\x2e\
\x72\x65\x67\x69\x73\x74\x65\x72\x4c\x61\x6e\x67\x75\x61\x67\x65\
\x28\x22\x6d\x61\x6b\x65\x66\x69\x6c\x65\x22\x2c\x66\x75\x6e\x63\
\x74\x69\x6f\x6e\x28\x65\x29\x7b\x76\x61\x72\x20\x74\x3d\x7b\x63\
\x4e\x3a\x22\x76\x61\x72\x69\x61\x62\x6c\x65\x22\x2c\x76\x3a\x5b\
\x7b\x62\x3a\x22\x5c\x5c\x24\x5c\x5c\x28\x22\x2b\x65\x2e\x55\x49\
\x52\x2b\x22\x5c\x5c\x29\x22\x2c\x63\x3a\x5b\x65\x2e\x42\x45\x5d\
\x7d\x2c\x7b\x62\x3a\x2f\x5c\x24\x5b\x40\x25\x3c\x3f\x5c\x5e\x5c\
\x2b\x5c\x2a\x5d\x2f\x7d\x5d\x7d\x2c\x72\x3d\x7b\x63\x4e\x3a\x22\
\x73\x74\x72\x69\x6e\x67\x22\x2c\x62\x3a\x2f\x22\x2f\x2c\x65\x3a\
\x2f\x22\x2f\x2c\x63\x3a\x5b\x65\x2e\x42\x45\x2c\x74\x5d\x7d\x2c\
\x61\x3d\x7b\x63\x4e\x3a\x22\x76\x61\x72\x69\x61\x62\x6c\x65\x22\
\x2c\x62\x3a\x2f\x5c\x24\x5c\x28\x5b\x5c\x77\x2d\x5d\x2b\x5c\x73\
\x2f\x2c\x65\x3a\x2f\x5c\x29\x2f\x2c\x6b\x3a\x7b\x62\x75\x69\x6c\
\x74\x5f\x69\x6e\x3a\x22\x73\x75\x62\x73\x74\x20\x70\x61\x74\x73\
\x75\x62\x73\x74\x20\x73\x74\x72\x69\x70\x20\x66\x69\x6e\x64\x73\
\x74\x72\x69\x6e\x67\x20\x66\x69\x6c\x74\x65\x72\x20\x66\x69\x6c\
\x74\x65\x72\x2d\x6f\x75\x74\x20\x73\x6f\x72\x74\x20\x77\x6f\x72\
\x64\x20\x77\x6f\x72\x64\x6c\x69\x73\x74\x20\x66\x69\x72\x73\x74\
\x77\x6f\x72\x64\x20\x6c\x61\x73\x74\x77\x6f\x72\x64\x20\x64\x69\
\x72\x20\x6e\x6f\x74\x64\x69\x72\x20\x73\x75\x66\x66\x69\x78\x20\
\x62\x61\x73\x65\x6e\x61\x6d\x65\x20\x61\x64\x64\x73\x75\x66\x66\
\x69\x78\x20\x61\x64\x64\x70\x72\x65\x66\x69\x78\x20\x6a\x6f\x69\
\x6e\x20\x77\x69\x6c\x64\x63\x61\x72\x64\x20\x72\x65\x61\x6c\x70\
\x61\x74\x68\x20\x61\x62\x73\x70\x61\x74\x68\x20\x65\x72\x72\x6f\
\x72\x20\x77\x61\x72\x6e\x69\x6e\x67\x20\x73\x68\x65\x6c\x6c\x20\
\x6f\x72\x69\x67\x69\x6e\x20\x66\x6c\x61\x76\x6f\x72\x20\x66\x6f\
\x72\x65\x61\x63\x68\x20\x69\x66\x20\x6f\x72\x20\x61\x6e\x64\x20\
\x63\x61\x6c\x6c\x20\x65\x76\x61\x6c\x20\x66\x69\x6c\x65\x20\x76\
\x61\x6c\x75\x65\x22\x7d\x2c\x63\x3a\x5b\x74\x5d\x7d\x2c\x6e\x3d\
\x7b\x62\x3a\x22\x5e\x22\x2b\x65\x2e\x55\x49\x52\x2b\x22\x5c\x5c\
\x73\x2a\x5b\x3a\x2b\x3f\x5d\x3f\x3d\x22\x2c\x69\x3a\x22\x5c\x5c\
\x6e\x22\x2c\x72\x42\x3a\x21\x30\x2c\x63\x3a\x5b\x7b\x62\x3a\x22\
\x5e\x22\x2b\x65\x2e\x55\x49\x52\x2c\x65\x3a\x22\x5b\x3a\x2b\x3f\
\x5d\x3f\x3d\x22\x2c\x65\x45\x3a\x21\x30\x7d\x5d\x7d\x2c\x69\x3d\
\x7b\x63\x4e\x3a\x22\x6d\x65\x74\x61\x22\x2c\x62\x3a\x2f\x5e\x5c\
\x2e\x50\x48\x4f\x4e\x59\x3a\x2f\x2c\x65\x3a\x2f\x24\x2f\x2c\x6b\
\x3a\x7b\x22\x6d\x65\x74\x61\x2d\x6b\x65\x79\x77\x6f\x72\x64\x22\
\x3a\x22\x2e\x50\x48\x4f\x4e\x59\x22\x7d\x2c\x6c\x3a\x2f\x5b\x5c\
\x2e\x5c\x77\x5d\x2b\x2f\x7d\x2c\x73\x3d\x7b\x63\x4e\x3a\x22\x73\
\x65\x63\x74\x69\x6f\x6e\x22\x2c\x62\x3a\x2f\x5e\x5b\x5e\x5c\x73\
\x5d\x2b\x3a\x2f\x2c\x65\x3a\x2f\x24\x2f\x2c\x63\x3a\x5b\x74\x5d\
\x7d\x3b\x72\x65\x74\x75\x72\x6e\x7b\x61\x6c\x69\x61\x73\x65\x73\
\x3a\x5b\x22\x6d\x6b\x22\x2c\x22\x6d\x61\x6b\x22\x5d\x2c\x6b\x3a\
\x22\x64\x65\x66\x69\x6e\x65\x20\x65\x6e\x64\x65\x66\x20\x75\x6e\
\x64\x65\x66\x69\x6e\x65\x20\x69\x66\x64\x65\x66\x20\x69\x66\x6e\
\x64\x65\x66\x20\x69\x66\x65\x71\x20\x69\x66\x6e\x65\x71\x20\x65\
\x6c\x73\x65\x20\x65\x6e\x64\x69\x66\x20\x69\x6e\x63\x6c\x75\x64\
\x65\x20\x2d\x69\x6e\x63\x6c\x75\x64\x65\x20\x73\x69\x6e\x63\x6c\
\x75\x64\x65\x20\x6f\x76\x65\x72\x72\x69\x64\x65\x20\x65\x78\x70\
\x6f\x72\x74\x20\x75\x6e\x65\x78\x70\x6f\x72\x74\x20\x70\x72\x69\
\x76\x61\x74\x65\x20\x76\x70\x61\x74\x68\x22\x2c\x6c\x3a\x2f\x5b\
\x5c\x77\x2d\x5d\x2b\x2f\x2c\x63\x3a\x5b\x65\x2e\x48\x43\x4d\x2c\
\x74\x2c\x72\x2c\x61\x2c\x6e\x2c\x69\x2c\x73\x5d\x7d\x7d\x29\x2c\
\x65\x2e\x72\x65\x67\x69\x73\x74\x65\x72\x4c\x61\x6e\x67\x75\x61\
\x67\x65\x28\x22\x78\x6d\x6c\x22\x2c\x66\x75\x6e\x63\x74\x69\x6f\
\x6e\x28\x65\x29\x7b\x76\x61\x72\x20\x74\x3d\x22\x5b\x41\x2d\x5a\
\x61\x2d\x7a\x30\x2d\x39\x5c\x5c\x2e\x5f\x3a\x2d\x5d\x2b\x22\x2c\
\x72\x3d\x7b\x65\x57\x3a\x21\x30\x2c\x69\x3a\x2f\x3c\x2f\x2c\x72\
\x3a\x30\x2c\x63\x3a\x5b\x7b\x63\x4e\x3a\x22\x61\x74\x74\x72\x22\
\x2c\x62\x3a\x74\x2c\x72\x3a\x30\x7d\x2c\x7b\x62\x3a\x2f\x3d\x5c\
\x73\x2a\x2f\x2c\x72\x3a\x30\x2c\x63\x3a\x5b\x7b\x63\x4e\x3a\x22\
\x73\x74\x72\x69\x6e\x67\x22\x2c\x65\x6e\x64\x73\x50\x61\x72\x65\
\x6e\x74\x3a\x21\x30\x2c\x76\x3a\x5b\x7b\x62\x3a\x2f\x22\x2f\x2c\
\x65\x3a\x2f\x22\x2f\x7d\x2c\x7b\x62\x3a\x2f\x27\x2f\x2c\x65\x3a\
\x2f\x27\x2f\x7d\x2c\x7b\x62\x3a\x2f\x5b\x5e\x5c\x73\x22\x27\x3d\
\x3c\x3e\x60\x5d\x2b\x2f\x7d\x5d\x7d\x5d\x7d\x5d\x7d\x3b\x72\x65\
\x74\x75\x72\x6e\x7b\x61\x6c\x69\x61\x73\x65\x73\x3a\x5b\x22\x68\
\x74\x6d\x6c\x22\x2c\x22\x78\x68\x74\x6d\x6c\x22\x2c\x22\x72\x73\
\x73\x22\x2c\x22\x61\x74\x6f\x6d\x22\x2c\x22\x78\x6a\x62\x22\x2c\
\x22\x78\x73\x64\x22\x2c\x22\x78\x73\x6c\x22\x2c\x22\x70\x6c\x69\
\x73\x74\x22\x5d\x2c\x63\x49\x3a\x21\x30\x2c\x63\x3a\x5b\x7b\x63\
\x4e\x3a\x22\x6d\x65\x74\x61\x22\x2c\x62\x3a\x22\x3c\x21\x44\x4f\
\x43\x54\x59\x50\x45\x22\x2c\x65\x3a\x22\x3e\x22\x2c\x72\x3a\x31\
\x30\x2c\x63\x3a\x5b\x7b\x62\x3a\x22\x5c\x5c\x5b\x22\x2c\x65\x3a\
\x22\x5c\x5c\x5d\x22\x7d\x5d\x7d\x2c\x65\x2e\x43\x28\x22\x3c\x21\
\x2d\x2d\x22\x2c\x22\x2d\x2d\x3e\x22\x2c\x7b\x72\x3a\x31\x30\x7d\
\x29\x2c\x7b\x62\x3a\x22\x3c\x5c\x5c\x21\x5c\x5c\x5b\x43\x44\x41\
\x54\x41\x5c\x5c\x5b\x22\x2c\x65\x3a\x22\x5c\x5c\x5d\x5c\x5c\x5d\
\x3e\x22\x2c\x72\x3a\x31\x30\x7d\x2c\x7b\x62\x3a\x2f\x3c\x5c\x3f\
\x28\x70\x68\x70\x29\x3f\x2f\x2c\x65\x3a\x2f\x5c\x3f\x3e\x2f\x2c\
\x73\x4c\x3a\x22\x70\x68\x70\x22\x2c\x63\x3a\x5b\x7b\x62\x3a\x22\
\x2f\x5c\x5c\x2a\x22\x2c\x65\x3a\x22\x5c\x5c\x2a\x2f\x22\x2c\x73\
\x6b\x69\x70\x3a\x21\x30\x7d\x5d\x7d\x2c\x7b\x63\x4e\x3a\x22\x74\
\x61\x67\x22\x2c\x62\x3a\x22\x3c\x73\x74\x79\x6c\x65\x28\x3f\x3d\
\x5c\x5c\x73\x7c\x3e\x7c\x24\x29\x22\x2c\x65\x3a\x22\x3e\x22\x2c\
\x6b\x3a\x7b\x6e\x61\x6d\x65\x3a\x22\x73\x74\x79\x6c\x65\x22\x7d\
\x2c\x63\x3a\x5b\x72\x5d\x2c\x73\x74\x61\x72\x74\x73\x3a\x7b\x65\
\x3a\x22\x3c\x2f\x73\x74\x79\x6c\x65\x3e\x22\x2c\x72\x45\x3a\x21\
\x30\x2c\x73\x4c\x3a\x5b\x22\x63\x73\x73\x22\x2c\x22\x78\x6d\x6c\
\x22\x5d\x7d\x7d\x2c\x7b\x63\x4e\x3a\x22\x74\x61\x67\x22\x2c\x62\
\x3a\x22\x3c\x73\x63\x72\x69\x70\x74\x28\x3f\x3d\x5c\x5c\x73\x7c\
\x3e\x7c\x24\x29\x22\x2c\x65\x3a\x22\x3e\x22\x2c\x6b\x3a\x7b\x6e\
\x61\x6d\x65\x3a\x22\x73\x63\x72\x69\x70\x74\x22\x7d\x2c\x63\x3a\
\x5b\x72\x5d\x2c\x73\x74\x61\x72\x74\x73\x3a\x7b\x65\x3a\x22\x3c\
\x2f\x73\x63\x72\x69\x70\x74\x3e\x22\x2c\x72\x45\x3a\x21\x30\x2c\
\x73\x4c\x3a\x5b\x22\x61\x63\x74\x69\x6f\x6e\x73\x63\x72\x69\x70\
\x74\x22\x2c\x22\x6a\x61\x76\x61\x73\x63\x72\x69\x70\x74\x22\x2c\
\x22\x68\x61\x6e\x64\x6c\x65\x62\x61\x72\x73\x22\x2c\x22\x78\x6d\
\x6c\x22\x5d\x7d\x7d\x2c\x7b\x63\x4e\x3a\x22\x6d\x65\x74\x61\x22\
\x2c\x76\x3a\x5b\x7b\x62\x3a\x2f\x3c\x5c\x3f\x78\x6d\x6c\x2f\x2c\
\x65\x3a\x2f\x5c\x3f\x3e\x2f\x2c\x72\x3a\x31\x30\x7d\x2c\x7b\x62\
\x3a\x2f\x3c\x5c\x3f\x5c\x77\x2b\x2f\x2c\x65\x3a\x2f\x5c\x3f\x3e\
\x2f\x7d\x5d\x7d\x2c\x7b\x63\x4e\x3a\x22\x74\x61\x67\x22\x2c\x62\
\x3a\x22\x3c\x2f\x3f\x22\x2c\x65\x3a\x22\x2f\x3f\x3e\x22\x2c\x63\
\x3a\x5b\x7b\x63\x4e\x3a\x22\x6e\x61\x6d\x65\x22\x2c\x62\x3a\x2f\
\x5b\x5e\x5c\x2f\x3e\x3c\x5c\x73\x5d\x2b\x2f\x2c\x72\x3a\x30\x7d\
\x2c\x72\x5d\x7d\x5d\x7d\x7d\x29\x2c\x65\x2e\x72\x65\x67\x69\x73\
\x74\x65\x72\x4c\x61\x6e\x67\x75\x61\x67\x65\x28\x22\x6d\x61\x72\
\x6b\x64\x6f\x77\x6e\x22\x2c\x66\x75\x6e\x63\x74\x69\x6f\x6e\x28\
\x65\x29\x7b\x72\x65\x74\x75\x72\x6e\x7b\x61\x6c\x69\x61\x73\x65\
\x73\x3a\x5b\x22\x6d\x64\x22\x2c\x22\x6d\x6b\x64\x6f\x77\x6e\x22\
\x2c\x22\x6d\x6b\x64\x22\x5d\x2c\x63\x3a\x5b\x7b\x63\x4e\x3a\x22\
\x73\x65\x63\x74\x69\x6f\x6e\x22\x2c\x76\x3a\x5b\x7b\x62\x3a\x22\
\x5e\x23\x7b\x31\x2c\x36\x7d\x22\x2c\x65\x3a\x22\x24\x22\x7d\x2c\
\x7b\x62\x3a\x22\x5e\x2e\x2b\x3f\x5c\x5c\x6e\x5b\x3d\x2d\x5d\x7b\
\x32\x2c\x7d\x24\x22\x7d\x5d\x7d\x2c\x7b\x62\x3a\x22\x3c\x22\x2c\
\x65\x3a\x22\x3e\x22\x2c\x73\x4c\x3a\x22\x78\x6d\x6c\x22\x2c\x72\
\x3a\x30\x7d\x2c\x7b\x63\x4e\x3a\x22\x62\x75\x6c\x6c\x65\x74\x22\
\x2c\x62\x3a\x22\x5e\x28\x5b\x2a\x2b\x2d\x5d\x7c\x28\x5c\x5c\x64\
\x2b\x5c\x5c\x2e\x29\x29\x5c\x5c\x73\x2b\x22\x7d\x2c\x7b\x63\x4e\
\x3a\x22\x73\x74\x72\x6f\x6e\x67\x22\x2c\x62\x3a\x22\x5b\x2a\x5f\
\x5d\x7b\x32\x7d\x2e\x2b\x3f\x5b\x2a\x5f\x5d\x7b\x32\x7d\x22\x7d\
\x2c\x7b\x63\x4e\x3a\x22\x65\x6d\x70\x68\x61\x73\x69\x73\x22\x2c\
\x76\x3a\x5b\x7b\x62\x3a\x22\x5c\x5c\x2a\x2e\x2b\x3f\x5c\x5c\x2a\
\x22\x7d\x2c\x7b\x62\x3a\x22\x5f\x2e\x2b\x3f\x5f\x22\x2c\x72\x3a\
\x30\x7d\x5d\x7d\x2c\x7b\x63\x4e\x3a\x22\x71\x75\x6f\x74\x65\x22\
\x2c\x62\x3a\x22\x5e\x3e\x5c\x5c\x73\x2b\x22\x2c\x65\x3a\x22\x24\
\x22\x7d\x2c\x7b\x63\x4e\x3a\x22\x63\x6f\x64\x65\x22\x2c\x76\x3a\
\x5b\x7b\x62\x3a\x22\x5e\x60\x60\x60\x77\x2a\x73\x2a\x24\x22\x2c\
\x65\x3a\x22\x5e\x60\x60\x60\x73\x2a\x24\x22\x7d\x2c\x7b\x62\x3a\
\x22\x60\x2e\x2b\x3f\x60\x22\x7d\x2c\x7b\x62\x3a\x22\x5e\x28\x20\
\x7b\x34\x7d\x7c\x09\x29\x22\x2c\x65\x3a\x22\x24\x22\x2c\x72\x3a\
\x30\x7d\x5d\x7d\x2c\x7b\x62\x3a\x22\x5e\x5b\x2d\x5c\x5c\x2a\x5d\
\x7b\x33\x2c\x7d\x22\x2c\x65\x3a\x22\x24\x22\x7d\x2c\x7b\x62\x3a\
\x22\x5c\x5c\x5b\x2e\x2b\x3f\x5c\x5c\x5d\x5b\x5c\x5c\x28\x5c\x5c\
\x5b\x5d\x2e\x2a\x3f\x5b\x5c\x5c\x29\x5c\x5c\x5d\x5d\x22\x2c\x72\
\x42\x3a\x21\x30\x2c\x63\x3a\x5b\x7b\x63\x4e\x3a\x22\x73\x74\x72\
\x69\x6e\x67\x22\x2c\x62\x3a\x22\x5c\x5c\x5b\x22\x2c\x65\x3a\x22\
\x5c\x5c\x5d\x22\x2c\x65\x42\x3a\x21\x30\x2c\x72\x45\x3a\x21\x30\
\x2c\x72\x3a\x30\x7d\x2c\x7b\x63\x4e\x3a\x22\x6c\x69\x6e\x6b\x22\
\x2c\x62\x3a\x22\x5c\x5c\x5d\x5c\x5c\x28\x22\x2c\x65\x3a\x22\x5c\
\x5c\x29\x22\x2c\x65\x42\x3a\x21\x30\x2c\x65\x45\x3a\x21\x30\x7d\
\x2c\x7b\x63\x4e\x3a\x22\x73\x79\x6d\x62\x6f\x6c\x22\x2c\x62\x3a\
\x22\x5c\x5c\x5d\x5c\x5c\x5b\x22\x2c\x65\x3a\x22\x5c\x5c\x5d\x22\
\x2c\x65\x42\x3a\x21\x30\x2c\x65\x45\x3a\x21\x30\x7d\x5d\x2c\x72\
\x3a\x31\x30\x7d\x2c\x7b\x62\x3a\x2f\x5e\x5c\x5b\x5b\x5e\x5c\x6e\
\x5d\x2b\x5c\x5d\x3a\x2f\x2c\x72\x42\x3a\x21\x30\x2c\x63\x3a\x5b\
\x7b\x63\x4e\x3a\x22\x73\x79\x6d\x62\x6f\x6c\x22\x2c\x62\x3a\x2f\
\x5c\x5b\x2f\x2c\x65\x3a\x2f\x5c\x5d\x2f\x2c\x65\x42\x3a\x21\x30\
\x2c\x65\x45\x3a\x21\x30\x7d\x2c\x7b\x63\x4e\x3a\x22\x6c\x69\x6e\
\x6b\x22\x2c\x62\x3a\x2f\x3a\x5c\x73\x2a\x2f\x2c\x65\x3a\x2f\x24\
\x2f\x2c\x65\x42\x3a\x21\x30\x7d\x5d\x7d\x5d\x7d\x7d\x29\x2c\x65\
\x2e\x72\x65\x67\x69\x73\x74\x65\x72\x4c\x61\x6e\x67\x75\x61\x67\
\x65\x28\x22\x6e\x67\x69\x6e\x78\x22\x2c\x66\x75\x6e\x63\x74\x69\
\x6f\x6e\x28\x65\x29\x7b\x76\x61\x72\x20\x74\x3d\x7b\x63\x4e\x3a\
\x22\x76\x61\x72\x69\x61\x62\x6c\x65\x22\x2c\x76\x3a\x5b\x7b\x62\
\x3a\x2f\x5c\x24\x5c\x64\x2b\x2f\x7d\x2c\x7b\x62\x3a\x2f\x5c\x24\
\x5c\x7b\x2f\x2c\x65\x3a\x2f\x7d\x2f\x7d\x2c\x7b\x62\x3a\x22\x5b\
\x5c\x5c\x24\x5c\x5c\x40\x5d\x22\x2b\x65\x2e\x55\x49\x52\x7d\x5d\
\x7d\x2c\x72\x3d\x7b\x65\x57\x3a\x21\x30\x2c\x6c\x3a\x22\x5b\x61\
\x2d\x7a\x2f\x5f\x5d\x2b\x22\x2c\x6b\x3a\x7b\x6c\x69\x74\x65\x72\
\x61\x6c\x3a\x22\x6f\x6e\x20\x6f\x66\x66\x20\x79\x65\x73\x20\x6e\
\x6f\x20\x74\x72\x75\x65\x20\x66\x61\x6c\x73\x65\x20\x6e\x6f\x6e\
\x65\x20\x62\x6c\x6f\x63\x6b\x65\x64\x20\x64\x65\x62\x75\x67\x20\
\x69\x6e\x66\x6f\x20\x6e\x6f\x74\x69\x63\x65\x20\x77\x61\x72\x6e\
\x20\x65\x72\x72\x6f\x72\x20\x63\x72\x69\x74\x20\x73\x65\x6c\x65\
\x63\x74\x20\x62\x72\x65\x61\x6b\x20\x6c\x61\x73\x74\x20\x70\x65\
\x72\x6d\x61\x6e\x65\x6e\x74\x20\x72\x65\x64\x69\x72\x65\x63\x74\
\x20\x6b\x71\x75\x65\x75\x65\x20\x72\x74\x73\x69\x67\x20\x65\x70\
\x6f\x6c\x6c\x20\x70\x6f\x6c\x6c\x20\x2f\x64\x65\x76\x2f\x70\x6f\
\x6c\x6c\x22\x7d\x2c\x72\x3a\x30\x2c\x69\x3a\x22\x3d\x3e\x22\x2c\
\x63\x3a\x5b\x65\x2e\x48\x43\x4d\x2c\x7b\x63\x4e\x3a\x22\x73\x74\
\x72\x69\x6e\x67\x22\x2c\x63\x3a\x5b\x65\x2e\x42\x45\x2c\x74\x5d\
\x2c\x76\x3a\x5b\x7b\x62\x3a\x2f\x22\x2f\x2c\x65\x3a\x2f\x22\x2f\
\x7d\x2c\x7b\x62\x3a\x2f\x27\x2f\x2c\x65\x3a\x2f\x27\x2f\x7d\x5d\
\x7d\x2c\x7b\x62\x3a\x22\x28\x5b\x61\x2d\x7a\x5d\x2b\x29\x3a\x2f\
\x22\x2c\x65\x3a\x22\x5c\x5c\x73\x22\x2c\x65\x57\x3a\x21\x30\x2c\
\x65\x45\x3a\x21\x30\x2c\x63\x3a\x5b\x74\x5d\x7d\x2c\x7b\x63\x4e\
\x3a\x22\x72\x65\x67\x65\x78\x70\x22\x2c\x63\x3a\x5b\x65\x2e\x42\
\x45\x2c\x74\x5d\x2c\x76\x3a\x5b\x7b\x62\x3a\x22\x5c\x5c\x73\x5c\
\x5c\x5e\x22\x2c\x65\x3a\x22\x5c\x5c\x73\x7c\x7b\x7c\x3b\x22\x2c\
\x72\x45\x3a\x21\x30\x7d\x2c\x7b\x62\x3a\x22\x7e\x5c\x5c\x2a\x3f\
\x5c\x5c\x73\x2b\x22\x2c\x65\x3a\x22\x5c\x5c\x73\x7c\x7b\x7c\x3b\
\x22\x2c\x72\x45\x3a\x21\x30\x7d\x2c\x7b\x62\x3a\x22\x5c\x5c\x2a\
\x28\x5c\x5c\x2e\x5b\x61\x2d\x7a\x5c\x5c\x2d\x5d\x2b\x29\x2b\x22\
\x7d\x2c\x7b\x62\x3a\x22\x28\x5b\x61\x2d\x7a\x5c\x5c\x2d\x5d\x2b\
\x5c\x5c\x2e\x29\x2b\x5c\x5c\x2a\x22\x7d\x5d\x7d\x2c\x7b\x63\x4e\
\x3a\x22\x6e\x75\x6d\x62\x65\x72\x22\x2c\x62\x3a\x22\x5c\x5c\x62\
\x5c\x5c\x64\x7b\x31\x2c\x33\x7d\x5c\x5c\x2e\x5c\x5c\x64\x7b\x31\
\x2c\x33\x7d\x5c\x5c\x2e\x5c\x5c\x64\x7b\x31\x2c\x33\x7d\x5c\x5c\
\x2e\x5c\x5c\x64\x7b\x31\x2c\x33\x7d\x28\x3a\x5c\x5c\x64\x7b\x31\
\x2c\x35\x7d\x29\x3f\x5c\x5c\x62\x22\x7d\x2c\x7b\x63\x4e\x3a\x22\
\x6e\x75\x6d\x62\x65\x72\x22\x2c\x62\x3a\x22\x5c\x5c\x62\x5c\x5c\
\x64\x2b\x5b\x6b\x4b\x6d\x4d\x67\x47\x64\x73\x68\x64\x77\x79\x5d\
\x2a\x5c\x5c\x62\x22\x2c\x72\x3a\x30\x7d\x2c\x74\x5d\x7d\x3b\x72\
\x65\x74\x75\x72\x6e\x7b\x61\x6c\x69\x61\x73\x65\x73\x3a\x5b\x22\
\x6e\x67\x69\x6e\x78\x63\x6f\x6e\x66\x22\x5d\x2c\x63\x3a\x5b\x65\
\x2e\x48\x43\x4d\x2c\x7b\x62\x3a\x65\x2e\x55\x49\x52\x2b\x22\x5c\
\x5c\x73\x2b\x7b\x22\x2c\x72\x42\x3a\x21\x30\x2c\x65\x3a\x22\x7b\
\x22\x2c\x63\x3a\x5b\x7b\x63\x4e\x3a\x22\x73\x65\x63\x74\x69\x6f\
\x6e\x22\x2c\x62\x3a\x65\x2e\x55\x49\x52\x7d\x5d\x2c\x72\x3a\x30\
\x7d\x2c\x7b\x62\x3a\x65\x2e\x55\x49\x52\x2b\x22\x5c\x5c\x73\x22\
\x2c\x65\x3a\x22\x3b\x7c\x7b\x22\x2c\x72\x42\x3a\x21\x30\x2c\x63\
\x3a\x5b\x7b\x63\x4e\x3a\x22\x61\x74\x74\x72\x69\x62\x75\x74\x65\
\x22\x2c\x62\x3a\x65\x2e\x55\x49\x52\x2c\x73\x74\x61\x72\x74\x73\
\x3a\x72\x7d\x5d\x2c\x72\x3a\x30\x7d\x5d\x2c\x69\x3a\x22\x5b\x5e\
\x5c\x5c\x73\x5c\x5c\x7d\x5d\x22\x7d\x7d\x29\x2c\x65\x2e\x72\x65\
\x67\x69\x73\x74\x65\x72\x4c\x61\x6e\x67\x75\x61\x67\x65\x28\x22\
\x6f\x62\x6a\x65\x63\x74\x69\x76\x65\x63\x22\x2c\x66\x75\x6e\x63\
\x74\x69\x6f\x6e\x28\x65\x29\x7b\x76\x61\x72\x20\x74\x3d\x7b\x63\
\x4e\x3a\x22\x62\x75\x69\x6c\x74\x5f\x69\x6e\x22\x2c\x62\x3a\x22\
\x5c\x5c\x62\x28\x41\x56\x7c\x43\x41\x7c\x43\x46\x7c\x43\x47\x7c\
\x43\x49\x7c\x43\x4c\x7c\x43\x4d\x7c\x43\x4e\x7c\x43\x54\x7c\x4d\
\x4b\x7c\x4d\x50\x7c\x4d\x54\x4b\x7c\x4d\x54\x4c\x7c\x4e\x53\x7c\
\x53\x43\x4e\x7c\x53\x4b\x7c\x55\x49\x7c\x57\x4b\x7c\x58\x43\x29\
\x5c\x5c\x77\x2b\x22\x7d\x2c\x72\x3d\x7b\x6b\x65\x79\x77\x6f\x72\
\x64\x3a\x22\x69\x6e\x74\x20\x66\x6c\x6f\x61\x74\x20\x77\x68\x69\
\x6c\x65\x20\x63\x68\x61\x72\x20\x65\x78\x70\x6f\x72\x74\x20\x73\
\x69\x7a\x65\x6f\x66\x20\x74\x79\x70\x65\x64\x65\x66\x20\x63\x6f\
\x6e\x73\x74\x20\x73\x74\x72\x75\x63\x74\x20\x66\x6f\x72\x20\x75\
\x6e\x69\x6f\x6e\x20\x75\x6e\x73\x69\x67\x6e\x65\x64\x20\x6c\x6f\
\x6e\x67\x20\x76\x6f\x6c\x61\x74\x69\x6c\x65\x20\x73\x74\x61\x74\
\x69\x63\x20\x62\x6f\x6f\x6c\x20\x6d\x75\x74\x61\x62\x6c\x65\x20\
\x69\x66\x20\x64\x6f\x20\x72\x65\x74\x75\x72\x6e\x20\x67\x6f\x74\
\x6f\x20\x76\x6f\x69\x64\x20\x65\x6e\x75\x6d\x20\x65\x6c\x73\x65\
\x20\x62\x72\x65\x61\x6b\x20\x65\x78\x74\x65\x72\x6e\x20\x61\x73\
\x6d\x20\x63\x61\x73\x65\x20\x73\x68\x6f\x72\x74\x20\x64\x65\x66\
\x61\x75\x6c\x74\x20\x64\x6f\x75\x62\x6c\x65\x20\x72\x65\x67\x69\
\x73\x74\x65\x72\x20\x65\x78\x70\x6c\x69\x63\x69\x74\x20\x73\x69\
\x67\x6e\x65\x64\x20\x74\x79\x70\x65\x6e\x61\x6d\x65\x20\x74\x68\
\x69\x73\x20\x73\x77\x69\x74\x63\x68\x20\x63\x6f\x6e\x74\x69\x6e\
\x75\x65\x20\x77\x63\x68\x61\x72\x5f\x74\x20\x69\x6e\x6c\x69\x6e\
\x65\x20\x72\x65\x61\x64\x6f\x6e\x6c\x79\x20\x61\x73\x73\x69\x67\
\x6e\x20\x72\x65\x61\x64\x77\x72\x69\x74\x65\x20\x73\x65\x6c\x66\
\x20\x40\x73\x79\x6e\x63\x68\x72\x6f\x6e\x69\x7a\x65\x64\x20\x69\
\x64\x20\x74\x79\x70\x65\x6f\x66\x20\x6e\x6f\x6e\x61\x74\x6f\x6d\
\x69\x63\x20\x73\x75\x70\x65\x72\x20\x75\x6e\x69\x63\x68\x61\x72\
\x20\x49\x42\x4f\x75\x74\x6c\x65\x74\x20\x49\x42\x41\x63\x74\x69\
\x6f\x6e\x20\x73\x74\x72\x6f\x6e\x67\x20\x77\x65\x61\x6b\x20\x63\
\x6f\x70\x79\x20\x69\x6e\x20\x6f\x75\x74\x20\x69\x6e\x6f\x75\x74\
\x20\x62\x79\x63\x6f\x70\x79\x20\x62\x79\x72\x65\x66\x20\x6f\x6e\
\x65\x77\x61\x79\x20\x5f\x5f\x73\x74\x72\x6f\x6e\x67\x20\x5f\x5f\
\x77\x65\x61\x6b\x20\x5f\x5f\x62\x6c\x6f\x63\x6b\x20\x5f\x5f\x61\
\x75\x74\x6f\x72\x65\x6c\x65\x61\x73\x69\x6e\x67\x20\x40\x70\x72\
\x69\x76\x61\x74\x65\x20\x40\x70\x72\x6f\x74\x65\x63\x74\x65\x64\
\x20\x40\x70\x75\x62\x6c\x69\x63\x20\x40\x74\x72\x79\x20\x40\x70\
\x72\x6f\x70\x65\x72\x74\x79\x20\x40\x65\x6e\x64\x20\x40\x74\x68\
\x72\x6f\x77\x20\x40\x63\x61\x74\x63\x68\x20\x40\x66\x69\x6e\x61\
\x6c\x6c\x79\x20\x40\x61\x75\x74\x6f\x72\x65\x6c\x65\x61\x73\x65\
\x70\x6f\x6f\x6c\x20\x40\x73\x79\x6e\x74\x68\x65\x73\x69\x7a\x65\
\x20\x40\x64\x79\x6e\x61\x6d\x69\x63\x20\x40\x73\x65\x6c\x65\x63\
\x74\x6f\x72\x20\x40\x6f\x70\x74\x69\x6f\x6e\x61\x6c\x20\x40\x72\
\x65\x71\x75\x69\x72\x65\x64\x20\x40\x65\x6e\x63\x6f\x64\x65\x20\
\x40\x70\x61\x63\x6b\x61\x67\x65\x20\x40\x69\x6d\x70\x6f\x72\x74\
\x20\x40\x64\x65\x66\x73\x20\x40\x63\x6f\x6d\x70\x61\x74\x69\x62\
\x69\x6c\x69\x74\x79\x5f\x61\x6c\x69\x61\x73\x20\x5f\x5f\x62\x72\
\x69\x64\x67\x65\x20\x5f\x5f\x62\x72\x69\x64\x67\x65\x5f\x74\x72\
\x61\x6e\x73\x66\x65\x72\x20\x5f\x5f\x62\x72\x69\x64\x67\x65\x5f\
\x72\x65\x74\x61\x69\x6e\x65\x64\x20\x5f\x5f\x62\x72\x69\x64\x67\
\x65\x5f\x72\x65\x74\x61\x69\x6e\x20\x5f\x5f\x63\x6f\x76\x61\x72\
\x69\x61\x6e\x74\x20\x5f\x5f\x63\x6f\x6e\x74\x72\x61\x76\x61\x72\
\x69\x61\x6e\x74\x20\x5f\x5f\x6b\x69\x6e\x64\x6f\x66\x20\x5f\x4e\
\x6f\x6e\x6e\x75\x6c\x6c\x20\x5f\x4e\x75\x6c\x6c\x61\x62\x6c\x65\
\x20\x5f\x4e\x75\x6c\x6c\x5f\x75\x6e\x73\x70\x65\x63\x69\x66\x69\
\x65\x64\x20\x5f\x5f\x46\x55\x4e\x43\x54\x49\x4f\x4e\x5f\x5f\x20\
\x5f\x5f\x50\x52\x45\x54\x54\x59\x5f\x46\x55\x4e\x43\x54\x49\x4f\
\x4e\x5f\x5f\x20\x5f\x5f\x61\x74\x74\x72\x69\x62\x75\x74\x65\x5f\
\x5f\x20\x67\x65\x74\x74\x65\x72\x20\x73\x65\x74\x74\x65\x72\x20\
\x72\x65\x74\x61\x69\x6e\x20\x75\x6e\x73\x61\x66\x65\x5f\x75\x6e\
\x72\x65\x74\x61\x69\x6e\x65\x64\x20\x6e\x6f\x6e\x6e\x75\x6c\x6c\
\x20\x6e\x75\x6c\x6c\x61\x62\x6c\x65\x20\x6e\x75\x6c\x6c\x5f\x75\
\x6e\x73\x70\x65\x63\x69\x66\x69\x65\x64\x20\x6e\x75\x6c\x6c\x5f\
\x72\x65\x73\x65\x74\x74\x61\x62\x6c\x65\x20\x63\x6c\x61\x73\x73\
\x20\x69\x6e\x73\x74\x61\x6e\x63\x65\x74\x79\x70\x65\x20\x4e\x53\
\x5f\x44\x45\x53\x49\x47\x4e\x41\x54\x45\x44\x5f\x49\x4e\x49\x54\
\x49\x41\x4c\x49\x5a\x45\x52\x20\x4e\x53\x5f\x55\x4e\x41\x56\x41\
\x49\x4c\x41\x42\x4c\x45\x20\x4e\x53\x5f\x52\x45\x51\x55\x49\x52\
\x45\x53\x5f\x53\x55\x50\x45\x52\x20\x4e\x53\x5f\x52\x45\x54\x55\
\x52\x4e\x53\x5f\x49\x4e\x4e\x45\x52\x5f\x50\x4f\x49\x4e\x54\x45\
\x52\x20\x4e\x53\x5f\x49\x4e\x4c\x49\x4e\x45\x20\x4e\x53\x5f\x41\
\x56\x41\x49\x4c\x41\x42\x4c\x45\x20\x4e\x53\x5f\x44\x45\x50\x52\
\x45\x43\x41\x54\x45\x44\x20\x4e\x53\x5f\x45\x4e\x55\x4d\x20\x4e\
\x53\x5f\x4f\x50\x54\x49\x4f\x4e\x53\x20\x4e\x53\x5f\x53\x57\x49\
\x46\x54\x5f\x55\x4e\x41\x56\x41\x49\x4c\x41\x42\x4c\x45\x20\x4e\
\x53\x5f\x41\x53\x53\x55\x4d\x45\x5f\x4e\x4f\x4e\x4e\x55\x4c\x4c\
\x5f\x42\x45\x47\x49\x4e\x20\x4e\x53\x5f\x41\x53\x53\x55\x4d\x45\
\x5f\x4e\x4f\x4e\x4e\x55\x4c\x4c\x5f\x45\x4e\x44\x20\x4e\x53\x5f\
\x52\x45\x46\x49\x4e\x45\x44\x5f\x46\x4f\x52\x5f\x53\x57\x49\x46\
\x54\x20\x4e\x53\x5f\x53\x57\x49\x46\x54\x5f\x4e\x41\x4d\x45\x20\
\x4e\x53\x5f\x53\x57\x49\x46\x54\x5f\x4e\x4f\x54\x48\x52\x4f\x57\
\x20\x4e\x53\x5f\x44\x55\x52\x49\x4e\x47\x20\x4e\x53\x5f\x48\x41\
\x4e\x44\x4c\x45\x52\x20\x4e\x53\x5f\x45\x4e\x44\x48\x41\x4e\x44\
\x4c\x45\x52\x20\x4e\x53\x5f\x56\x41\x4c\x55\x45\x52\x45\x54\x55\
\x52\x4e\x20\x4e\x53\x5f\x56\x4f\x49\x44\x52\x45\x54\x55\x52\x4e\
\x22\x2c\x6c\x69\x74\x65\x72\x61\x6c\x3a\x22\x66\x61\x6c\x73\x65\
\x20\x74\x72\x75\x65\x20\x46\x41\x4c\x53\x45\x20\x54\x52\x55\x45\
\x20\x6e\x69\x6c\x20\x59\x45\x53\x20\x4e\x4f\x20\x4e\x55\x4c\x4c\
\x22\x2c\x62\x75\x69\x6c\x74\x5f\x69\x6e\x3a\x22\x42\x4f\x4f\x4c\
\x20\x64\x69\x73\x70\x61\x74\x63\x68\x5f\x6f\x6e\x63\x65\x5f\x74\
\x20\x64\x69\x73\x70\x61\x74\x63\x68\x5f\x71\x75\x65\x75\x65\x5f\
\x74\x20\x64\x69\x73\x70\x61\x74\x63\x68\x5f\x73\x79\x6e\x63\x20\
\x64\x69\x73\x70\x61\x74\x63\x68\x5f\x61\x73\x79\x6e\x63\x20\x64\
\x69\x73\x70\x61\x74\x63\x68\x5f\x6f\x6e\x63\x65\x22\x7d\x2c\x61\
\x3d\x2f\x5b\x61\x2d\x7a\x41\x2d\x5a\x40\x5d\x5b\x61\x2d\x7a\x41\
\x2d\x5a\x30\x2d\x39\x5f\x5d\x2a\x2f\x2c\x6e\x3d\x22\x40\x69\x6e\
\x74\x65\x72\x66\x61\x63\x65\x20\x40\x63\x6c\x61\x73\x73\x20\x40\
\x70\x72\x6f\x74\x6f\x63\x6f\x6c\x20\x40\x69\x6d\x70\x6c\x65\x6d\
\x65\x6e\x74\x61\x74\x69\x6f\x6e\x22\x3b\x72\x65\x74\x75\x72\x6e\
\x7b\x61\x6c\x69\x61\x73\x65\x73\x3a\x5b\x22\x6d\x6d\x22\x2c\x22\
\x6f\x62\x6a\x63\x22\x2c\x22\x6f\x62\x6a\x2d\x63\x22\x5d\x2c\x6b\
\x3a\x72\x2c\x6c\x3a\x61\x2c\x69\x3a\x22\x3c\x2f\x22\x2c\x63\x3a\
\x5b\x74\x2c\x65\x2e\x43\x4c\x43\x4d\x2c\x65\x2e\x43\x42\x43\x4d\
\x2c\x65\x2e\x43\x4e\x4d\x2c\x65\x2e\x51\x53\x4d\x2c\x7b\x63\x4e\
\x3a\x22\x73\x74\x72\x69\x6e\x67\x22\x2c\x76\x3a\x5b\x7b\x62\x3a\
\x27\x40\x22\x27\x2c\x65\x3a\x27\x22\x27\x2c\x69\x3a\x22\x5c\x5c\
\x6e\x22\x2c\x63\x3a\x5b\x65\x2e\x42\x45\x5d\x7d\x2c\x7b\x62\x3a\
\x22\x27\x22\x2c\x65\x3a\x22\x5b\x5e\x5c\x5c\x5c\x5c\x5d\x27\x22\
\x2c\x69\x3a\x22\x5b\x5e\x5c\x5c\x5c\x5c\x5d\x5b\x5e\x27\x5d\x22\
\x7d\x5d\x7d\x2c\x7b\x63\x4e\x3a\x22\x6d\x65\x74\x61\x22\x2c\x62\
\x3a\x22\x23\x22\x2c\x65\x3a\x22\x24\x22\x2c\x63\x3a\x5b\x7b\x63\
\x4e\x3a\x22\x6d\x65\x74\x61\x2d\x73\x74\x72\x69\x6e\x67\x22\x2c\
\x76\x3a\x5b\x7b\x62\x3a\x27\x22\x27\x2c\x65\x3a\x27\x22\x27\x7d\
\x2c\x7b\x62\x3a\x22\x3c\x22\x2c\x65\x3a\x22\x3e\x22\x7d\x5d\x7d\
\x5d\x7d\x2c\x7b\x63\x4e\x3a\x22\x63\x6c\x61\x73\x73\x22\x2c\x62\
\x3a\x22\x28\x22\x2b\x6e\x2e\x73\x70\x6c\x69\x74\x28\x22\x20\x22\
\x29\x2e\x6a\x6f\x69\x6e\x28\x22\x7c\x22\x29\x2b\x22\x29\x5c\x5c\
\x62\x22\x2c\x65\x3a\x22\x28\x7b\x7c\x24\x29\x22\x2c\x65\x45\x3a\
\x21\x30\x2c\x6b\x3a\x6e\x2c\x6c\x3a\x61\x2c\x63\x3a\x5b\x65\x2e\
\x55\x54\x4d\x5d\x7d\x2c\x7b\x62\x3a\x22\x5c\x5c\x2e\x22\x2b\x65\
\x2e\x55\x49\x52\x2c\x72\x3a\x30\x7d\x5d\x7d\x7d\x29\x2c\x65\x2e\
\x72\x65\x67\x69\x73\x74\x65\x72\x4c\x61\x6e\x67\x75\x61\x67\x65\
\x28\x22\x70\x65\x72\x6c\x22\x2c\x66\x75\x6e\x63\x74\x69\x6f\x6e\
\x28\x65\x29\x7b\x76\x61\x72\x20\x74\x3d\x22\x67\x65\x74\x70\x77\
\x65\x6e\x74\x20\x67\x65\x74\x73\x65\x72\x76\x65\x6e\x74\x20\x71\
\x75\x6f\x74\x65\x6d\x65\x74\x61\x20\x6d\x73\x67\x72\x63\x76\x20\
\x73\x63\x61\x6c\x61\x72\x20\x6b\x69\x6c\x6c\x20\x64\x62\x6d\x63\
\x6c\x6f\x73\x65\x20\x75\x6e\x64\x65\x66\x20\x6c\x63\x20\x6d\x61\
\x20\x73\x79\x73\x77\x72\x69\x74\x65\x20\x74\x72\x20\x73\x65\x6e\
\x64\x20\x75\x6d\x61\x73\x6b\x20\x73\x79\x73\x6f\x70\x65\x6e\x20\
\x73\x68\x6d\x77\x72\x69\x74\x65\x20\x76\x65\x63\x20\x71\x78\x20\
\x75\x74\x69\x6d\x65\x20\x6c\x6f\x63\x61\x6c\x20\x6f\x63\x74\x20\
\x73\x65\x6d\x63\x74\x6c\x20\x6c\x6f\x63\x61\x6c\x74\x69\x6d\x65\
\x20\x72\x65\x61\x64\x70\x69\x70\x65\x20\x64\x6f\x20\x72\x65\x74\
\x75\x72\x6e\x20\x66\x6f\x72\x6d\x61\x74\x20\x72\x65\x61\x64\x20\
\x73\x70\x72\x69\x6e\x74\x66\x20\x64\x62\x6d\x6f\x70\x65\x6e\x20\
\x70\x6f\x70\x20\x67\x65\x74\x70\x67\x72\x70\x20\x6e\x6f\x74\x20\
\x67\x65\x74\x70\x77\x6e\x61\x6d\x20\x72\x65\x77\x69\x6e\x64\x64\
\x69\x72\x20\x71\x71\x66\x69\x6c\x65\x6e\x6f\x20\x71\x77\x20\x65\
\x6e\x64\x70\x72\x6f\x74\x6f\x65\x6e\x74\x20\x77\x61\x69\x74\x20\
\x73\x65\x74\x68\x6f\x73\x74\x65\x6e\x74\x20\x62\x6c\x65\x73\x73\
\x20\x73\x7c\x30\x20\x6f\x70\x65\x6e\x64\x69\x72\x20\x63\x6f\x6e\
\x74\x69\x6e\x75\x65\x20\x65\x61\x63\x68\x20\x73\x6c\x65\x65\x70\
\x20\x65\x6e\x64\x67\x72\x65\x6e\x74\x20\x73\x68\x75\x74\x64\x6f\
\x77\x6e\x20\x64\x75\x6d\x70\x20\x63\x68\x6f\x6d\x70\x20\x63\x6f\
\x6e\x6e\x65\x63\x74\x20\x67\x65\x74\x73\x6f\x63\x6b\x6e\x61\x6d\
\x65\x20\x64\x69\x65\x20\x73\x6f\x63\x6b\x65\x74\x70\x61\x69\x72\
\x20\x63\x6c\x6f\x73\x65\x20\x66\x6c\x6f\x63\x6b\x20\x65\x78\x69\
\x73\x74\x73\x20\x69\x6e\x64\x65\x78\x20\x73\x68\x6d\x67\x65\x74\
\x73\x75\x62\x20\x66\x6f\x72\x20\x65\x6e\x64\x70\x77\x65\x6e\x74\
\x20\x72\x65\x64\x6f\x20\x6c\x73\x74\x61\x74\x20\x6d\x73\x67\x63\
\x74\x6c\x20\x73\x65\x74\x70\x67\x72\x70\x20\x61\x62\x73\x20\x65\
\x78\x69\x74\x20\x73\x65\x6c\x65\x63\x74\x20\x70\x72\x69\x6e\x74\
\x20\x72\x65\x66\x20\x67\x65\x74\x68\x6f\x73\x74\x62\x79\x61\x64\
\x64\x72\x20\x75\x6e\x73\x68\x69\x66\x74\x20\x66\x63\x6e\x74\x6c\
\x20\x73\x79\x73\x63\x61\x6c\x6c\x20\x67\x6f\x74\x6f\x20\x67\x65\
\x74\x6e\x65\x74\x62\x79\x61\x64\x64\x72\x20\x6a\x6f\x69\x6e\x20\
\x67\x6d\x74\x69\x6d\x65\x20\x73\x79\x6d\x6c\x69\x6e\x6b\x20\x73\
\x65\x6d\x67\x65\x74\x20\x73\x70\x6c\x69\x63\x65\x20\x78\x7c\x30\
\x20\x67\x65\x74\x70\x65\x65\x72\x6e\x61\x6d\x65\x20\x72\x65\x63\
\x76\x20\x6c\x6f\x67\x20\x73\x65\x74\x73\x6f\x63\x6b\x6f\x70\x74\
\x20\x63\x6f\x73\x20\x6c\x61\x73\x74\x20\x72\x65\x76\x65\x72\x73\
\x65\x20\x67\x65\x74\x68\x6f\x73\x74\x62\x79\x6e\x61\x6d\x65\x20\
\x67\x65\x74\x67\x72\x6e\x61\x6d\x20\x73\x74\x75\x64\x79\x20\x66\
\x6f\x72\x6d\x6c\x69\x6e\x65\x20\x65\x6e\x64\x68\x6f\x73\x74\x65\
\x6e\x74\x20\x74\x69\x6d\x65\x73\x20\x63\x68\x6f\x70\x20\x6c\x65\
\x6e\x67\x74\x68\x20\x67\x65\x74\x68\x6f\x73\x74\x65\x6e\x74\x20\
\x67\x65\x74\x6e\x65\x74\x65\x6e\x74\x20\x70\x61\x63\x6b\x20\x67\
\x65\x74\x70\x72\x6f\x74\x6f\x65\x6e\x74\x20\x67\x65\x74\x73\x65\
\x72\x76\x62\x79\x6e\x61\x6d\x65\x20\x72\x61\x6e\x64\x20\x6d\x6b\
\x64\x69\x72\x20\x70\x6f\x73\x20\x63\x68\x6d\x6f\x64\x20\x79\x7c\
\x30\x20\x73\x75\x62\x73\x74\x72\x20\x65\x6e\x64\x6e\x65\x74\x65\
\x6e\x74\x20\x70\x72\x69\x6e\x74\x66\x20\x6e\x65\x78\x74\x20\x6f\
\x70\x65\x6e\x20\x6d\x73\x67\x73\x6e\x64\x20\x72\x65\x61\x64\x64\
\x69\x72\x20\x75\x73\x65\x20\x75\x6e\x6c\x69\x6e\x6b\x20\x67\x65\
\x74\x73\x6f\x63\x6b\x6f\x70\x74\x20\x67\x65\x74\x70\x72\x69\x6f\
\x72\x69\x74\x79\x20\x72\x69\x6e\x64\x65\x78\x20\x77\x61\x6e\x74\
\x61\x72\x72\x61\x79\x20\x68\x65\x78\x20\x73\x79\x73\x74\x65\x6d\
\x20\x67\x65\x74\x73\x65\x72\x76\x62\x79\x70\x6f\x72\x74\x20\x65\
\x6e\x64\x73\x65\x72\x76\x65\x6e\x74\x20\x69\x6e\x74\x20\x63\x68\
\x72\x20\x75\x6e\x74\x69\x65\x20\x72\x6d\x64\x69\x72\x20\x70\x72\
\x6f\x74\x6f\x74\x79\x70\x65\x20\x74\x65\x6c\x6c\x20\x6c\x69\x73\
\x74\x65\x6e\x20\x66\x6f\x72\x6b\x20\x73\x68\x6d\x72\x65\x61\x64\
\x20\x75\x63\x66\x69\x72\x73\x74\x20\x73\x65\x74\x70\x72\x6f\x74\
\x6f\x65\x6e\x74\x20\x65\x6c\x73\x65\x20\x73\x79\x73\x73\x65\x65\
\x6b\x20\x6c\x69\x6e\x6b\x20\x67\x65\x74\x67\x72\x67\x69\x64\x20\
\x73\x68\x6d\x63\x74\x6c\x20\x77\x61\x69\x74\x70\x69\x64\x20\x75\
\x6e\x70\x61\x63\x6b\x20\x67\x65\x74\x6e\x65\x74\x62\x79\x6e\x61\
\x6d\x65\x20\x72\x65\x73\x65\x74\x20\x63\x68\x64\x69\x72\x20\x67\
\x72\x65\x70\x20\x73\x70\x6c\x69\x74\x20\x72\x65\x71\x75\x69\x72\
\x65\x20\x63\x61\x6c\x6c\x65\x72\x20\x6c\x63\x66\x69\x72\x73\x74\
\x20\x75\x6e\x74\x69\x6c\x20\x77\x61\x72\x6e\x20\x77\x68\x69\x6c\
\x65\x20\x76\x61\x6c\x75\x65\x73\x20\x73\x68\x69\x66\x74\x20\x74\
\x65\x6c\x6c\x64\x69\x72\x20\x67\x65\x74\x70\x77\x75\x69\x64\x20\
\x6d\x79\x20\x67\x65\x74\x70\x72\x6f\x74\x6f\x62\x79\x6e\x75\x6d\
\x62\x65\x72\x20\x64\x65\x6c\x65\x74\x65\x20\x61\x6e\x64\x20\x73\
\x6f\x72\x74\x20\x75\x63\x20\x64\x65\x66\x69\x6e\x65\x64\x20\x73\
\x72\x61\x6e\x64\x20\x61\x63\x63\x65\x70\x74\x20\x70\x61\x63\x6b\
\x61\x67\x65\x20\x73\x65\x65\x6b\x64\x69\x72\x20\x67\x65\x74\x70\
\x72\x6f\x74\x6f\x62\x79\x6e\x61\x6d\x65\x20\x73\x65\x6d\x6f\x70\
\x20\x6f\x75\x72\x20\x72\x65\x6e\x61\x6d\x65\x20\x73\x65\x65\x6b\
\x20\x69\x66\x20\x71\x7c\x30\x20\x63\x68\x72\x6f\x6f\x74\x20\x73\
\x79\x73\x72\x65\x61\x64\x20\x73\x65\x74\x70\x77\x65\x6e\x74\x20\
\x6e\x6f\x20\x63\x72\x79\x70\x74\x20\x67\x65\x74\x63\x20\x63\x68\
\x6f\x77\x6e\x20\x73\x71\x72\x74\x20\x77\x72\x69\x74\x65\x20\x73\
\x65\x74\x6e\x65\x74\x65\x6e\x74\x20\x73\x65\x74\x70\x72\x69\x6f\
\x72\x69\x74\x79\x20\x66\x6f\x72\x65\x61\x63\x68\x20\x74\x69\x65\
\x20\x73\x69\x6e\x20\x6d\x73\x67\x67\x65\x74\x20\x6d\x61\x70\x20\
\x73\x74\x61\x74\x20\x67\x65\x74\x6c\x6f\x67\x69\x6e\x20\x75\x6e\
\x6c\x65\x73\x73\x20\x65\x6c\x73\x69\x66\x20\x74\x72\x75\x6e\x63\
\x61\x74\x65\x20\x65\x78\x65\x63\x20\x6b\x65\x79\x73\x20\x67\x6c\
\x6f\x62\x20\x74\x69\x65\x64\x20\x63\x6c\x6f\x73\x65\x64\x69\x72\
\x69\x6f\x63\x74\x6c\x20\x73\x6f\x63\x6b\x65\x74\x20\x72\x65\x61\
\x64\x6c\x69\x6e\x6b\x20\x65\x76\x61\x6c\x20\x78\x6f\x72\x20\x72\
\x65\x61\x64\x6c\x69\x6e\x65\x20\x62\x69\x6e\x6d\x6f\x64\x65\x20\
\x73\x65\x74\x73\x65\x72\x76\x65\x6e\x74\x20\x65\x6f\x66\x20\x6f\
\x72\x64\x20\x62\x69\x6e\x64\x20\x61\x6c\x61\x72\x6d\x20\x70\x69\
\x70\x65\x20\x61\x74\x61\x6e\x32\x20\x67\x65\x74\x67\x72\x65\x6e\
\x74\x20\x65\x78\x70\x20\x74\x69\x6d\x65\x20\x70\x75\x73\x68\x20\
\x73\x65\x74\x67\x72\x65\x6e\x74\x20\x67\x74\x20\x6c\x74\x20\x6f\
\x72\x20\x6e\x65\x20\x6d\x7c\x30\x20\x62\x72\x65\x61\x6b\x20\x67\
\x69\x76\x65\x6e\x20\x73\x61\x79\x20\x73\x74\x61\x74\x65\x20\x77\
\x68\x65\x6e\x22\x2c\x72\x3d\x7b\x63\x4e\x3a\x22\x73\x75\x62\x73\
\x74\x22\x2c\x62\x3a\x22\x5b\x24\x40\x5d\x5c\x5c\x7b\x22\x2c\x65\
\x3a\x22\x5c\x5c\x7d\x22\x2c\x6b\x3a\x74\x7d\x2c\x61\x3d\x7b\x62\
\x3a\x22\x2d\x3e\x7b\x22\x2c\x65\x3a\x22\x7d\x22\x7d\x2c\x6e\x3d\
\x7b\x76\x3a\x5b\x7b\x62\x3a\x2f\x5c\x24\x5c\x64\x2f\x7d\x2c\x7b\
\x62\x3a\x2f\x5b\x5c\x24\x25\x40\x5d\x28\x5c\x5e\x5c\x77\x5c\x62\
\x7c\x23\x5c\x77\x2b\x28\x3a\x3a\x5c\x77\x2b\x29\x2a\x7c\x7b\x5c\
\x77\x2b\x7d\x7c\x5c\x77\x2b\x28\x3a\x3a\x5c\x77\x2a\x29\x2a\x29\
\x2f\x7d\x2c\x7b\x62\x3a\x2f\x5b\x5c\x24\x25\x40\x5d\x5b\x5e\x5c\
\x73\x5c\x77\x7b\x5d\x2f\x2c\x72\x3a\x30\x7d\x5d\x7d\x2c\x69\x3d\
\x5b\x65\x2e\x42\x45\x2c\x72\x2c\x6e\x5d\x2c\x73\x3d\x5b\x6e\x2c\
\x65\x2e\x48\x43\x4d\x2c\x65\x2e\x43\x28\x22\x5e\x5c\x5c\x3d\x5c\
\x5c\x77\x22\x2c\x22\x5c\x5c\x3d\x63\x75\x74\x22\x2c\x7b\x65\x57\
\x3a\x21\x30\x7d\x29\x2c\x61\x2c\x7b\x63\x4e\x3a\x22\x73\x74\x72\
\x69\x6e\x67\x22\x2c\x63\x3a\x69\x2c\x76\x3a\x5b\x7b\x62\x3a\x22\
\x71\x5b\x71\x77\x78\x72\x5d\x3f\x5c\x5c\x73\x2a\x5c\x5c\x28\x22\
\x2c\x65\x3a\x22\x5c\x5c\x29\x22\x2c\x72\x3a\x35\x7d\x2c\x7b\x62\
\x3a\x22\x71\x5b\x71\x77\x78\x72\x5d\x3f\x5c\x5c\x73\x2a\x5c\x5c\
\x5b\x22\x2c\x65\x3a\x22\x5c\x5c\x5d\x22\x2c\x72\x3a\x35\x7d\x2c\
\x7b\x62\x3a\x22\x71\x5b\x71\x77\x78\x72\x5d\x3f\x5c\x5c\x73\x2a\
\x5c\x5c\x7b\x22\x2c\x65\x3a\x22\x5c\x5c\x7d\x22\x2c\x72\x3a\x35\
\x7d\x2c\x7b\x62\x3a\x22\x71\x5b\x71\x77\x78\x72\x5d\x3f\x5c\x5c\
\x73\x2a\x5c\x5c\x7c\x22\x2c\x65\x3a\x22\x5c\x5c\x7c\x22\x2c\x72\
\x3a\x35\x7d\x2c\x7b\x62\x3a\x22\x71\x5b\x71\x77\x78\x72\x5d\x3f\
\x5c\x5c\x73\x2a\x5c\x5c\x3c\x22\x2c\x65\x3a\x22\x5c\x5c\x3e\x22\
\x2c\x72\x3a\x35\x7d\x2c\x7b\x62\x3a\x22\x71\x77\x5c\x5c\x73\x2b\
\x71\x22\x2c\x65\x3a\x22\x71\x22\x2c\x72\x3a\x35\x7d\x2c\x7b\x62\
\x3a\x22\x27\x22\x2c\x65\x3a\x22\x27\x22\x2c\x63\x3a\x5b\x65\x2e\
\x42\x45\x5d\x7d\x2c\x7b\x62\x3a\x27\x22\x27\x2c\x65\x3a\x27\x22\
\x27\x7d\x2c\x7b\x62\x3a\x22\x60\x22\x2c\x65\x3a\x22\x60\x22\x2c\
\x63\x3a\x5b\x65\x2e\x42\x45\x5d\x7d\x2c\x7b\x62\x3a\x22\x7b\x5c\
\x5c\x77\x2b\x7d\x22\x2c\x63\x3a\x5b\x5d\x2c\x72\x3a\x30\x7d\x2c\
\x7b\x62\x3a\x22\x2d\x3f\x5c\x5c\x77\x2b\x5c\x5c\x73\x2a\x5c\x5c\
\x3d\x5c\x5c\x3e\x22\x2c\x63\x3a\x5b\x5d\x2c\x72\x3a\x30\x7d\x5d\
\x7d\x2c\x7b\x63\x4e\x3a\x22\x6e\x75\x6d\x62\x65\x72\x22\x2c\x62\
\x3a\x22\x28\x5c\x5c\x62\x30\x5b\x30\x2d\x37\x5f\x5d\x2b\x29\x7c\
\x28\x5c\x5c\x62\x30\x78\x5b\x30\x2d\x39\x61\x2d\x66\x41\x2d\x46\
\x5f\x5d\x2b\x29\x7c\x28\x5c\x5c\x62\x5b\x31\x2d\x39\x5d\x5b\x30\
\x2d\x39\x5f\x5d\x2a\x28\x5c\x5c\x2e\x5b\x30\x2d\x39\x5f\x5d\x2b\
\x29\x3f\x29\x7c\x5b\x30\x5f\x5d\x5c\x5c\x62\x22\x2c\x72\x3a\x30\
\x7d\x2c\x7b\x62\x3a\x22\x28\x5c\x5c\x2f\x5c\x5c\x2f\x7c\x22\x2b\
\x65\x2e\x52\x53\x52\x2b\x22\x7c\x5c\x5c\x62\x28\x73\x70\x6c\x69\
\x74\x7c\x72\x65\x74\x75\x72\x6e\x7c\x70\x72\x69\x6e\x74\x7c\x72\
\x65\x76\x65\x72\x73\x65\x7c\x67\x72\x65\x70\x29\x5c\x5c\x62\x29\
\x5c\x5c\x73\x2a\x22\x2c\x6b\x3a\x22\x73\x70\x6c\x69\x74\x20\x72\
\x65\x74\x75\x72\x6e\x20\x70\x72\x69\x6e\x74\x20\x72\x65\x76\x65\
\x72\x73\x65\x20\x67\x72\x65\x70\x22\x2c\x72\x3a\x30\x2c\x63\x3a\
\x5b\x65\x2e\x48\x43\x4d\x2c\x7b\x63\x4e\x3a\x22\x72\x65\x67\x65\
\x78\x70\x22\x2c\x62\x3a\x22\x28\x73\x7c\x74\x72\x7c\x79\x29\x2f\
\x28\x5c\x5c\x5c\x5c\x2e\x7c\x5b\x5e\x2f\x5d\x29\x2a\x2f\x28\x5c\
\x5c\x5c\x5c\x2e\x7c\x5b\x5e\x2f\x5d\x29\x2a\x2f\x5b\x61\x2d\x7a\
\x5d\x2a\x22\x2c\x72\x3a\x31\x30\x7d\x2c\x7b\x63\x4e\x3a\x22\x72\
\x65\x67\x65\x78\x70\x22\x2c\x62\x3a\x22\x28\x6d\x7c\x71\x72\x29\
\x3f\x2f\x22\x2c\x65\x3a\x22\x2f\x5b\x61\x2d\x7a\x5d\x2a\x22\x2c\
\x63\x3a\x5b\x65\x2e\x42\x45\x5d\x2c\x72\x3a\x30\x7d\x5d\x7d\x2c\
\x7b\x63\x4e\x3a\x22\x66\x75\x6e\x63\x74\x69\x6f\x6e\x22\x2c\x62\
\x4b\x3a\x22\x73\x75\x62\x22\x2c\x65\x3a\x22\x28\x5c\x5c\x73\x2a\
\x5c\x5c\x28\x2e\x2a\x3f\x5c\x5c\x29\x29\x3f\x5b\x3b\x7b\x5d\x22\
\x2c\x65\x45\x3a\x21\x30\x2c\x72\x3a\x35\x2c\x63\x3a\x5b\x65\x2e\
\x54\x4d\x5d\x7d\x2c\x7b\x62\x3a\x22\x2d\x5c\x5c\x77\x5c\x5c\x62\
\x22\x2c\x72\x3a\x30\x7d\x2c\x7b\x62\x3a\x22\x5e\x5f\x5f\x44\x41\
\x54\x41\x5f\x5f\x24\x22\x2c\x65\x3a\x22\x5e\x5f\x5f\x45\x4e\x44\
\x5f\x5f\x24\x22\x2c\x73\x4c\x3a\x22\x6d\x6f\x6a\x6f\x6c\x69\x63\
\x69\x6f\x75\x73\x22\x2c\x63\x3a\x5b\x7b\x62\x3a\x22\x5e\x40\x40\
\x2e\x2a\x22\x2c\x65\x3a\x22\x24\x22\x2c\x63\x4e\x3a\x22\x63\x6f\
\x6d\x6d\x65\x6e\x74\x22\x7d\x5d\x7d\x5d\x3b\x72\x65\x74\x75\x72\
\x6e\x20\x72\x2e\x63\x3d\x73\x2c\x61\x2e\x63\x3d\x73\x2c\x7b\x61\
\x6c\x69\x61\x73\x65\x73\x3a\x5b\x22\x70\x6c\x22\x2c\x22\x70\x6d\
\x22\x5d\x2c\x6c\x3a\x2f\x5b\x5c\x77\x5c\x2e\x5d\x2b\x2f\x2c\x6b\
\x3a\x74\x2c\x63\x3a\x73\x7d\x7d\x29\x2c\x65\x2e\x72\x65\x67\x69\
\x73\x74\x65\x72\x4c\x61\x6e\x67\x75\x61\x67\x65\x28\x22\x70\x68\
\x70\x22\x2c\x66\x75\x6e\x63\x74\x69\x6f\x6e\x28\x65\x29\x7b\x76\
\x61\x72\x20\x74\x3d\x7b\x62\x3a\x22\x5c\x5c\x24\x2b\x5b\x61\x2d\
\x7a\x41\x2d\x5a\x5f\x7f\x2d\xc3\xbf\x5d\x5b\x61\x2d\x7a\x41\x2d\
\x5a\x30\x2d\x39\x5f\x7f\x2d\xc3\xbf\x5d\x2a\x22\x7d\x2c\x72\x3d\
\x7b\x63\x4e\x3a\x22\x6d\x65\x74\x61\x22\x2c\x62\x3a\x2f\x3c\x5c\
\x3f\x28\x70\x68\x70\x29\x3f\x7c\x5c\x3f\x3e\x2f\x7d\x2c\x61\x3d\
\x7b\x63\x4e\x3a\x22\x73\x74\x72\x69\x6e\x67\x22\x2c\x63\x3a\x5b\
\x65\x2e\x42\x45\x2c\x72\x5d\x2c\x76\x3a\x5b\x7b\x62\x3a\x27\x62\
\x22\x27\x2c\x65\x3a\x27\x22\x27\x7d\x2c\x7b\x62\x3a\x22\x62\x27\
\x22\x2c\x65\x3a\x22\x27\x22\x7d\x2c\x65\x2e\x69\x6e\x68\x65\x72\
\x69\x74\x28\x65\x2e\x41\x53\x4d\x2c\x7b\x69\x3a\x6e\x75\x6c\x6c\
\x7d\x29\x2c\x65\x2e\x69\x6e\x68\x65\x72\x69\x74\x28\x65\x2e\x51\
\x53\x4d\x2c\x7b\x69\x3a\x6e\x75\x6c\x6c\x7d\x29\x5d\x7d\x2c\x6e\
\x3d\x7b\x76\x3a\x5b\x65\x2e\x42\x4e\x4d\x2c\x65\x2e\x43\x4e\x4d\
\x5d\x7d\x3b\x72\x65\x74\x75\x72\x6e\x7b\x61\x6c\x69\x61\x73\x65\
\x73\x3a\x5b\x22\x70\x68\x70\x33\x22\x2c\x22\x70\x68\x70\x34\x22\
\x2c\x22\x70\x68\x70\x35\x22\x2c\x22\x70\x68\x70\x36\x22\x5d\x2c\
\x63\x49\x3a\x21\x30\x2c\x6b\x3a\x22\x61\x6e\x64\x20\x69\x6e\x63\
\x6c\x75\x64\x65\x5f\x6f\x6e\x63\x65\x20\x6c\x69\x73\x74\x20\x61\
\x62\x73\x74\x72\x61\x63\x74\x20\x67\x6c\x6f\x62\x61\x6c\x20\x70\
\x72\x69\x76\x61\x74\x65\x20\x65\x63\x68\x6f\x20\x69\x6e\x74\x65\
\x72\x66\x61\x63\x65\x20\x61\x73\x20\x73\x74\x61\x74\x69\x63\x20\
\x65\x6e\x64\x73\x77\x69\x74\x63\x68\x20\x61\x72\x72\x61\x79\x20\
\x6e\x75\x6c\x6c\x20\x69\x66\x20\x65\x6e\x64\x77\x68\x69\x6c\x65\
\x20\x6f\x72\x20\x63\x6f\x6e\x73\x74\x20\x66\x6f\x72\x20\x65\x6e\
\x64\x66\x6f\x72\x65\x61\x63\x68\x20\x73\x65\x6c\x66\x20\x76\x61\
\x72\x20\x77\x68\x69\x6c\x65\x20\x69\x73\x73\x65\x74\x20\x70\x75\
\x62\x6c\x69\x63\x20\x70\x72\x6f\x74\x65\x63\x74\x65\x64\x20\x65\
\x78\x69\x74\x20\x66\x6f\x72\x65\x61\x63\x68\x20\x74\x68\x72\x6f\
\x77\x20\x65\x6c\x73\x65\x69\x66\x20\x69\x6e\x63\x6c\x75\x64\x65\
\x20\x5f\x5f\x46\x49\x4c\x45\x5f\x5f\x20\x65\x6d\x70\x74\x79\x20\
\x72\x65\x71\x75\x69\x72\x65\x5f\x6f\x6e\x63\x65\x20\x64\x6f\x20\
\x78\x6f\x72\x20\x72\x65\x74\x75\x72\x6e\x20\x70\x61\x72\x65\x6e\
\x74\x20\x63\x6c\x6f\x6e\x65\x20\x75\x73\x65\x20\x5f\x5f\x43\x4c\
\x41\x53\x53\x5f\x5f\x20\x5f\x5f\x4c\x49\x4e\x45\x5f\x5f\x20\x65\
\x6c\x73\x65\x20\x62\x72\x65\x61\x6b\x20\x70\x72\x69\x6e\x74\x20\
\x65\x76\x61\x6c\x20\x6e\x65\x77\x20\x63\x61\x74\x63\x68\x20\x5f\
\x5f\x4d\x45\x54\x48\x4f\x44\x5f\x5f\x20\x63\x61\x73\x65\x20\x65\
\x78\x63\x65\x70\x74\x69\x6f\x6e\x20\x64\x65\x66\x61\x75\x6c\x74\
\x20\x64\x69\x65\x20\x72\x65\x71\x75\x69\x72\x65\x20\x5f\x5f\x46\
\x55\x4e\x43\x54\x49\x4f\x4e\x5f\x5f\x20\x65\x6e\x64\x64\x65\x63\
\x6c\x61\x72\x65\x20\x66\x69\x6e\x61\x6c\x20\x74\x72\x79\x20\x73\
\x77\x69\x74\x63\x68\x20\x63\x6f\x6e\x74\x69\x6e\x75\x65\x20\x65\
\x6e\x64\x66\x6f\x72\x20\x65\x6e\x64\x69\x66\x20\x64\x65\x63\x6c\
\x61\x72\x65\x20\x75\x6e\x73\x65\x74\x20\x74\x72\x75\x65\x20\x66\
\x61\x6c\x73\x65\x20\x74\x72\x61\x69\x74\x20\x67\x6f\x74\x6f\x20\
\x69\x6e\x73\x74\x61\x6e\x63\x65\x6f\x66\x20\x69\x6e\x73\x74\x65\
\x61\x64\x6f\x66\x20\x5f\x5f\x44\x49\x52\x5f\x5f\x20\x5f\x5f\x4e\
\x41\x4d\x45\x53\x50\x41\x43\x45\x5f\x5f\x20\x79\x69\x65\x6c\x64\
\x20\x66\x69\x6e\x61\x6c\x6c\x79\x22\x2c\x63\x3a\x5b\x65\x2e\x48\
\x43\x4d\x2c\x65\x2e\x43\x28\x22\x2f\x2f\x22\x2c\x22\x24\x22\x2c\
\x7b\x63\x3a\x5b\x72\x5d\x7d\x29\x2c\x65\x2e\x43\x28\x22\x2f\x5c\
\x5c\x2a\x22\x2c\x22\x5c\x5c\x2a\x2f\x22\x2c\x7b\x63\x3a\x5b\x7b\
\x63\x4e\x3a\x22\x64\x6f\x63\x74\x61\x67\x22\x2c\x62\x3a\x22\x40\
\x5b\x41\x2d\x5a\x61\x2d\x7a\x5d\x2b\x22\x7d\x5d\x7d\x29\x2c\x65\
\x2e\x43\x28\x22\x5f\x5f\x68\x61\x6c\x74\x5f\x63\x6f\x6d\x70\x69\
\x6c\x65\x72\x2e\x2b\x3f\x3b\x22\x2c\x21\x31\x2c\x7b\x65\x57\x3a\
\x21\x30\x2c\x6b\x3a\x22\x5f\x5f\x68\x61\x6c\x74\x5f\x63\x6f\x6d\
\x70\x69\x6c\x65\x72\x22\x2c\x6c\x3a\x65\x2e\x55\x49\x52\x7d\x29\
\x2c\x7b\x63\x4e\x3a\x22\x73\x74\x72\x69\x6e\x67\x22\x2c\x62\x3a\
\x2f\x3c\x3c\x3c\x5b\x27\x22\x5d\x3f\x5c\x77\x2b\x5b\x27\x22\x5d\
\x3f\x24\x2f\x2c\x65\x3a\x2f\x5e\x5c\x77\x2b\x3b\x3f\x24\x2f\x2c\
\x63\x3a\x5b\x65\x2e\x42\x45\x2c\x7b\x63\x4e\x3a\x22\x73\x75\x62\
\x73\x74\x22\x2c\x76\x3a\x5b\x7b\x62\x3a\x2f\x5c\x24\x5c\x77\x2b\
\x2f\x7d\x2c\x7b\x62\x3a\x2f\x5c\x7b\x5c\x24\x2f\x2c\x65\x3a\x2f\
\x5c\x7d\x2f\x7d\x5d\x7d\x5d\x7d\x2c\x72\x2c\x7b\x63\x4e\x3a\x22\
\x6b\x65\x79\x77\x6f\x72\x64\x22\x2c\x62\x3a\x2f\x5c\x24\x74\x68\
\x69\x73\x5c\x62\x2f\x7d\x2c\x74\x2c\x7b\x62\x3a\x2f\x28\x3a\x3a\
\x7c\x2d\x3e\x29\x2b\x5b\x61\x2d\x7a\x41\x2d\x5a\x5f\x5c\x78\x37\
\x66\x2d\x5c\x78\x66\x66\x5d\x5b\x61\x2d\x7a\x41\x2d\x5a\x30\x2d\
\x39\x5f\x5c\x78\x37\x66\x2d\x5c\x78\x66\x66\x5d\x2a\x2f\x7d\x2c\
\x7b\x63\x4e\x3a\x22\x66\x75\x6e\x63\x74\x69\x6f\x6e\x22\x2c\x62\
\x4b\x3a\x22\x66\x75\x6e\x63\x74\x69\x6f\x6e\x22\x2c\x65\x3a\x2f\
\x5b\x3b\x7b\x5d\x2f\x2c\x65\x45\x3a\x21\x30\x2c\x69\x3a\x22\x5c\
\x5c\x24\x7c\x5c\x5c\x5b\x7c\x25\x22\x2c\x63\x3a\x5b\x65\x2e\x55\
\x54\x4d\x2c\x7b\x63\x4e\x3a\x22\x70\x61\x72\x61\x6d\x73\x22\x2c\
\x62\x3a\x22\x5c\x5c\x28\x22\x2c\x65\x3a\x22\x5c\x5c\x29\x22\x2c\
\x63\x3a\x5b\x22\x73\x65\x6c\x66\x22\x2c\x74\x2c\x65\x2e\x43\x42\
\x43\x4d\x2c\x61\x2c\x6e\x5d\x7d\x5d\x7d\x2c\x7b\x63\x4e\x3a\x22\
\x63\x6c\x61\x73\x73\x22\x2c\x62\x4b\x3a\x22\x63\x6c\x61\x73\x73\
\x20\x69\x6e\x74\x65\x72\x66\x61\x63\x65\x22\x2c\x65\x3a\x22\x7b\
\x22\x2c\x65\x45\x3a\x21\x30\x2c\x69\x3a\x2f\x5b\x3a\x5c\x28\x5c\
\x24\x22\x5d\x2f\x2c\x63\x3a\x5b\x7b\x62\x4b\x3a\x22\x65\x78\x74\
\x65\x6e\x64\x73\x20\x69\x6d\x70\x6c\x65\x6d\x65\x6e\x74\x73\x22\
\x7d\x2c\x65\x2e\x55\x54\x4d\x5d\x7d\x2c\x7b\x62\x4b\x3a\x22\x6e\
\x61\x6d\x65\x73\x70\x61\x63\x65\x22\x2c\x65\x3a\x22\x3b\x22\x2c\
\x69\x3a\x2f\x5b\x5c\x2e\x27\x5d\x2f\x2c\x63\x3a\x5b\x65\x2e\x55\
\x54\x4d\x5d\x7d\x2c\x7b\x62\x4b\x3a\x22\x75\x73\x65\x22\x2c\x65\
\x3a\x22\x3b\x22\x2c\x63\x3a\x5b\x65\x2e\x55\x54\x4d\x5d\x7d\x2c\
\x7b\x62\x3a\x22\x3d\x3e\x22\x7d\x2c\x61\x2c\x6e\x5d\x7d\x7d\x29\
\x2c\x65\x2e\x72\x65\x67\x69\x73\x74\x65\x72\x4c\x61\x6e\x67\x75\
\x61\x67\x65\x28\x22\x70\x79\x74\x68\x6f\x6e\x22\x2c\x66\x75\x6e\
\x63\x74\x69\x6f\x6e\x28\x65\x29\x7b\x76\x61\x72\x20\x74\x3d\x7b\
\x6b\x65\x79\x77\x6f\x72\x64\x3a\x22\x61\x6e\x64\x20\x65\x6c\x69\
\x66\x20\x69\x73\x20\x67\x6c\x6f\x62\x61\x6c\x20\x61\x73\x20\x69\
\x6e\x20\x69\x66\x20\x66\x72\x6f\x6d\x20\x72\x61\x69\x73\x65\x20\
\x66\x6f\x72\x20\x65\x78\x63\x65\x70\x74\x20\x66\x69\x6e\x61\x6c\
\x6c\x79\x20\x70\x72\x69\x6e\x74\x20\x69\x6d\x70\x6f\x72\x74\x20\
\x70\x61\x73\x73\x20\x72\x65\x74\x75\x72\x6e\x20\x65\x78\x65\x63\
\x20\x65\x6c\x73\x65\x20\x62\x72\x65\x61\x6b\x20\x6e\x6f\x74\x20\
\x77\x69\x74\x68\x20\x63\x6c\x61\x73\x73\x20\x61\x73\x73\x65\x72\
\x74\x20\x79\x69\x65\x6c\x64\x20\x74\x72\x79\x20\x77\x68\x69\x6c\
\x65\x20\x63\x6f\x6e\x74\x69\x6e\x75\x65\x20\x64\x65\x6c\x20\x6f\
\x72\x20\x64\x65\x66\x20\x6c\x61\x6d\x62\x64\x61\x20\x61\x73\x79\
\x6e\x63\x20\x61\x77\x61\x69\x74\x20\x6e\x6f\x6e\x6c\x6f\x63\x61\
\x6c\x7c\x31\x30\x20\x4e\x6f\x6e\x65\x20\x54\x72\x75\x65\x20\x46\
\x61\x6c\x73\x65\x22\x2c\x62\x75\x69\x6c\x74\x5f\x69\x6e\x3a\x22\
\x45\x6c\x6c\x69\x70\x73\x69\x73\x20\x4e\x6f\x74\x49\x6d\x70\x6c\
\x65\x6d\x65\x6e\x74\x65\x64\x22\x7d\x2c\x72\x3d\x7b\x63\x4e\x3a\
\x22\x6d\x65\x74\x61\x22\x2c\x62\x3a\x2f\x5e\x28\x3e\x3e\x3e\x7c\
\x5c\x2e\x5c\x2e\x5c\x2e\x29\x20\x2f\x7d\x2c\x61\x3d\x7b\x63\x4e\
\x3a\x22\x73\x75\x62\x73\x74\x22\x2c\x62\x3a\x2f\x5c\x7b\x2f\x2c\
\x65\x3a\x2f\x5c\x7d\x2f\x2c\x6b\x3a\x74\x2c\x69\x3a\x2f\x23\x2f\
\x7d\x2c\x6e\x3d\x7b\x63\x4e\x3a\x22\x73\x74\x72\x69\x6e\x67\x22\
\x2c\x63\x3a\x5b\x65\x2e\x42\x45\x5d\x2c\x76\x3a\x5b\x7b\x62\x3a\
\x2f\x28\x75\x7c\x62\x29\x3f\x72\x3f\x27\x27\x27\x2f\x2c\x65\x3a\
\x2f\x27\x27\x27\x2f\x2c\x63\x3a\x5b\x72\x5d\x2c\x72\x3a\x31\x30\
\x7d\x2c\x7b\x62\x3a\x2f\x28\x75\x7c\x62\x29\x3f\x72\x3f\x22\x22\
\x22\x2f\x2c\x65\x3a\x2f\x22\x22\x22\x2f\x2c\x63\x3a\x5b\x72\x5d\
\x2c\x72\x3a\x31\x30\x7d\x2c\x7b\x62\x3a\x2f\x28\x66\x72\x7c\x72\
\x66\x7c\x66\x29\x27\x27\x27\x2f\x2c\x65\x3a\x2f\x27\x27\x27\x2f\
\x2c\x63\x3a\x5b\x72\x2c\x61\x5d\x7d\x2c\x7b\x62\x3a\x2f\x28\x66\
\x72\x7c\x72\x66\x7c\x66\x29\x22\x22\x22\x2f\x2c\x65\x3a\x2f\x22\
\x22\x22\x2f\x2c\x63\x3a\x5b\x72\x2c\x61\x5d\x7d\x2c\x7b\x62\x3a\
\x2f\x28\x75\x7c\x72\x7c\x75\x72\x29\x27\x2f\x2c\x65\x3a\x2f\x27\
\x2f\x2c\x72\x3a\x31\x30\x7d\x2c\x7b\x62\x3a\x2f\x28\x75\x7c\x72\
\x7c\x75\x72\x29\x22\x2f\x2c\x65\x3a\x2f\x22\x2f\x2c\x72\x3a\x31\
\x30\x7d\x2c\x7b\x62\x3a\x2f\x28\x62\x7c\x62\x72\x29\x27\x2f\x2c\
\x65\x3a\x2f\x27\x2f\x7d\x2c\x7b\x62\x3a\x2f\x28\x62\x7c\x62\x72\
\x29\x22\x2f\x2c\x65\x3a\x2f\x22\x2f\x7d\x2c\x7b\x62\x3a\x2f\x28\
\x66\x72\x7c\x72\x66\x7c\x66\x29\x27\x2f\x2c\x65\x3a\x2f\x27\x2f\
\x2c\x63\x3a\x5b\x61\x5d\x7d\x2c\x7b\x62\x3a\x2f\x28\x66\x72\x7c\
\x72\x66\x7c\x66\x29\x22\x2f\x2c\x65\x3a\x2f\x22\x2f\x2c\x63\x3a\
\x5b\x61\x5d\x7d\x2c\x65\x2e\x41\x53\x4d\x2c\x65\x2e\x51\x53\x4d\
\x5d\x7d\x2c\x69\x3d\x7b\x63\x4e\x3a\x22\x6e\x75\x6d\x62\x65\x72\
\x22\x2c\x72\x3a\x30\x2c\x76\x3a\x5b\x7b\x62\x3a\x65\x2e\x42\x4e\
\x52\x2b\x22\x5b\x6c\x4c\x6a\x4a\x5d\x3f\x22\x7d\x2c\x7b\x62\x3a\
\x22\x5c\x5c\x62\x28\x30\x6f\x5b\x30\x2d\x37\x5d\x2b\x29\x5b\x6c\
\x4c\x6a\x4a\x5d\x3f\x22\x7d\x2c\x7b\x62\x3a\x65\x2e\x43\x4e\x52\
\x2b\x22\x5b\x6c\x4c\x6a\x4a\x5d\x3f\x22\x7d\x5d\x7d\x2c\x73\x3d\
\x7b\x63\x4e\x3a\x22\x70\x61\x72\x61\x6d\x73\x22\x2c\x62\x3a\x2f\
\x5c\x28\x2f\x2c\x65\x3a\x2f\x5c\x29\x2f\x2c\x63\x3a\x5b\x22\x73\
\x65\x6c\x66\x22\x2c\x72\x2c\x69\x2c\x6e\x5d\x7d\x3b\x72\x65\x74\
\x75\x72\x6e\x20\x61\x2e\x63\x3d\x5b\x6e\x2c\x69\x2c\x72\x5d\x2c\
\x7b\x61\x6c\x69\x61\x73\x65\x73\x3a\x5b\x22\x70\x79\x22\x2c\x22\
\x67\x79\x70\x22\x5d\x2c\x6b\x3a\x74\x2c\x69\x3a\x2f\x28\x3c\x5c\
\x2f\x7c\x2d\x3e\x7c\x5c\x3f\x29\x7c\x3d\x3e\x2f\x2c\x63\x3a\x5b\
\x72\x2c\x69\x2c\x6e\x2c\x65\x2e\x48\x43\x4d\x2c\x7b\x76\x3a\x5b\
\x7b\x63\x4e\x3a\x22\x66\x75\x6e\x63\x74\x69\x6f\x6e\x22\x2c\x62\
\x4b\x3a\x22\x64\x65\x66\x22\x7d\x2c\x7b\x63\x4e\x3a\x22\x63\x6c\
\x61\x73\x73\x22\x2c\x62\x4b\x3a\x22\x63\x6c\x61\x73\x73\x22\x7d\
\x5d\x2c\x65\x3a\x2f\x3a\x2f\x2c\x69\x3a\x2f\x5b\x24\x7b\x3d\x3b\
\x5c\x6e\x2c\x5d\x2f\x2c\x63\x3a\x5b\x65\x2e\x55\x54\x4d\x2c\x73\
\x2c\x7b\x62\x3a\x2f\x2d\x3e\x2f\x2c\x65\x57\x3a\x21\x30\x2c\x6b\
\x3a\x22\x4e\x6f\x6e\x65\x22\x7d\x5d\x7d\x2c\x7b\x63\x4e\x3a\x22\
\x6d\x65\x74\x61\x22\x2c\x62\x3a\x2f\x5e\x5b\x5c\x74\x20\x5d\x2a\
\x40\x2f\x2c\x65\x3a\x2f\x24\x2f\x7d\x2c\x7b\x62\x3a\x2f\x5c\x62\
\x28\x70\x72\x69\x6e\x74\x7c\x65\x78\x65\x63\x29\x5c\x28\x2f\x7d\
\x5d\x7d\x7d\x29\x2c\x65\x2e\x72\x65\x67\x69\x73\x74\x65\x72\x4c\
\x61\x6e\x67\x75\x61\x67\x65\x28\x22\x72\x75\x62\x79\x22\x2c\x66\
\x75\x6e\x63\x74\x69\x6f\x6e\x28\x65\x29\x7b\x0a\x76\x61\x72\x20\
\x74\x3d\x22\x5b\x61\x2d\x7a\x41\x2d\x5a\x5f\x5d\x5c\x5c\x77\x2a\
\x5b\x21\x3f\x3d\x5d\x3f\x7c\x5b\x2d\x2b\x7e\x5d\x5c\x5c\x40\x7c\
\x3c\x3c\x7c\x3e\x3e\x7c\x3d\x7e\x7c\x3d\x3d\x3d\x3f\x7c\x3c\x3d\
\x3e\x7c\x5b\x3c\x3e\x5d\x3d\x3f\x7c\x5c\x5c\x2a\x5c\x5c\x2a\x7c\
\x5b\x2d\x2f\x2b\x25\x5e\x26\x2a\x7e\x60\x7c\x5d\x7c\x5c\x5c\x5b\
\x5c\x5c\x5d\x3d\x3f\x22\x2c\x72\x3d\x7b\x6b\x65\x79\x77\x6f\x72\
\x64\x3a\x22\x61\x6e\x64\x20\x74\x68\x65\x6e\x20\x64\x65\x66\x69\
\x6e\x65\x64\x20\x6d\x6f\x64\x75\x6c\x65\x20\x69\x6e\x20\x72\x65\
\x74\x75\x72\x6e\x20\x72\x65\x64\x6f\x20\x69\x66\x20\x42\x45\x47\
\x49\x4e\x20\x72\x65\x74\x72\x79\x20\x65\x6e\x64\x20\x66\x6f\x72\
\x20\x73\x65\x6c\x66\x20\x77\x68\x65\x6e\x20\x6e\x65\x78\x74\x20\
\x75\x6e\x74\x69\x6c\x20\x64\x6f\x20\x62\x65\x67\x69\x6e\x20\x75\
\x6e\x6c\x65\x73\x73\x20\x45\x4e\x44\x20\x72\x65\x73\x63\x75\x65\
\x20\x65\x6c\x73\x65\x20\x62\x72\x65\x61\x6b\x20\x75\x6e\x64\x65\
\x66\x20\x6e\x6f\x74\x20\x73\x75\x70\x65\x72\x20\x63\x6c\x61\x73\
\x73\x20\x63\x61\x73\x65\x20\x72\x65\x71\x75\x69\x72\x65\x20\x79\
\x69\x65\x6c\x64\x20\x61\x6c\x69\x61\x73\x20\x77\x68\x69\x6c\x65\
\x20\x65\x6e\x73\x75\x72\x65\x20\x65\x6c\x73\x69\x66\x20\x6f\x72\
\x20\x69\x6e\x63\x6c\x75\x64\x65\x20\x61\x74\x74\x72\x5f\x72\x65\
\x61\x64\x65\x72\x20\x61\x74\x74\x72\x5f\x77\x72\x69\x74\x65\x72\
\x20\x61\x74\x74\x72\x5f\x61\x63\x63\x65\x73\x73\x6f\x72\x22\x2c\
\x6c\x69\x74\x65\x72\x61\x6c\x3a\x22\x74\x72\x75\x65\x20\x66\x61\
\x6c\x73\x65\x20\x6e\x69\x6c\x22\x7d\x2c\x61\x3d\x7b\x63\x4e\x3a\
\x22\x64\x6f\x63\x74\x61\x67\x22\x2c\x62\x3a\x22\x40\x5b\x41\x2d\
\x5a\x61\x2d\x7a\x5d\x2b\x22\x7d\x2c\x6e\x3d\x7b\x62\x3a\x22\x23\
\x3c\x22\x2c\x65\x3a\x22\x3e\x22\x7d\x2c\x69\x3d\x5b\x65\x2e\x43\
\x28\x22\x23\x22\x2c\x22\x24\x22\x2c\x7b\x63\x3a\x5b\x61\x5d\x7d\
\x29\x2c\x65\x2e\x43\x28\x22\x5e\x5c\x5c\x3d\x62\x65\x67\x69\x6e\
\x22\x2c\x22\x5e\x5c\x5c\x3d\x65\x6e\x64\x22\x2c\x7b\x63\x3a\x5b\
\x61\x5d\x2c\x72\x3a\x31\x30\x7d\x29\x2c\x65\x2e\x43\x28\x22\x5e\
\x5f\x5f\x45\x4e\x44\x5f\x5f\x22\x2c\x22\x5c\x5c\x6e\x24\x22\x29\
\x5d\x2c\x73\x3d\x7b\x63\x4e\x3a\x22\x73\x75\x62\x73\x74\x22\x2c\
\x62\x3a\x22\x23\x5c\x5c\x7b\x22\x2c\x65\x3a\x22\x7d\x22\x2c\x6b\
\x3a\x72\x7d\x2c\x63\x3d\x7b\x63\x4e\x3a\x22\x73\x74\x72\x69\x6e\
\x67\x22\x2c\x63\x3a\x5b\x65\x2e\x42\x45\x2c\x73\x5d\x2c\x76\x3a\
\x5b\x7b\x62\x3a\x2f\x27\x2f\x2c\x65\x3a\x2f\x27\x2f\x7d\x2c\x7b\
\x62\x3a\x2f\x22\x2f\x2c\x65\x3a\x2f\x22\x2f\x7d\x2c\x7b\x62\x3a\
\x2f\x60\x2f\x2c\x65\x3a\x2f\x60\x2f\x7d\x2c\x7b\x62\x3a\x22\x25\
\x5b\x71\x51\x77\x57\x78\x5d\x3f\x5c\x5c\x28\x22\x2c\x65\x3a\x22\
\x5c\x5c\x29\x22\x7d\x2c\x7b\x62\x3a\x22\x25\x5b\x71\x51\x77\x57\
\x78\x5d\x3f\x5c\x5c\x5b\x22\x2c\x65\x3a\x22\x5c\x5c\x5d\x22\x7d\
\x2c\x7b\x62\x3a\x22\x25\x5b\x71\x51\x77\x57\x78\x5d\x3f\x7b\x22\
\x2c\x65\x3a\x22\x7d\x22\x7d\x2c\x7b\x62\x3a\x22\x25\x5b\x71\x51\
\x77\x57\x78\x5d\x3f\x3c\x22\x2c\x65\x3a\x22\x3e\x22\x7d\x2c\x7b\
\x62\x3a\x22\x25\x5b\x71\x51\x77\x57\x78\x5d\x3f\x2f\x22\x2c\x65\
\x3a\x22\x2f\x22\x7d\x2c\x7b\x62\x3a\x22\x25\x5b\x71\x51\x77\x57\
\x78\x5d\x3f\x25\x22\x2c\x65\x3a\x22\x25\x22\x7d\x2c\x7b\x62\x3a\
\x22\x25\x5b\x71\x51\x77\x57\x78\x5d\x3f\x2d\x22\x2c\x65\x3a\x22\
\x2d\x22\x7d\x2c\x7b\x62\x3a\x22\x25\x5b\x71\x51\x77\x57\x78\x5d\
\x3f\x5c\x5c\x7c\x22\x2c\x65\x3a\x22\x5c\x5c\x7c\x22\x7d\x2c\x7b\
\x62\x3a\x2f\x5c\x42\x5c\x3f\x28\x5c\x5c\x5c\x64\x7b\x31\x2c\x33\
\x7d\x7c\x5c\x5c\x78\x5b\x41\x2d\x46\x61\x2d\x66\x30\x2d\x39\x5d\
\x7b\x31\x2c\x32\x7d\x7c\x5c\x5c\x75\x5b\x41\x2d\x46\x61\x2d\x66\
\x30\x2d\x39\x5d\x7b\x34\x7d\x7c\x5c\x5c\x3f\x5c\x53\x29\x5c\x62\
\x2f\x7d\x2c\x7b\x62\x3a\x2f\x3c\x3c\x28\x2d\x3f\x29\x5c\x77\x2b\
\x24\x2f\x2c\x65\x3a\x2f\x5e\x5c\x73\x2a\x5c\x77\x2b\x24\x2f\x7d\
\x5d\x7d\x2c\x6f\x3d\x7b\x63\x4e\x3a\x22\x70\x61\x72\x61\x6d\x73\
\x22\x2c\x62\x3a\x22\x5c\x5c\x28\x22\x2c\x65\x3a\x22\x5c\x5c\x29\
\x22\x2c\x65\x6e\x64\x73\x50\x61\x72\x65\x6e\x74\x3a\x21\x30\x2c\
\x6b\x3a\x72\x7d\x2c\x6c\x3d\x5b\x63\x2c\x6e\x2c\x7b\x63\x4e\x3a\
\x22\x63\x6c\x61\x73\x73\x22\x2c\x62\x4b\x3a\x22\x63\x6c\x61\x73\
\x73\x20\x6d\x6f\x64\x75\x6c\x65\x22\x2c\x65\x3a\x22\x24\x7c\x3b\
\x22\x2c\x69\x3a\x2f\x3d\x2f\x2c\x63\x3a\x5b\x65\x2e\x69\x6e\x68\
\x65\x72\x69\x74\x28\x65\x2e\x54\x4d\x2c\x7b\x62\x3a\x22\x5b\x41\
\x2d\x5a\x61\x2d\x7a\x5f\x5d\x5c\x5c\x77\x2a\x28\x3a\x3a\x5c\x5c\
\x77\x2b\x29\x2a\x28\x5c\x5c\x3f\x7c\x5c\x5c\x21\x29\x3f\x22\x7d\
\x29\x2c\x7b\x62\x3a\x22\x3c\x5c\x5c\x73\x2a\x22\x2c\x63\x3a\x5b\
\x7b\x62\x3a\x22\x28\x22\x2b\x65\x2e\x49\x52\x2b\x22\x3a\x3a\x29\
\x3f\x22\x2b\x65\x2e\x49\x52\x7d\x5d\x7d\x5d\x2e\x63\x6f\x6e\x63\
\x61\x74\x28\x69\x29\x7d\x2c\x7b\x63\x4e\x3a\x22\x66\x75\x6e\x63\
\x74\x69\x6f\x6e\x22\x2c\x62\x4b\x3a\x22\x64\x65\x66\x22\x2c\x65\
\x3a\x22\x24\x7c\x3b\x22\x2c\x63\x3a\x5b\x65\x2e\x69\x6e\x68\x65\
\x72\x69\x74\x28\x65\x2e\x54\x4d\x2c\x7b\x62\x3a\x74\x7d\x29\x2c\
\x6f\x5d\x2e\x63\x6f\x6e\x63\x61\x74\x28\x69\x29\x7d\x2c\x7b\x62\
\x3a\x65\x2e\x49\x52\x2b\x22\x3a\x3a\x22\x7d\x2c\x7b\x63\x4e\x3a\
\x22\x73\x79\x6d\x62\x6f\x6c\x22\x2c\x62\x3a\x65\x2e\x55\x49\x52\
\x2b\x22\x28\x5c\x5c\x21\x7c\x5c\x5c\x3f\x29\x3f\x3a\x22\x2c\x72\
\x3a\x30\x7d\x2c\x7b\x63\x4e\x3a\x22\x73\x79\x6d\x62\x6f\x6c\x22\
\x2c\x62\x3a\x22\x3a\x28\x3f\x21\x5c\x5c\x73\x29\x22\x2c\x63\x3a\
\x5b\x63\x2c\x7b\x62\x3a\x74\x7d\x5d\x2c\x72\x3a\x30\x7d\x2c\x7b\
\x63\x4e\x3a\x22\x6e\x75\x6d\x62\x65\x72\x22\x2c\x62\x3a\x22\x28\
\x5c\x5c\x62\x30\x5b\x30\x2d\x37\x5f\x5d\x2b\x29\x7c\x28\x5c\x5c\
\x62\x30\x78\x5b\x30\x2d\x39\x61\x2d\x66\x41\x2d\x46\x5f\x5d\x2b\
\x29\x7c\x28\x5c\x5c\x62\x5b\x31\x2d\x39\x5d\x5b\x30\x2d\x39\x5f\
\x5d\x2a\x28\x5c\x5c\x2e\x5b\x30\x2d\x39\x5f\x5d\x2b\x29\x3f\x29\
\x7c\x5b\x30\x5f\x5d\x5c\x5c\x62\x22\x2c\x72\x3a\x30\x7d\x2c\x7b\
\x62\x3a\x22\x28\x5c\x5c\x24\x5c\x5c\x57\x29\x7c\x28\x28\x5c\x5c\
\x24\x7c\x5c\x5c\x40\x5c\x5c\x40\x3f\x29\x28\x5c\x5c\x77\x2b\x29\
\x29\x22\x7d\x2c\x7b\x63\x4e\x3a\x22\x70\x61\x72\x61\x6d\x73\x22\
\x2c\x62\x3a\x2f\x5c\x7c\x2f\x2c\x65\x3a\x2f\x5c\x7c\x2f\x2c\x6b\
\x3a\x72\x7d\x2c\x7b\x62\x3a\x22\x28\x22\x2b\x65\x2e\x52\x53\x52\
\x2b\x22\x7c\x75\x6e\x6c\x65\x73\x73\x29\x5c\x5c\x73\x2a\x22\x2c\
\x6b\x3a\x22\x75\x6e\x6c\x65\x73\x73\x22\x2c\x63\x3a\x5b\x6e\x2c\
\x7b\x63\x4e\x3a\x22\x72\x65\x67\x65\x78\x70\x22\x2c\x63\x3a\x5b\
\x65\x2e\x42\x45\x2c\x73\x5d\x2c\x69\x3a\x2f\x5c\x6e\x2f\x2c\x76\
\x3a\x5b\x7b\x62\x3a\x22\x2f\x22\x2c\x65\x3a\x22\x2f\x5b\x61\x2d\
\x7a\x5d\x2a\x22\x7d\x2c\x7b\x62\x3a\x22\x25\x72\x7b\x22\x2c\x65\
\x3a\x22\x7d\x5b\x61\x2d\x7a\x5d\x2a\x22\x7d\x2c\x7b\x62\x3a\x22\
\x25\x72\x5c\x5c\x28\x22\x2c\x65\x3a\x22\x5c\x5c\x29\x5b\x61\x2d\
\x7a\x5d\x2a\x22\x7d\x2c\x7b\x62\x3a\x22\x25\x72\x21\x22\x2c\x65\
\x3a\x22\x21\x5b\x61\x2d\x7a\x5d\x2a\x22\x7d\x2c\x7b\x62\x3a\x22\
\x25\x72\x5c\x5c\x5b\x22\x2c\x65\x3a\x22\x5c\x5c\x5d\x5b\x61\x2d\
\x7a\x5d\x2a\x22\x7d\x5d\x7d\x5d\x2e\x63\x6f\x6e\x63\x61\x74\x28\
\x69\x29\x2c\x72\x3a\x30\x7d\x5d\x2e\x63\x6f\x6e\x63\x61\x74\x28\
\x69\x29\x3b\x73\x2e\x63\x3d\x6c\x2c\x6f\x2e\x63\x3d\x6c\x3b\x76\
\x61\x72\x20\x75\x3d\x22\x5b\x3e\x3f\x5d\x3e\x22\x2c\x64\x3d\x22\
\x5b\x5c\x5c\x77\x23\x5d\x2b\x5c\x5c\x28\x5c\x5c\x77\x2b\x5c\x5c\
\x29\x3a\x5c\x5c\x64\x2b\x3a\x5c\x5c\x64\x2b\x3e\x22\x2c\x62\x3d\
\x22\x28\x5c\x5c\x77\x2b\x2d\x29\x3f\x5c\x5c\x64\x2b\x5c\x5c\x2e\
\x5c\x5c\x64\x2b\x5c\x5c\x2e\x5c\x5c\x64\x28\x70\x5c\x5c\x64\x2b\
\x29\x3f\x5b\x5e\x3e\x5d\x2b\x3e\x22\x2c\x70\x3d\x5b\x7b\x62\x3a\
\x2f\x5e\x5c\x73\x2a\x3d\x3e\x2f\x2c\x73\x74\x61\x72\x74\x73\x3a\
\x7b\x65\x3a\x22\x24\x22\x2c\x63\x3a\x6c\x7d\x7d\x2c\x7b\x63\x4e\
\x3a\x22\x6d\x65\x74\x61\x22\x2c\x62\x3a\x22\x5e\x28\x22\x2b\x75\
\x2b\x22\x7c\x22\x2b\x64\x2b\x22\x7c\x22\x2b\x62\x2b\x22\x29\x22\
\x2c\x73\x74\x61\x72\x74\x73\x3a\x7b\x65\x3a\x22\x24\x22\x2c\x63\
\x3a\x6c\x7d\x7d\x5d\x3b\x72\x65\x74\x75\x72\x6e\x7b\x61\x6c\x69\
\x61\x73\x65\x73\x3a\x5b\x22\x72\x62\x22\x2c\x22\x67\x65\x6d\x73\
\x70\x65\x63\x22\x2c\x22\x70\x6f\x64\x73\x70\x65\x63\x22\x2c\x22\
\x74\x68\x6f\x72\x22\x2c\x22\x69\x72\x62\x22\x5d\x2c\x6b\x3a\x72\
\x2c\x69\x3a\x2f\x5c\x2f\x5c\x2a\x2f\x2c\x63\x3a\x69\x2e\x63\x6f\
\x6e\x63\x61\x74\x28\x70\x29\x2e\x63\x6f\x6e\x63\x61\x74\x28\x6c\
\x29\x7d\x7d\x29\x2c\x65\x2e\x72\x65\x67\x69\x73\x74\x65\x72\x4c\
\x61\x6e\x67\x75\x61\x67\x65\x28\x22\x73\x68\x65\x6c\x6c\x22\x2c\
\x66\x75\x6e\x63\x74\x69\x6f\x6e\x28\x65\x29\x7b\x72\x65\x74\x75\
\x72\x6e\x7b\x61\x6c\x69\x61\x73\x65\x73\x3a\x5b\x22\x63\x6f\x6e\
\x73\x6f\x6c\x65\x22\x5d\x2c\x63\x3a\x5b\x7b\x63\x4e\x3a\x22\x6d\
\x65\x74\x61\x22\x2c\x62\x3a\x22\x5e\x5c\x5c\x73\x7b\x30\x2c\x33\
\x7d\x5b\x5c\x5c\x77\x5c\x5c\x64\x5c\x5c\x5b\x5c\x5c\x5d\x28\x29\
\x40\x2d\x5d\x2a\x5b\x3e\x25\x24\x23\x5d\x22\x2c\x73\x74\x61\x72\
\x74\x73\x3a\x7b\x65\x3a\x22\x24\x22\x2c\x73\x4c\x3a\x22\x62\x61\
\x73\x68\x22\x7d\x7d\x5d\x7d\x7d\x29\x2c\x65\x2e\x72\x65\x67\x69\
\x73\x74\x65\x72\x4c\x61\x6e\x67\x75\x61\x67\x65\x28\x22\x73\x71\
\x6c\x22\x2c\x66\x75\x6e\x63\x74\x69\x6f\x6e\x28\x65\x29\x7b\x76\
\x61\x72\x20\x74\x3d\x65\x2e\x43\x28\x22\x2d\x2d\x22\x2c\x22\x24\
\x22\x29\x3b\x72\x65\x74\x75\x72\x6e\x7b\x63\x49\x3a\x21\x30\x2c\
\x69\x3a\x2f\x5b\x3c\x3e\x7b\x7d\x2a\x23\x5d\x2f\x2c\x63\x3a\x5b\
\x7b\x62\x4b\x3a\x22\x62\x65\x67\x69\x6e\x20\x65\x6e\x64\x20\x73\
\x74\x61\x72\x74\x20\x63\x6f\x6d\x6d\x69\x74\x20\x72\x6f\x6c\x6c\
\x62\x61\x63\x6b\x20\x73\x61\x76\x65\x70\x6f\x69\x6e\x74\x20\x6c\
\x6f\x63\x6b\x20\x61\x6c\x74\x65\x72\x20\x63\x72\x65\x61\x74\x65\
\x20\x64\x72\x6f\x70\x20\x72\x65\x6e\x61\x6d\x65\x20\x63\x61\x6c\
\x6c\x20\x64\x65\x6c\x65\x74\x65\x20\x64\x6f\x20\x68\x61\x6e\x64\
\x6c\x65\x72\x20\x69\x6e\x73\x65\x72\x74\x20\x6c\x6f\x61\x64\x20\
\x72\x65\x70\x6c\x61\x63\x65\x20\x73\x65\x6c\x65\x63\x74\x20\x74\
\x72\x75\x6e\x63\x61\x74\x65\x20\x75\x70\x64\x61\x74\x65\x20\x73\
\x65\x74\x20\x73\x68\x6f\x77\x20\x70\x72\x61\x67\x6d\x61\x20\x67\
\x72\x61\x6e\x74\x20\x6d\x65\x72\x67\x65\x20\x64\x65\x73\x63\x72\
\x69\x62\x65\x20\x75\x73\x65\x20\x65\x78\x70\x6c\x61\x69\x6e\x20\
\x68\x65\x6c\x70\x20\x64\x65\x63\x6c\x61\x72\x65\x20\x70\x72\x65\
\x70\x61\x72\x65\x20\x65\x78\x65\x63\x75\x74\x65\x20\x64\x65\x61\
\x6c\x6c\x6f\x63\x61\x74\x65\x20\x72\x65\x6c\x65\x61\x73\x65\x20\
\x75\x6e\x6c\x6f\x63\x6b\x20\x70\x75\x72\x67\x65\x20\x72\x65\x73\
\x65\x74\x20\x63\x68\x61\x6e\x67\x65\x20\x73\x74\x6f\x70\x20\x61\
\x6e\x61\x6c\x79\x7a\x65\x20\x63\x61\x63\x68\x65\x20\x66\x6c\x75\
\x73\x68\x20\x6f\x70\x74\x69\x6d\x69\x7a\x65\x20\x72\x65\x70\x61\
\x69\x72\x20\x6b\x69\x6c\x6c\x20\x69\x6e\x73\x74\x61\x6c\x6c\x20\
\x75\x6e\x69\x6e\x73\x74\x61\x6c\x6c\x20\x63\x68\x65\x63\x6b\x73\
\x75\x6d\x20\x72\x65\x73\x74\x6f\x72\x65\x20\x63\x68\x65\x63\x6b\
\x20\x62\x61\x63\x6b\x75\x70\x20\x72\x65\x76\x6f\x6b\x65\x20\x63\
\x6f\x6d\x6d\x65\x6e\x74\x22\x2c\x65\x3a\x2f\x3b\x2f\x2c\x65\x57\
\x3a\x21\x30\x2c\x6c\x3a\x2f\x5b\x5c\x77\x5c\x2e\x5d\x2b\x2f\x2c\
\x6b\x3a\x7b\x6b\x65\x79\x77\x6f\x72\x64\x3a\x22\x61\x62\x6f\x72\
\x74\x20\x61\x62\x73\x20\x61\x62\x73\x6f\x6c\x75\x74\x65\x20\x61\
\x63\x63\x20\x61\x63\x63\x65\x20\x61\x63\x63\x65\x70\x20\x61\x63\
\x63\x65\x70\x74\x20\x61\x63\x63\x65\x73\x73\x20\x61\x63\x63\x65\
\x73\x73\x65\x64\x20\x61\x63\x63\x65\x73\x73\x69\x62\x6c\x65\x20\
\x61\x63\x63\x6f\x75\x6e\x74\x20\x61\x63\x6f\x73\x20\x61\x63\x74\
\x69\x6f\x6e\x20\x61\x63\x74\x69\x76\x61\x74\x65\x20\x61\x64\x64\
\x20\x61\x64\x64\x74\x69\x6d\x65\x20\x61\x64\x6d\x69\x6e\x20\x61\
\x64\x6d\x69\x6e\x69\x73\x74\x65\x72\x20\x61\x64\x76\x61\x6e\x63\
\x65\x64\x20\x61\x64\x76\x69\x73\x65\x20\x61\x65\x73\x5f\x64\x65\
\x63\x72\x79\x70\x74\x20\x61\x65\x73\x5f\x65\x6e\x63\x72\x79\x70\
\x74\x20\x61\x66\x74\x65\x72\x20\x61\x67\x65\x6e\x74\x20\x61\x67\
\x67\x72\x65\x67\x61\x74\x65\x20\x61\x6c\x69\x20\x61\x6c\x69\x61\
\x20\x61\x6c\x69\x61\x73\x20\x61\x6c\x6c\x6f\x63\x61\x74\x65\x20\
\x61\x6c\x6c\x6f\x77\x20\x61\x6c\x74\x65\x72\x20\x61\x6c\x77\x61\
\x79\x73\x20\x61\x6e\x61\x6c\x79\x7a\x65\x20\x61\x6e\x63\x69\x6c\
\x6c\x61\x72\x79\x20\x61\x6e\x64\x20\x61\x6e\x79\x20\x61\x6e\x79\
\x64\x61\x74\x61\x20\x61\x6e\x79\x64\x61\x74\x61\x73\x65\x74\x20\
\x61\x6e\x79\x73\x63\x68\x65\x6d\x61\x20\x61\x6e\x79\x74\x79\x70\
\x65\x20\x61\x70\x70\x6c\x79\x20\x61\x72\x63\x68\x69\x76\x65\x20\
\x61\x72\x63\x68\x69\x76\x65\x64\x20\x61\x72\x63\x68\x69\x76\x65\
\x6c\x6f\x67\x20\x61\x72\x65\x20\x61\x73\x20\x61\x73\x63\x20\x61\
\x73\x63\x69\x69\x20\x61\x73\x69\x6e\x20\x61\x73\x73\x65\x6d\x62\
\x6c\x79\x20\x61\x73\x73\x65\x72\x74\x69\x6f\x6e\x20\x61\x73\x73\
\x6f\x63\x69\x61\x74\x65\x20\x61\x73\x79\x6e\x63\x68\x72\x6f\x6e\
\x6f\x75\x73\x20\x61\x74\x20\x61\x74\x61\x6e\x20\x61\x74\x6e\x32\
\x20\x61\x74\x74\x72\x20\x61\x74\x74\x72\x69\x20\x61\x74\x74\x72\
\x69\x62\x20\x61\x74\x74\x72\x69\x62\x75\x20\x61\x74\x74\x72\x69\
\x62\x75\x74\x20\x61\x74\x74\x72\x69\x62\x75\x74\x65\x20\x61\x74\
\x74\x72\x69\x62\x75\x74\x65\x73\x20\x61\x75\x64\x69\x74\x20\x61\
\x75\x74\x68\x65\x6e\x74\x69\x63\x61\x74\x65\x64\x20\x61\x75\x74\
\x68\x65\x6e\x74\x69\x63\x61\x74\x69\x6f\x6e\x20\x61\x75\x74\x68\
\x69\x64\x20\x61\x75\x74\x68\x6f\x72\x73\x20\x61\x75\x74\x6f\x20\
\x61\x75\x74\x6f\x61\x6c\x6c\x6f\x63\x61\x74\x65\x20\x61\x75\x74\
\x6f\x64\x62\x6c\x69\x6e\x6b\x20\x61\x75\x74\x6f\x65\x78\x74\x65\
\x6e\x64\x20\x61\x75\x74\x6f\x6d\x61\x74\x69\x63\x20\x61\x76\x61\
\x69\x6c\x61\x62\x69\x6c\x69\x74\x79\x20\x61\x76\x67\x20\x62\x61\
\x63\x6b\x75\x70\x20\x62\x61\x64\x66\x69\x6c\x65\x20\x62\x61\x73\
\x69\x63\x66\x69\x6c\x65\x20\x62\x65\x66\x6f\x72\x65\x20\x62\x65\
\x67\x69\x6e\x20\x62\x65\x67\x69\x6e\x6e\x69\x6e\x67\x20\x62\x65\
\x6e\x63\x68\x6d\x61\x72\x6b\x20\x62\x65\x74\x77\x65\x65\x6e\x20\
\x62\x66\x69\x6c\x65\x20\x62\x66\x69\x6c\x65\x5f\x62\x61\x73\x65\
\x20\x62\x69\x67\x20\x62\x69\x67\x66\x69\x6c\x65\x20\x62\x69\x6e\
\x20\x62\x69\x6e\x61\x72\x79\x5f\x64\x6f\x75\x62\x6c\x65\x20\x62\
\x69\x6e\x61\x72\x79\x5f\x66\x6c\x6f\x61\x74\x20\x62\x69\x6e\x6c\
\x6f\x67\x20\x62\x69\x74\x5f\x61\x6e\x64\x20\x62\x69\x74\x5f\x63\
\x6f\x75\x6e\x74\x20\x62\x69\x74\x5f\x6c\x65\x6e\x67\x74\x68\x20\
\x62\x69\x74\x5f\x6f\x72\x20\x62\x69\x74\x5f\x78\x6f\x72\x20\x62\
\x69\x74\x6d\x61\x70\x20\x62\x6c\x6f\x62\x5f\x62\x61\x73\x65\x20\
\x62\x6c\x6f\x63\x6b\x20\x62\x6c\x6f\x63\x6b\x73\x69\x7a\x65\x20\
\x62\x6f\x64\x79\x20\x62\x6f\x74\x68\x20\x62\x6f\x75\x6e\x64\x20\
\x62\x75\x66\x66\x65\x72\x5f\x63\x61\x63\x68\x65\x20\x62\x75\x66\
\x66\x65\x72\x5f\x70\x6f\x6f\x6c\x20\x62\x75\x69\x6c\x64\x20\x62\
\x75\x6c\x6b\x20\x62\x79\x20\x62\x79\x74\x65\x20\x62\x79\x74\x65\
\x6f\x72\x64\x65\x72\x6d\x61\x72\x6b\x20\x62\x79\x74\x65\x73\x20\
\x63\x61\x63\x68\x65\x20\x63\x61\x63\x68\x69\x6e\x67\x20\x63\x61\
\x6c\x6c\x20\x63\x61\x6c\x6c\x69\x6e\x67\x20\x63\x61\x6e\x63\x65\
\x6c\x20\x63\x61\x70\x61\x63\x69\x74\x79\x20\x63\x61\x73\x63\x61\
\x64\x65\x20\x63\x61\x73\x63\x61\x64\x65\x64\x20\x63\x61\x73\x65\
\x20\x63\x61\x73\x74\x20\x63\x61\x74\x61\x6c\x6f\x67\x20\x63\x61\
\x74\x65\x67\x6f\x72\x79\x20\x63\x65\x69\x6c\x20\x63\x65\x69\x6c\
\x69\x6e\x67\x20\x63\x68\x61\x69\x6e\x20\x63\x68\x61\x6e\x67\x65\
\x20\x63\x68\x61\x6e\x67\x65\x64\x20\x63\x68\x61\x72\x5f\x62\x61\
\x73\x65\x20\x63\x68\x61\x72\x5f\x6c\x65\x6e\x67\x74\x68\x20\x63\
\x68\x61\x72\x61\x63\x74\x65\x72\x5f\x6c\x65\x6e\x67\x74\x68\x20\
\x63\x68\x61\x72\x61\x63\x74\x65\x72\x73\x20\x63\x68\x61\x72\x61\
\x63\x74\x65\x72\x73\x65\x74\x20\x63\x68\x61\x72\x69\x6e\x64\x65\
\x78\x20\x63\x68\x61\x72\x73\x65\x74\x20\x63\x68\x61\x72\x73\x65\
\x74\x66\x6f\x72\x6d\x20\x63\x68\x61\x72\x73\x65\x74\x69\x64\x20\
\x63\x68\x65\x63\x6b\x20\x63\x68\x65\x63\x6b\x73\x75\x6d\x20\x63\
\x68\x65\x63\x6b\x73\x75\x6d\x5f\x61\x67\x67\x20\x63\x68\x69\x6c\
\x64\x20\x63\x68\x6f\x6f\x73\x65\x20\x63\x68\x72\x20\x63\x68\x75\
\x6e\x6b\x20\x63\x6c\x61\x73\x73\x20\x63\x6c\x65\x61\x6e\x75\x70\
\x20\x63\x6c\x65\x61\x72\x20\x63\x6c\x69\x65\x6e\x74\x20\x63\x6c\
\x6f\x62\x20\x63\x6c\x6f\x62\x5f\x62\x61\x73\x65\x20\x63\x6c\x6f\
\x6e\x65\x20\x63\x6c\x6f\x73\x65\x20\x63\x6c\x75\x73\x74\x65\x72\
\x5f\x69\x64\x20\x63\x6c\x75\x73\x74\x65\x72\x5f\x70\x72\x6f\x62\
\x61\x62\x69\x6c\x69\x74\x79\x20\x63\x6c\x75\x73\x74\x65\x72\x5f\
\x73\x65\x74\x20\x63\x6c\x75\x73\x74\x65\x72\x69\x6e\x67\x20\x63\
\x6f\x61\x6c\x65\x73\x63\x65\x20\x63\x6f\x65\x72\x63\x69\x62\x69\
\x6c\x69\x74\x79\x20\x63\x6f\x6c\x20\x63\x6f\x6c\x6c\x61\x74\x65\
\x20\x63\x6f\x6c\x6c\x61\x74\x69\x6f\x6e\x20\x63\x6f\x6c\x6c\x65\
\x63\x74\x20\x63\x6f\x6c\x75\x20\x63\x6f\x6c\x75\x6d\x20\x63\x6f\
\x6c\x75\x6d\x6e\x20\x63\x6f\x6c\x75\x6d\x6e\x5f\x76\x61\x6c\x75\
\x65\x20\x63\x6f\x6c\x75\x6d\x6e\x73\x20\x63\x6f\x6c\x75\x6d\x6e\
\x73\x5f\x75\x70\x64\x61\x74\x65\x64\x20\x63\x6f\x6d\x6d\x65\x6e\
\x74\x20\x63\x6f\x6d\x6d\x69\x74\x20\x63\x6f\x6d\x70\x61\x63\x74\
\x20\x63\x6f\x6d\x70\x61\x74\x69\x62\x69\x6c\x69\x74\x79\x20\x63\
\x6f\x6d\x70\x69\x6c\x65\x64\x20\x63\x6f\x6d\x70\x6c\x65\x74\x65\
\x20\x63\x6f\x6d\x70\x6f\x73\x69\x74\x65\x5f\x6c\x69\x6d\x69\x74\
\x20\x63\x6f\x6d\x70\x6f\x75\x6e\x64\x20\x63\x6f\x6d\x70\x72\x65\
\x73\x73\x20\x63\x6f\x6d\x70\x75\x74\x65\x20\x63\x6f\x6e\x63\x61\
\x74\x20\x63\x6f\x6e\x63\x61\x74\x5f\x77\x73\x20\x63\x6f\x6e\x63\
\x75\x72\x72\x65\x6e\x74\x20\x63\x6f\x6e\x66\x69\x72\x6d\x20\x63\
\x6f\x6e\x6e\x20\x63\x6f\x6e\x6e\x65\x63\x20\x63\x6f\x6e\x6e\x65\
\x63\x74\x20\x63\x6f\x6e\x6e\x65\x63\x74\x5f\x62\x79\x5f\x69\x73\
\x63\x79\x63\x6c\x65\x20\x63\x6f\x6e\x6e\x65\x63\x74\x5f\x62\x79\
\x5f\x69\x73\x6c\x65\x61\x66\x20\x63\x6f\x6e\x6e\x65\x63\x74\x5f\
\x62\x79\x5f\x72\x6f\x6f\x74\x20\x63\x6f\x6e\x6e\x65\x63\x74\x5f\
\x74\x69\x6d\x65\x20\x63\x6f\x6e\x6e\x65\x63\x74\x69\x6f\x6e\x20\
\x63\x6f\x6e\x73\x69\x64\x65\x72\x20\x63\x6f\x6e\x73\x69\x73\x74\
\x65\x6e\x74\x20\x63\x6f\x6e\x73\x74\x61\x6e\x74\x20\x63\x6f\x6e\
\x73\x74\x72\x61\x69\x6e\x74\x20\x63\x6f\x6e\x73\x74\x72\x61\x69\
\x6e\x74\x73\x20\x63\x6f\x6e\x73\x74\x72\x75\x63\x74\x6f\x72\x20\
\x63\x6f\x6e\x74\x61\x69\x6e\x65\x72\x20\x63\x6f\x6e\x74\x65\x6e\
\x74\x20\x63\x6f\x6e\x74\x65\x6e\x74\x73\x20\x63\x6f\x6e\x74\x65\
\x78\x74\x20\x63\x6f\x6e\x74\x72\x69\x62\x75\x74\x6f\x72\x73\x20\
\x63\x6f\x6e\x74\x72\x6f\x6c\x66\x69\x6c\x65\x20\x63\x6f\x6e\x76\
\x20\x63\x6f\x6e\x76\x65\x72\x74\x20\x63\x6f\x6e\x76\x65\x72\x74\
\x5f\x74\x7a\x20\x63\x6f\x72\x72\x20\x63\x6f\x72\x72\x5f\x6b\x20\
\x63\x6f\x72\x72\x5f\x73\x20\x63\x6f\x72\x72\x65\x73\x70\x6f\x6e\
\x64\x69\x6e\x67\x20\x63\x6f\x72\x72\x75\x70\x74\x69\x6f\x6e\x20\
\x63\x6f\x73\x20\x63\x6f\x73\x74\x20\x63\x6f\x75\x6e\x74\x20\x63\
\x6f\x75\x6e\x74\x5f\x62\x69\x67\x20\x63\x6f\x75\x6e\x74\x65\x64\
\x20\x63\x6f\x76\x61\x72\x5f\x70\x6f\x70\x20\x63\x6f\x76\x61\x72\
\x5f\x73\x61\x6d\x70\x20\x63\x70\x75\x5f\x70\x65\x72\x5f\x63\x61\
\x6c\x6c\x20\x63\x70\x75\x5f\x70\x65\x72\x5f\x73\x65\x73\x73\x69\
\x6f\x6e\x20\x63\x72\x63\x33\x32\x20\x63\x72\x65\x61\x74\x65\x20\
\x63\x72\x65\x61\x74\x69\x6f\x6e\x20\x63\x72\x69\x74\x69\x63\x61\
\x6c\x20\x63\x72\x6f\x73\x73\x20\x63\x75\x62\x65\x20\x63\x75\x6d\
\x65\x5f\x64\x69\x73\x74\x20\x63\x75\x72\x64\x61\x74\x65\x20\x63\
\x75\x72\x72\x65\x6e\x74\x20\x63\x75\x72\x72\x65\x6e\x74\x5f\x64\
\x61\x74\x65\x20\x63\x75\x72\x72\x65\x6e\x74\x5f\x74\x69\x6d\x65\
\x20\x63\x75\x72\x72\x65\x6e\x74\x5f\x74\x69\x6d\x65\x73\x74\x61\
\x6d\x70\x20\x63\x75\x72\x72\x65\x6e\x74\x5f\x75\x73\x65\x72\x20\
\x63\x75\x72\x73\x6f\x72\x20\x63\x75\x72\x74\x69\x6d\x65\x20\x63\
\x75\x73\x74\x6f\x6d\x64\x61\x74\x75\x6d\x20\x63\x79\x63\x6c\x65\
\x20\x64\x61\x74\x61\x20\x64\x61\x74\x61\x62\x61\x73\x65\x20\x64\
\x61\x74\x61\x62\x61\x73\x65\x73\x20\x64\x61\x74\x61\x66\x69\x6c\
\x65\x20\x64\x61\x74\x61\x66\x69\x6c\x65\x73\x20\x64\x61\x74\x61\
\x6c\x65\x6e\x67\x74\x68\x20\x64\x61\x74\x65\x5f\x61\x64\x64\x20\
\x64\x61\x74\x65\x5f\x63\x61\x63\x68\x65\x20\x64\x61\x74\x65\x5f\
\x66\x6f\x72\x6d\x61\x74\x20\x64\x61\x74\x65\x5f\x73\x75\x62\x20\
\x64\x61\x74\x65\x61\x64\x64\x20\x64\x61\x74\x65\x64\x69\x66\x66\
\x20\x64\x61\x74\x65\x66\x72\x6f\x6d\x70\x61\x72\x74\x73\x20\x64\
\x61\x74\x65\x6e\x61\x6d\x65\x20\x64\x61\x74\x65\x70\x61\x72\x74\
\x20\x64\x61\x74\x65\x74\x69\x6d\x65\x32\x66\x72\x6f\x6d\x70\x61\
\x72\x74\x73\x20\x64\x61\x79\x20\x64\x61\x79\x5f\x74\x6f\x5f\x73\
\x65\x63\x6f\x6e\x64\x20\x64\x61\x79\x6e\x61\x6d\x65\x20\x64\x61\
\x79\x6f\x66\x6d\x6f\x6e\x74\x68\x20\x64\x61\x79\x6f\x66\x77\x65\
\x65\x6b\x20\x64\x61\x79\x6f\x66\x79\x65\x61\x72\x20\x64\x61\x79\
\x73\x20\x64\x62\x5f\x72\x6f\x6c\x65\x5f\x63\x68\x61\x6e\x67\x65\
\x20\x64\x62\x74\x69\x6d\x65\x7a\x6f\x6e\x65\x20\x64\x64\x6c\x20\
\x64\x65\x61\x6c\x6c\x6f\x63\x61\x74\x65\x20\x64\x65\x63\x6c\x61\
\x72\x65\x20\x64\x65\x63\x6f\x64\x65\x20\x64\x65\x63\x6f\x6d\x70\
\x6f\x73\x65\x20\x64\x65\x63\x72\x65\x6d\x65\x6e\x74\x20\x64\x65\
\x63\x72\x79\x70\x74\x20\x64\x65\x64\x75\x70\x6c\x69\x63\x61\x74\
\x65\x20\x64\x65\x66\x20\x64\x65\x66\x61\x20\x64\x65\x66\x61\x75\
\x20\x64\x65\x66\x61\x75\x6c\x20\x64\x65\x66\x61\x75\x6c\x74\x20\
\x64\x65\x66\x61\x75\x6c\x74\x73\x20\x64\x65\x66\x65\x72\x72\x65\
\x64\x20\x64\x65\x66\x69\x20\x64\x65\x66\x69\x6e\x20\x64\x65\x66\
\x69\x6e\x65\x20\x64\x65\x67\x72\x65\x65\x73\x20\x64\x65\x6c\x61\
\x79\x65\x64\x20\x64\x65\x6c\x65\x67\x61\x74\x65\x20\x64\x65\x6c\
\x65\x74\x65\x20\x64\x65\x6c\x65\x74\x65\x5f\x61\x6c\x6c\x20\x64\
\x65\x6c\x69\x6d\x69\x74\x65\x64\x20\x64\x65\x6d\x61\x6e\x64\x20\
\x64\x65\x6e\x73\x65\x5f\x72\x61\x6e\x6b\x20\x64\x65\x70\x74\x68\
\x20\x64\x65\x71\x75\x65\x75\x65\x20\x64\x65\x73\x5f\x64\x65\x63\
\x72\x79\x70\x74\x20\x64\x65\x73\x5f\x65\x6e\x63\x72\x79\x70\x74\
\x20\x64\x65\x73\x5f\x6b\x65\x79\x5f\x66\x69\x6c\x65\x20\x64\x65\
\x73\x63\x20\x64\x65\x73\x63\x72\x20\x64\x65\x73\x63\x72\x69\x20\
\x64\x65\x73\x63\x72\x69\x62\x20\x64\x65\x73\x63\x72\x69\x62\x65\
\x20\x64\x65\x73\x63\x72\x69\x70\x74\x6f\x72\x20\x64\x65\x74\x65\
\x72\x6d\x69\x6e\x69\x73\x74\x69\x63\x20\x64\x69\x61\x67\x6e\x6f\
\x73\x74\x69\x63\x73\x20\x64\x69\x66\x66\x65\x72\x65\x6e\x63\x65\
\x20\x64\x69\x6d\x65\x6e\x73\x69\x6f\x6e\x20\x64\x69\x72\x65\x63\
\x74\x5f\x6c\x6f\x61\x64\x20\x64\x69\x72\x65\x63\x74\x6f\x72\x79\
\x20\x64\x69\x73\x61\x62\x6c\x65\x20\x64\x69\x73\x61\x62\x6c\x65\
\x5f\x61\x6c\x6c\x20\x64\x69\x73\x61\x6c\x6c\x6f\x77\x20\x64\x69\
\x73\x61\x73\x73\x6f\x63\x69\x61\x74\x65\x20\x64\x69\x73\x63\x61\
\x72\x64\x66\x69\x6c\x65\x20\x64\x69\x73\x63\x6f\x6e\x6e\x65\x63\
\x74\x20\x64\x69\x73\x6b\x67\x72\x6f\x75\x70\x20\x64\x69\x73\x74\
\x69\x6e\x63\x74\x20\x64\x69\x73\x74\x69\x6e\x63\x74\x72\x6f\x77\
\x20\x64\x69\x73\x74\x72\x69\x62\x75\x74\x65\x20\x64\x69\x73\x74\
\x72\x69\x62\x75\x74\x65\x64\x20\x64\x69\x76\x20\x64\x6f\x20\x64\
\x6f\x63\x75\x6d\x65\x6e\x74\x20\x64\x6f\x6d\x61\x69\x6e\x20\x64\
\x6f\x74\x6e\x65\x74\x20\x64\x6f\x75\x62\x6c\x65\x20\x64\x6f\x77\
\x6e\x67\x72\x61\x64\x65\x20\x64\x72\x6f\x70\x20\x64\x75\x6d\x70\
\x66\x69\x6c\x65\x20\x64\x75\x70\x6c\x69\x63\x61\x74\x65\x20\x64\
\x75\x72\x61\x74\x69\x6f\x6e\x20\x65\x61\x63\x68\x20\x65\x64\x69\
\x74\x69\x6f\x6e\x20\x65\x64\x69\x74\x69\x6f\x6e\x61\x62\x6c\x65\
\x20\x65\x64\x69\x74\x69\x6f\x6e\x73\x20\x65\x6c\x65\x6d\x65\x6e\
\x74\x20\x65\x6c\x6c\x69\x70\x73\x69\x73\x20\x65\x6c\x73\x65\x20\
\x65\x6c\x73\x69\x66\x20\x65\x6c\x74\x20\x65\x6d\x70\x74\x79\x20\
\x65\x6e\x61\x62\x6c\x65\x20\x65\x6e\x61\x62\x6c\x65\x5f\x61\x6c\
\x6c\x20\x65\x6e\x63\x6c\x6f\x73\x65\x64\x20\x65\x6e\x63\x6f\x64\
\x65\x20\x65\x6e\x63\x6f\x64\x69\x6e\x67\x20\x65\x6e\x63\x72\x79\
\x70\x74\x20\x65\x6e\x64\x20\x65\x6e\x64\x2d\x65\x78\x65\x63\x20\
\x65\x6e\x64\x69\x61\x6e\x20\x65\x6e\x66\x6f\x72\x63\x65\x64\x20\
\x65\x6e\x67\x69\x6e\x65\x20\x65\x6e\x67\x69\x6e\x65\x73\x20\x65\
\x6e\x71\x75\x65\x75\x65\x20\x65\x6e\x74\x65\x72\x70\x72\x69\x73\
\x65\x20\x65\x6e\x74\x69\x74\x79\x65\x73\x63\x61\x70\x69\x6e\x67\
\x20\x65\x6f\x6d\x6f\x6e\x74\x68\x20\x65\x72\x72\x6f\x72\x20\x65\
\x72\x72\x6f\x72\x73\x20\x65\x73\x63\x61\x70\x65\x64\x20\x65\x76\
\x61\x6c\x6e\x61\x6d\x65\x20\x65\x76\x61\x6c\x75\x61\x74\x65\x20\
\x65\x76\x65\x6e\x74\x20\x65\x76\x65\x6e\x74\x64\x61\x74\x61\x20\
\x65\x76\x65\x6e\x74\x73\x20\x65\x78\x63\x65\x70\x74\x20\x65\x78\
\x63\x65\x70\x74\x69\x6f\x6e\x20\x65\x78\x63\x65\x70\x74\x69\x6f\
\x6e\x73\x20\x65\x78\x63\x68\x61\x6e\x67\x65\x20\x65\x78\x63\x6c\
\x75\x64\x65\x20\x65\x78\x63\x6c\x75\x64\x69\x6e\x67\x20\x65\x78\
\x65\x63\x75\x20\x65\x78\x65\x63\x75\x74\x20\x65\x78\x65\x63\x75\
\x74\x65\x20\x65\x78\x65\x6d\x70\x74\x20\x65\x78\x69\x73\x74\x73\
\x20\x65\x78\x69\x74\x20\x65\x78\x70\x20\x65\x78\x70\x69\x72\x65\
\x20\x65\x78\x70\x6c\x61\x69\x6e\x20\x65\x78\x70\x6f\x72\x74\x20\
\x65\x78\x70\x6f\x72\x74\x5f\x73\x65\x74\x20\x65\x78\x74\x65\x6e\
\x64\x65\x64\x20\x65\x78\x74\x65\x6e\x74\x20\x65\x78\x74\x65\x72\
\x6e\x61\x6c\x20\x65\x78\x74\x65\x72\x6e\x61\x6c\x5f\x31\x20\x65\
\x78\x74\x65\x72\x6e\x61\x6c\x5f\x32\x20\x65\x78\x74\x65\x72\x6e\
\x61\x6c\x6c\x79\x20\x65\x78\x74\x72\x61\x63\x74\x20\x66\x61\x69\
\x6c\x65\x64\x20\x66\x61\x69\x6c\x65\x64\x5f\x6c\x6f\x67\x69\x6e\
\x5f\x61\x74\x74\x65\x6d\x70\x74\x73\x20\x66\x61\x69\x6c\x6f\x76\
\x65\x72\x20\x66\x61\x69\x6c\x75\x72\x65\x20\x66\x61\x72\x20\x66\
\x61\x73\x74\x20\x66\x65\x61\x74\x75\x72\x65\x5f\x73\x65\x74\x20\
\x66\x65\x61\x74\x75\x72\x65\x5f\x76\x61\x6c\x75\x65\x20\x66\x65\
\x74\x63\x68\x20\x66\x69\x65\x6c\x64\x20\x66\x69\x65\x6c\x64\x73\
\x20\x66\x69\x6c\x65\x20\x66\x69\x6c\x65\x5f\x6e\x61\x6d\x65\x5f\
\x63\x6f\x6e\x76\x65\x72\x74\x20\x66\x69\x6c\x65\x73\x79\x73\x74\
\x65\x6d\x5f\x6c\x69\x6b\x65\x5f\x6c\x6f\x67\x67\x69\x6e\x67\x20\
\x66\x69\x6e\x61\x6c\x20\x66\x69\x6e\x69\x73\x68\x20\x66\x69\x72\
\x73\x74\x20\x66\x69\x72\x73\x74\x5f\x76\x61\x6c\x75\x65\x20\x66\
\x69\x78\x65\x64\x20\x66\x6c\x61\x73\x68\x5f\x63\x61\x63\x68\x65\
\x20\x66\x6c\x61\x73\x68\x62\x61\x63\x6b\x20\x66\x6c\x6f\x6f\x72\
\x20\x66\x6c\x75\x73\x68\x20\x66\x6f\x6c\x6c\x6f\x77\x69\x6e\x67\
\x20\x66\x6f\x6c\x6c\x6f\x77\x73\x20\x66\x6f\x72\x20\x66\x6f\x72\
\x61\x6c\x6c\x20\x66\x6f\x72\x63\x65\x20\x66\x6f\x72\x6d\x20\x66\
\x6f\x72\x6d\x61\x20\x66\x6f\x72\x6d\x61\x74\x20\x66\x6f\x75\x6e\
\x64\x20\x66\x6f\x75\x6e\x64\x5f\x72\x6f\x77\x73\x20\x66\x72\x65\
\x65\x6c\x69\x73\x74\x20\x66\x72\x65\x65\x6c\x69\x73\x74\x73\x20\
\x66\x72\x65\x65\x70\x6f\x6f\x6c\x73\x20\x66\x72\x65\x73\x68\x20\
\x66\x72\x6f\x6d\x20\x66\x72\x6f\x6d\x5f\x62\x61\x73\x65\x36\x34\
\x20\x66\x72\x6f\x6d\x5f\x64\x61\x79\x73\x20\x66\x74\x70\x20\x66\
\x75\x6c\x6c\x20\x66\x75\x6e\x63\x74\x69\x6f\x6e\x20\x67\x65\x6e\
\x65\x72\x61\x6c\x20\x67\x65\x6e\x65\x72\x61\x74\x65\x64\x20\x67\
\x65\x74\x20\x67\x65\x74\x5f\x66\x6f\x72\x6d\x61\x74\x20\x67\x65\
\x74\x5f\x6c\x6f\x63\x6b\x20\x67\x65\x74\x64\x61\x74\x65\x20\x67\
\x65\x74\x75\x74\x63\x64\x61\x74\x65\x20\x67\x6c\x6f\x62\x61\x6c\
\x20\x67\x6c\x6f\x62\x61\x6c\x5f\x6e\x61\x6d\x65\x20\x67\x6c\x6f\
\x62\x61\x6c\x6c\x79\x20\x67\x6f\x20\x67\x6f\x74\x6f\x20\x67\x72\
\x61\x6e\x74\x20\x67\x72\x61\x6e\x74\x73\x20\x67\x72\x65\x61\x74\
\x65\x73\x74\x20\x67\x72\x6f\x75\x70\x20\x67\x72\x6f\x75\x70\x5f\
\x63\x6f\x6e\x63\x61\x74\x20\x67\x72\x6f\x75\x70\x5f\x69\x64\x20\
\x67\x72\x6f\x75\x70\x69\x6e\x67\x20\x67\x72\x6f\x75\x70\x69\x6e\
\x67\x5f\x69\x64\x20\x67\x72\x6f\x75\x70\x73\x20\x67\x74\x69\x64\
\x5f\x73\x75\x62\x74\x72\x61\x63\x74\x20\x67\x75\x61\x72\x61\x6e\
\x74\x65\x65\x20\x67\x75\x61\x72\x64\x20\x68\x61\x6e\x64\x6c\x65\
\x72\x20\x68\x61\x73\x68\x20\x68\x61\x73\x68\x6b\x65\x79\x73\x20\
\x68\x61\x76\x69\x6e\x67\x20\x68\x65\x61\x20\x68\x65\x61\x64\x20\
\x68\x65\x61\x64\x69\x20\x68\x65\x61\x64\x69\x6e\x20\x68\x65\x61\
\x64\x69\x6e\x67\x20\x68\x65\x61\x70\x20\x68\x65\x6c\x70\x20\x68\
\x65\x78\x20\x68\x69\x65\x72\x61\x72\x63\x68\x79\x20\x68\x69\x67\
\x68\x20\x68\x69\x67\x68\x5f\x70\x72\x69\x6f\x72\x69\x74\x79\x20\
\x68\x6f\x73\x74\x73\x20\x68\x6f\x75\x72\x20\x68\x74\x74\x70\x20\
\x69\x64\x20\x69\x64\x65\x6e\x74\x5f\x63\x75\x72\x72\x65\x6e\x74\
\x20\x69\x64\x65\x6e\x74\x5f\x69\x6e\x63\x72\x20\x69\x64\x65\x6e\
\x74\x5f\x73\x65\x65\x64\x20\x69\x64\x65\x6e\x74\x69\x66\x69\x65\
\x64\x20\x69\x64\x65\x6e\x74\x69\x74\x79\x20\x69\x64\x6c\x65\x5f\
\x74\x69\x6d\x65\x20\x69\x66\x20\x69\x66\x6e\x75\x6c\x6c\x20\x69\
\x67\x6e\x6f\x72\x65\x20\x69\x69\x66\x20\x69\x6c\x69\x6b\x65\x20\
\x69\x6c\x6d\x20\x69\x6d\x6d\x65\x64\x69\x61\x74\x65\x20\x69\x6d\
\x70\x6f\x72\x74\x20\x69\x6e\x20\x69\x6e\x63\x6c\x75\x64\x65\x20\
\x69\x6e\x63\x6c\x75\x64\x69\x6e\x67\x20\x69\x6e\x63\x72\x65\x6d\
\x65\x6e\x74\x20\x69\x6e\x64\x65\x78\x20\x69\x6e\x64\x65\x78\x65\
\x73\x20\x69\x6e\x64\x65\x78\x69\x6e\x67\x20\x69\x6e\x64\x65\x78\
\x74\x79\x70\x65\x20\x69\x6e\x64\x69\x63\x61\x74\x6f\x72\x20\x69\
\x6e\x64\x69\x63\x65\x73\x20\x69\x6e\x65\x74\x36\x5f\x61\x74\x6f\
\x6e\x20\x69\x6e\x65\x74\x36\x5f\x6e\x74\x6f\x61\x20\x69\x6e\x65\
\x74\x5f\x61\x74\x6f\x6e\x20\x69\x6e\x65\x74\x5f\x6e\x74\x6f\x61\
\x20\x69\x6e\x66\x69\x6c\x65\x20\x69\x6e\x69\x74\x69\x61\x6c\x20\
\x69\x6e\x69\x74\x69\x61\x6c\x69\x7a\x65\x64\x20\x69\x6e\x69\x74\
\x69\x61\x6c\x6c\x79\x20\x69\x6e\x69\x74\x72\x61\x6e\x73\x20\x69\
\x6e\x6d\x65\x6d\x6f\x72\x79\x20\x69\x6e\x6e\x65\x72\x20\x69\x6e\
\x6e\x6f\x64\x62\x20\x69\x6e\x70\x75\x74\x20\x69\x6e\x73\x65\x72\
\x74\x20\x69\x6e\x73\x74\x61\x6c\x6c\x20\x69\x6e\x73\x74\x61\x6e\
\x63\x65\x20\x69\x6e\x73\x74\x61\x6e\x74\x69\x61\x62\x6c\x65\x20\
\x69\x6e\x73\x74\x72\x20\x69\x6e\x74\x65\x72\x66\x61\x63\x65\x20\
\x69\x6e\x74\x65\x72\x6c\x65\x61\x76\x65\x64\x20\x69\x6e\x74\x65\
\x72\x73\x65\x63\x74\x20\x69\x6e\x74\x6f\x20\x69\x6e\x76\x61\x6c\
\x69\x64\x61\x74\x65\x20\x69\x6e\x76\x69\x73\x69\x62\x6c\x65\x20\
\x69\x73\x20\x69\x73\x5f\x66\x72\x65\x65\x5f\x6c\x6f\x63\x6b\x20\
\x69\x73\x5f\x69\x70\x76\x34\x20\x69\x73\x5f\x69\x70\x76\x34\x5f\
\x63\x6f\x6d\x70\x61\x74\x20\x69\x73\x5f\x6e\x6f\x74\x20\x69\x73\
\x5f\x6e\x6f\x74\x5f\x6e\x75\x6c\x6c\x20\x69\x73\x5f\x75\x73\x65\
\x64\x5f\x6c\x6f\x63\x6b\x20\x69\x73\x64\x61\x74\x65\x20\x69\x73\
\x6e\x75\x6c\x6c\x20\x69\x73\x6f\x6c\x61\x74\x69\x6f\x6e\x20\x69\
\x74\x65\x72\x61\x74\x65\x20\x6a\x61\x76\x61\x20\x6a\x6f\x69\x6e\
\x20\x6a\x73\x6f\x6e\x20\x6a\x73\x6f\x6e\x5f\x65\x78\x69\x73\x74\
\x73\x20\x6b\x65\x65\x70\x20\x6b\x65\x65\x70\x5f\x64\x75\x70\x6c\
\x69\x63\x61\x74\x65\x73\x20\x6b\x65\x79\x20\x6b\x65\x79\x73\x20\
\x6b\x69\x6c\x6c\x20\x6c\x61\x6e\x67\x75\x61\x67\x65\x20\x6c\x61\
\x72\x67\x65\x20\x6c\x61\x73\x74\x20\x6c\x61\x73\x74\x5f\x64\x61\
\x79\x20\x6c\x61\x73\x74\x5f\x69\x6e\x73\x65\x72\x74\x5f\x69\x64\
\x20\x6c\x61\x73\x74\x5f\x76\x61\x6c\x75\x65\x20\x6c\x61\x78\x20\
\x6c\x63\x61\x73\x65\x20\x6c\x65\x61\x64\x20\x6c\x65\x61\x64\x69\
\x6e\x67\x20\x6c\x65\x61\x73\x74\x20\x6c\x65\x61\x76\x65\x73\x20\
\x6c\x65\x66\x74\x20\x6c\x65\x6e\x20\x6c\x65\x6e\x67\x68\x74\x20\
\x6c\x65\x6e\x67\x74\x68\x20\x6c\x65\x73\x73\x20\x6c\x65\x76\x65\
\x6c\x20\x6c\x65\x76\x65\x6c\x73\x20\x6c\x69\x62\x72\x61\x72\x79\
\x20\x6c\x69\x6b\x65\x20\x6c\x69\x6b\x65\x32\x20\x6c\x69\x6b\x65\
\x34\x20\x6c\x69\x6b\x65\x63\x20\x6c\x69\x6d\x69\x74\x20\x6c\x69\
\x6e\x65\x73\x20\x6c\x69\x6e\x6b\x20\x6c\x69\x73\x74\x20\x6c\x69\
\x73\x74\x61\x67\x67\x20\x6c\x69\x74\x74\x6c\x65\x20\x6c\x6e\x20\
\x6c\x6f\x61\x64\x20\x6c\x6f\x61\x64\x5f\x66\x69\x6c\x65\x20\x6c\
\x6f\x62\x20\x6c\x6f\x62\x73\x20\x6c\x6f\x63\x61\x6c\x20\x6c\x6f\
\x63\x61\x6c\x74\x69\x6d\x65\x20\x6c\x6f\x63\x61\x6c\x74\x69\x6d\
\x65\x73\x74\x61\x6d\x70\x20\x6c\x6f\x63\x61\x74\x65\x20\x6c\x6f\
\x63\x61\x74\x6f\x72\x20\x6c\x6f\x63\x6b\x20\x6c\x6f\x63\x6b\x65\
\x64\x20\x6c\x6f\x67\x20\x6c\x6f\x67\x31\x30\x20\x6c\x6f\x67\x32\
\x20\x6c\x6f\x67\x66\x69\x6c\x65\x20\x6c\x6f\x67\x66\x69\x6c\x65\
\x73\x20\x6c\x6f\x67\x67\x69\x6e\x67\x20\x6c\x6f\x67\x69\x63\x61\
\x6c\x20\x6c\x6f\x67\x69\x63\x61\x6c\x5f\x72\x65\x61\x64\x73\x5f\
\x70\x65\x72\x5f\x63\x61\x6c\x6c\x20\x6c\x6f\x67\x6f\x66\x66\x20\
\x6c\x6f\x67\x6f\x6e\x20\x6c\x6f\x67\x73\x20\x6c\x6f\x6e\x67\x20\
\x6c\x6f\x6f\x70\x20\x6c\x6f\x77\x20\x6c\x6f\x77\x5f\x70\x72\x69\
\x6f\x72\x69\x74\x79\x20\x6c\x6f\x77\x65\x72\x20\x6c\x70\x61\x64\
\x20\x6c\x72\x74\x72\x69\x6d\x20\x6c\x74\x72\x69\x6d\x20\x6d\x61\
\x69\x6e\x20\x6d\x61\x6b\x65\x5f\x73\x65\x74\x20\x6d\x61\x6b\x65\
\x64\x61\x74\x65\x20\x6d\x61\x6b\x65\x74\x69\x6d\x65\x20\x6d\x61\
\x6e\x61\x67\x65\x64\x20\x6d\x61\x6e\x61\x67\x65\x6d\x65\x6e\x74\
\x20\x6d\x61\x6e\x75\x61\x6c\x20\x6d\x61\x70\x20\x6d\x61\x70\x70\
\x69\x6e\x67\x20\x6d\x61\x73\x6b\x20\x6d\x61\x73\x74\x65\x72\x20\
\x6d\x61\x73\x74\x65\x72\x5f\x70\x6f\x73\x5f\x77\x61\x69\x74\x20\
\x6d\x61\x74\x63\x68\x20\x6d\x61\x74\x63\x68\x65\x64\x20\x6d\x61\
\x74\x65\x72\x69\x61\x6c\x69\x7a\x65\x64\x20\x6d\x61\x78\x20\x6d\
\x61\x78\x65\x78\x74\x65\x6e\x74\x73\x20\x6d\x61\x78\x69\x6d\x69\
\x7a\x65\x20\x6d\x61\x78\x69\x6e\x73\x74\x61\x6e\x63\x65\x73\x20\
\x6d\x61\x78\x6c\x65\x6e\x20\x6d\x61\x78\x6c\x6f\x67\x66\x69\x6c\
\x65\x73\x20\x6d\x61\x78\x6c\x6f\x67\x68\x69\x73\x74\x6f\x72\x79\
\x20\x6d\x61\x78\x6c\x6f\x67\x6d\x65\x6d\x62\x65\x72\x73\x20\x6d\
\x61\x78\x73\x69\x7a\x65\x20\x6d\x61\x78\x74\x72\x61\x6e\x73\x20\
\x6d\x64\x35\x20\x6d\x65\x61\x73\x75\x72\x65\x73\x20\x6d\x65\x64\
\x69\x61\x6e\x20\x6d\x65\x64\x69\x75\x6d\x20\x6d\x65\x6d\x62\x65\
\x72\x20\x6d\x65\x6d\x63\x6f\x6d\x70\x72\x65\x73\x73\x20\x6d\x65\
\x6d\x6f\x72\x79\x20\x6d\x65\x72\x67\x65\x20\x6d\x69\x63\x72\x6f\
\x73\x65\x63\x6f\x6e\x64\x20\x6d\x69\x64\x20\x6d\x69\x67\x72\x61\
\x74\x69\x6f\x6e\x20\x6d\x69\x6e\x20\x6d\x69\x6e\x65\x78\x74\x65\
\x6e\x74\x73\x20\x6d\x69\x6e\x69\x6d\x75\x6d\x20\x6d\x69\x6e\x69\
\x6e\x67\x20\x6d\x69\x6e\x75\x73\x20\x6d\x69\x6e\x75\x74\x65\x20\
\x6d\x69\x6e\x76\x61\x6c\x75\x65\x20\x6d\x69\x73\x73\x69\x6e\x67\
\x20\x6d\x6f\x64\x20\x6d\x6f\x64\x65\x20\x6d\x6f\x64\x65\x6c\x20\
\x6d\x6f\x64\x69\x66\x69\x63\x61\x74\x69\x6f\x6e\x20\x6d\x6f\x64\
\x69\x66\x79\x20\x6d\x6f\x64\x75\x6c\x65\x20\x6d\x6f\x6e\x69\x74\
\x6f\x72\x69\x6e\x67\x20\x6d\x6f\x6e\x74\x68\x20\x6d\x6f\x6e\x74\
\x68\x73\x20\x6d\x6f\x75\x6e\x74\x20\x6d\x6f\x76\x65\x20\x6d\x6f\
\x76\x65\x6d\x65\x6e\x74\x20\x6d\x75\x6c\x74\x69\x73\x65\x74\x20\
\x6d\x75\x74\x65\x78\x20\x6e\x61\x6d\x65\x20\x6e\x61\x6d\x65\x5f\
\x63\x6f\x6e\x73\x74\x20\x6e\x61\x6d\x65\x73\x20\x6e\x61\x6e\x20\
\x6e\x61\x74\x69\x6f\x6e\x61\x6c\x20\x6e\x61\x74\x69\x76\x65\x20\
\x6e\x61\x74\x75\x72\x61\x6c\x20\x6e\x61\x76\x20\x6e\x63\x68\x61\
\x72\x20\x6e\x63\x6c\x6f\x62\x20\x6e\x65\x73\x74\x65\x64\x20\x6e\
\x65\x76\x65\x72\x20\x6e\x65\x77\x20\x6e\x65\x77\x6c\x69\x6e\x65\
\x20\x6e\x65\x78\x74\x20\x6e\x65\x78\x74\x76\x61\x6c\x20\x6e\x6f\
\x20\x6e\x6f\x5f\x77\x72\x69\x74\x65\x5f\x74\x6f\x5f\x62\x69\x6e\
\x6c\x6f\x67\x20\x6e\x6f\x61\x72\x63\x68\x69\x76\x65\x6c\x6f\x67\
\x20\x6e\x6f\x61\x75\x64\x69\x74\x20\x6e\x6f\x62\x61\x64\x66\x69\
\x6c\x65\x20\x6e\x6f\x63\x68\x65\x63\x6b\x20\x6e\x6f\x63\x6f\x6d\
\x70\x72\x65\x73\x73\x20\x6e\x6f\x63\x6f\x70\x79\x20\x6e\x6f\x63\
\x79\x63\x6c\x65\x20\x6e\x6f\x64\x65\x6c\x61\x79\x20\x6e\x6f\x64\
\x69\x73\x63\x61\x72\x64\x66\x69\x6c\x65\x20\x6e\x6f\x65\x6e\x74\
\x69\x74\x79\x65\x73\x63\x61\x70\x69\x6e\x67\x20\x6e\x6f\x67\x75\
\x61\x72\x61\x6e\x74\x65\x65\x20\x6e\x6f\x6b\x65\x65\x70\x20\x6e\
\x6f\x6c\x6f\x67\x66\x69\x6c\x65\x20\x6e\x6f\x6d\x61\x70\x70\x69\
\x6e\x67\x20\x6e\x6f\x6d\x61\x78\x76\x61\x6c\x75\x65\x20\x6e\x6f\
\x6d\x69\x6e\x69\x6d\x69\x7a\x65\x20\x6e\x6f\x6d\x69\x6e\x76\x61\
\x6c\x75\x65\x20\x6e\x6f\x6d\x6f\x6e\x69\x74\x6f\x72\x69\x6e\x67\
\x20\x6e\x6f\x6e\x65\x20\x6e\x6f\x6e\x65\x64\x69\x74\x69\x6f\x6e\
\x61\x62\x6c\x65\x20\x6e\x6f\x6e\x73\x63\x68\x65\x6d\x61\x20\x6e\
\x6f\x6f\x72\x64\x65\x72\x20\x6e\x6f\x70\x72\x20\x6e\x6f\x70\x72\
\x6f\x20\x6e\x6f\x70\x72\x6f\x6d\x20\x6e\x6f\x70\x72\x6f\x6d\x70\
\x20\x6e\x6f\x70\x72\x6f\x6d\x70\x74\x20\x6e\x6f\x72\x65\x6c\x79\
\x20\x6e\x6f\x72\x65\x73\x65\x74\x6c\x6f\x67\x73\x20\x6e\x6f\x72\
\x65\x76\x65\x72\x73\x65\x20\x6e\x6f\x72\x6d\x61\x6c\x20\x6e\x6f\
\x72\x6f\x77\x64\x65\x70\x65\x6e\x64\x65\x6e\x63\x69\x65\x73\x20\
\x6e\x6f\x73\x63\x68\x65\x6d\x61\x63\x68\x65\x63\x6b\x20\x6e\x6f\
\x73\x77\x69\x74\x63\x68\x20\x6e\x6f\x74\x20\x6e\x6f\x74\x68\x69\
\x6e\x67\x20\x6e\x6f\x74\x69\x63\x65\x20\x6e\x6f\x74\x72\x69\x6d\
\x20\x6e\x6f\x76\x61\x6c\x69\x64\x61\x74\x65\x20\x6e\x6f\x77\x20\
\x6e\x6f\x77\x61\x69\x74\x20\x6e\x74\x68\x5f\x76\x61\x6c\x75\x65\
\x20\x6e\x75\x6c\x6c\x69\x66\x20\x6e\x75\x6c\x6c\x73\x20\x6e\x75\
\x6d\x20\x6e\x75\x6d\x62\x20\x6e\x75\x6d\x62\x65\x20\x6e\x76\x61\
\x72\x63\x68\x61\x72\x20\x6e\x76\x61\x72\x63\x68\x61\x72\x32\x20\
\x6f\x62\x6a\x65\x63\x74\x20\x6f\x63\x69\x63\x6f\x6c\x6c\x20\x6f\
\x63\x69\x64\x61\x74\x65\x20\x6f\x63\x69\x64\x61\x74\x65\x74\x69\
\x6d\x65\x20\x6f\x63\x69\x64\x75\x72\x61\x74\x69\x6f\x6e\x20\x6f\
\x63\x69\x69\x6e\x74\x65\x72\x76\x61\x6c\x20\x6f\x63\x69\x6c\x6f\
\x62\x6c\x6f\x63\x61\x74\x6f\x72\x20\x6f\x63\x69\x6e\x75\x6d\x62\
\x65\x72\x20\x6f\x63\x69\x72\x65\x66\x20\x6f\x63\x69\x72\x65\x66\
\x63\x75\x72\x73\x6f\x72\x20\x6f\x63\x69\x72\x6f\x77\x69\x64\x20\
\x6f\x63\x69\x73\x74\x72\x69\x6e\x67\x20\x6f\x63\x69\x74\x79\x70\
\x65\x20\x6f\x63\x74\x20\x6f\x63\x74\x65\x74\x5f\x6c\x65\x6e\x67\
\x74\x68\x20\x6f\x66\x20\x6f\x66\x66\x20\x6f\x66\x66\x6c\x69\x6e\
\x65\x20\x6f\x66\x66\x73\x65\x74\x20\x6f\x69\x64\x20\x6f\x69\x64\
\x69\x6e\x64\x65\x78\x20\x6f\x6c\x64\x20\x6f\x6e\x20\x6f\x6e\x6c\
\x69\x6e\x65\x20\x6f\x6e\x6c\x79\x20\x6f\x70\x61\x71\x75\x65\x20\
\x6f\x70\x65\x6e\x20\x6f\x70\x65\x72\x61\x74\x69\x6f\x6e\x73\x20\
\x6f\x70\x65\x72\x61\x74\x6f\x72\x20\x6f\x70\x74\x69\x6d\x61\x6c\
\x20\x6f\x70\x74\x69\x6d\x69\x7a\x65\x20\x6f\x70\x74\x69\x6f\x6e\
\x20\x6f\x70\x74\x69\x6f\x6e\x61\x6c\x6c\x79\x20\x6f\x72\x20\x6f\
\x72\x61\x63\x6c\x65\x20\x6f\x72\x61\x63\x6c\x65\x5f\x64\x61\x74\
\x65\x20\x6f\x72\x61\x64\x61\x74\x61\x20\x6f\x72\x64\x20\x6f\x72\
\x64\x61\x75\x64\x69\x6f\x20\x6f\x72\x64\x64\x69\x63\x6f\x6d\x20\
\x6f\x72\x64\x64\x6f\x63\x20\x6f\x72\x64\x65\x72\x20\x6f\x72\x64\
\x69\x6d\x61\x67\x65\x20\x6f\x72\x64\x69\x6e\x61\x6c\x69\x74\x79\
\x20\x6f\x72\x64\x76\x69\x64\x65\x6f\x20\x6f\x72\x67\x61\x6e\x69\
\x7a\x61\x74\x69\x6f\x6e\x20\x6f\x72\x6c\x61\x6e\x79\x20\x6f\x72\
\x6c\x76\x61\x72\x79\x20\x6f\x75\x74\x20\x6f\x75\x74\x65\x72\x20\
\x6f\x75\x74\x66\x69\x6c\x65\x20\x6f\x75\x74\x6c\x69\x6e\x65\x20\
\x6f\x75\x74\x70\x75\x74\x20\x6f\x76\x65\x72\x20\x6f\x76\x65\x72\
\x66\x6c\x6f\x77\x20\x6f\x76\x65\x72\x72\x69\x64\x69\x6e\x67\x20\
\x70\x61\x63\x6b\x61\x67\x65\x20\x70\x61\x64\x20\x70\x61\x72\x61\
\x6c\x6c\x65\x6c\x20\x70\x61\x72\x61\x6c\x6c\x65\x6c\x5f\x65\x6e\
\x61\x62\x6c\x65\x20\x70\x61\x72\x61\x6d\x65\x74\x65\x72\x73\x20\
\x70\x61\x72\x65\x6e\x74\x20\x70\x61\x72\x73\x65\x20\x70\x61\x72\
\x74\x69\x61\x6c\x20\x70\x61\x72\x74\x69\x74\x69\x6f\x6e\x20\x70\
\x61\x72\x74\x69\x74\x69\x6f\x6e\x73\x20\x70\x61\x73\x63\x61\x6c\
\x20\x70\x61\x73\x73\x69\x6e\x67\x20\x70\x61\x73\x73\x77\x6f\x72\
\x64\x20\x70\x61\x73\x73\x77\x6f\x72\x64\x5f\x67\x72\x61\x63\x65\
\x5f\x74\x69\x6d\x65\x20\x70\x61\x73\x73\x77\x6f\x72\x64\x5f\x6c\
\x6f\x63\x6b\x5f\x74\x69\x6d\x65\x20\x70\x61\x73\x73\x77\x6f\x72\
\x64\x5f\x72\x65\x75\x73\x65\x5f\x6d\x61\x78\x20\x70\x61\x73\x73\
\x77\x6f\x72\x64\x5f\x72\x65\x75\x73\x65\x5f\x74\x69\x6d\x65\x20\
\x70\x61\x73\x73\x77\x6f\x72\x64\x5f\x76\x65\x72\x69\x66\x79\x5f\
\x66\x75\x6e\x63\x74\x69\x6f\x6e\x20\x70\x61\x74\x63\x68\x20\x70\
\x61\x74\x68\x20\x70\x61\x74\x69\x6e\x64\x65\x78\x20\x70\x63\x74\
\x69\x6e\x63\x72\x65\x61\x73\x65\x20\x70\x63\x74\x74\x68\x72\x65\
\x73\x68\x6f\x6c\x64\x20\x70\x63\x74\x75\x73\x65\x64\x20\x70\x63\
\x74\x76\x65\x72\x73\x69\x6f\x6e\x20\x70\x65\x72\x63\x65\x6e\x74\
\x20\x70\x65\x72\x63\x65\x6e\x74\x5f\x72\x61\x6e\x6b\x20\x70\x65\
\x72\x63\x65\x6e\x74\x69\x6c\x65\x5f\x63\x6f\x6e\x74\x20\x70\x65\
\x72\x63\x65\x6e\x74\x69\x6c\x65\x5f\x64\x69\x73\x63\x20\x70\x65\
\x72\x66\x6f\x72\x6d\x61\x6e\x63\x65\x20\x70\x65\x72\x69\x6f\x64\
\x20\x70\x65\x72\x69\x6f\x64\x5f\x61\x64\x64\x20\x70\x65\x72\x69\
\x6f\x64\x5f\x64\x69\x66\x66\x20\x70\x65\x72\x6d\x61\x6e\x65\x6e\
\x74\x20\x70\x68\x79\x73\x69\x63\x61\x6c\x20\x70\x69\x20\x70\x69\
\x70\x65\x20\x70\x69\x70\x65\x6c\x69\x6e\x65\x64\x20\x70\x69\x76\
\x6f\x74\x20\x70\x6c\x75\x67\x67\x61\x62\x6c\x65\x20\x70\x6c\x75\
\x67\x69\x6e\x20\x70\x6f\x6c\x69\x63\x79\x20\x70\x6f\x73\x69\x74\
\x69\x6f\x6e\x20\x70\x6f\x73\x74\x5f\x74\x72\x61\x6e\x73\x61\x63\
\x74\x69\x6f\x6e\x20\x70\x6f\x77\x20\x70\x6f\x77\x65\x72\x20\x70\
\x72\x61\x67\x6d\x61\x20\x70\x72\x65\x62\x75\x69\x6c\x74\x20\x70\
\x72\x65\x63\x65\x64\x65\x73\x20\x70\x72\x65\x63\x65\x64\x69\x6e\
\x67\x20\x70\x72\x65\x63\x69\x73\x69\x6f\x6e\x20\x70\x72\x65\x64\
\x69\x63\x74\x69\x6f\x6e\x20\x70\x72\x65\x64\x69\x63\x74\x69\x6f\
\x6e\x5f\x63\x6f\x73\x74\x20\x70\x72\x65\x64\x69\x63\x74\x69\x6f\
\x6e\x5f\x64\x65\x74\x61\x69\x6c\x73\x20\x70\x72\x65\x64\x69\x63\
\x74\x69\x6f\x6e\x5f\x70\x72\x6f\x62\x61\x62\x69\x6c\x69\x74\x79\
\x20\x70\x72\x65\x64\x69\x63\x74\x69\x6f\x6e\x5f\x73\x65\x74\x20\
\x70\x72\x65\x70\x61\x72\x65\x20\x70\x72\x65\x73\x65\x6e\x74\x20\
\x70\x72\x65\x73\x65\x72\x76\x65\x20\x70\x72\x69\x6f\x72\x20\x70\
\x72\x69\x6f\x72\x69\x74\x79\x20\x70\x72\x69\x76\x61\x74\x65\x20\
\x70\x72\x69\x76\x61\x74\x65\x5f\x73\x67\x61\x20\x70\x72\x69\x76\
\x69\x6c\x65\x67\x65\x73\x20\x70\x72\x6f\x63\x65\x64\x75\x72\x61\
\x6c\x20\x70\x72\x6f\x63\x65\x64\x75\x72\x65\x20\x70\x72\x6f\x63\
\x65\x64\x75\x72\x65\x5f\x61\x6e\x61\x6c\x79\x7a\x65\x20\x70\x72\
\x6f\x63\x65\x73\x73\x6c\x69\x73\x74\x20\x70\x72\x6f\x66\x69\x6c\
\x65\x73\x20\x70\x72\x6f\x6a\x65\x63\x74\x20\x70\x72\x6f\x6d\x70\
\x74\x20\x70\x72\x6f\x74\x65\x63\x74\x69\x6f\x6e\x20\x70\x75\x62\
\x6c\x69\x63\x20\x70\x75\x62\x6c\x69\x73\x68\x69\x6e\x67\x73\x65\
\x72\x76\x65\x72\x6e\x61\x6d\x65\x20\x70\x75\x72\x67\x65\x20\x71\
\x75\x61\x72\x74\x65\x72\x20\x71\x75\x65\x72\x79\x20\x71\x75\x69\
\x63\x6b\x20\x71\x75\x69\x65\x73\x63\x65\x20\x71\x75\x6f\x74\x61\
\x20\x71\x75\x6f\x74\x65\x6e\x61\x6d\x65\x20\x72\x61\x64\x69\x61\
\x6e\x73\x20\x72\x61\x69\x73\x65\x20\x72\x61\x6e\x64\x20\x72\x61\
\x6e\x67\x65\x20\x72\x61\x6e\x6b\x20\x72\x61\x77\x20\x72\x65\x61\
\x64\x20\x72\x65\x61\x64\x73\x20\x72\x65\x61\x64\x73\x69\x7a\x65\
\x20\x72\x65\x62\x75\x69\x6c\x64\x20\x72\x65\x63\x6f\x72\x64\x20\
\x72\x65\x63\x6f\x72\x64\x73\x20\x72\x65\x63\x6f\x76\x65\x72\x20\
\x72\x65\x63\x6f\x76\x65\x72\x79\x20\x72\x65\x63\x75\x72\x73\x69\
\x76\x65\x20\x72\x65\x63\x79\x63\x6c\x65\x20\x72\x65\x64\x6f\x20\
\x72\x65\x64\x75\x63\x65\x64\x20\x72\x65\x66\x20\x72\x65\x66\x65\
\x72\x65\x6e\x63\x65\x20\x72\x65\x66\x65\x72\x65\x6e\x63\x65\x64\
\x20\x72\x65\x66\x65\x72\x65\x6e\x63\x65\x73\x20\x72\x65\x66\x65\
\x72\x65\x6e\x63\x69\x6e\x67\x20\x72\x65\x66\x72\x65\x73\x68\x20\
\x72\x65\x67\x65\x78\x70\x5f\x6c\x69\x6b\x65\x20\x72\x65\x67\x69\
\x73\x74\x65\x72\x20\x72\x65\x67\x72\x5f\x61\x76\x67\x78\x20\x72\
\x65\x67\x72\x5f\x61\x76\x67\x79\x20\x72\x65\x67\x72\x5f\x63\x6f\
\x75\x6e\x74\x20\x72\x65\x67\x72\x5f\x69\x6e\x74\x65\x72\x63\x65\
\x70\x74\x20\x72\x65\x67\x72\x5f\x72\x32\x20\x72\x65\x67\x72\x5f\
\x73\x6c\x6f\x70\x65\x20\x72\x65\x67\x72\x5f\x73\x78\x78\x20\x72\
\x65\x67\x72\x5f\x73\x78\x79\x20\x72\x65\x6a\x65\x63\x74\x20\x72\
\x65\x6b\x65\x79\x20\x72\x65\x6c\x61\x74\x69\x6f\x6e\x61\x6c\x20\
\x72\x65\x6c\x61\x74\x69\x76\x65\x20\x72\x65\x6c\x61\x79\x6c\x6f\
\x67\x20\x72\x65\x6c\x65\x61\x73\x65\x20\x72\x65\x6c\x65\x61\x73\
\x65\x5f\x6c\x6f\x63\x6b\x20\x72\x65\x6c\x69\x65\x73\x5f\x6f\x6e\
\x20\x72\x65\x6c\x6f\x63\x61\x74\x65\x20\x72\x65\x6c\x79\x20\x72\
\x65\x6d\x20\x72\x65\x6d\x61\x69\x6e\x64\x65\x72\x20\x72\x65\x6e\
\x61\x6d\x65\x20\x72\x65\x70\x61\x69\x72\x20\x72\x65\x70\x65\x61\
\x74\x20\x72\x65\x70\x6c\x61\x63\x65\x20\x72\x65\x70\x6c\x69\x63\
\x61\x74\x65\x20\x72\x65\x70\x6c\x69\x63\x61\x74\x69\x6f\x6e\x20\
\x72\x65\x71\x75\x69\x72\x65\x64\x20\x72\x65\x73\x65\x74\x20\x72\
\x65\x73\x65\x74\x6c\x6f\x67\x73\x20\x72\x65\x73\x69\x7a\x65\x20\
\x72\x65\x73\x6f\x75\x72\x63\x65\x20\x72\x65\x73\x70\x65\x63\x74\
\x20\x72\x65\x73\x74\x6f\x72\x65\x20\x72\x65\x73\x74\x72\x69\x63\
\x74\x65\x64\x20\x72\x65\x73\x75\x6c\x74\x20\x72\x65\x73\x75\x6c\
\x74\x5f\x63\x61\x63\x68\x65\x20\x72\x65\x73\x75\x6d\x61\x62\x6c\
\x65\x20\x72\x65\x73\x75\x6d\x65\x20\x72\x65\x74\x65\x6e\x74\x69\
\x6f\x6e\x20\x72\x65\x74\x75\x72\x6e\x20\x72\x65\x74\x75\x72\x6e\
\x69\x6e\x67\x20\x72\x65\x74\x75\x72\x6e\x73\x20\x72\x65\x75\x73\
\x65\x20\x72\x65\x76\x65\x72\x73\x65\x20\x72\x65\x76\x6f\x6b\x65\
\x20\x72\x69\x67\x68\x74\x20\x72\x6c\x69\x6b\x65\x20\x72\x6f\x6c\
\x65\x20\x72\x6f\x6c\x65\x73\x20\x72\x6f\x6c\x6c\x62\x61\x63\x6b\
\x20\x72\x6f\x6c\x6c\x69\x6e\x67\x20\x72\x6f\x6c\x6c\x75\x70\x20\
\x72\x6f\x75\x6e\x64\x20\x72\x6f\x77\x20\x72\x6f\x77\x5f\x63\x6f\
\x75\x6e\x74\x20\x72\x6f\x77\x64\x65\x70\x65\x6e\x64\x65\x6e\x63\
\x69\x65\x73\x20\x72\x6f\x77\x69\x64\x20\x72\x6f\x77\x6e\x75\x6d\
\x20\x72\x6f\x77\x73\x20\x72\x74\x72\x69\x6d\x20\x72\x75\x6c\x65\
\x73\x20\x73\x61\x66\x65\x20\x73\x61\x6c\x74\x20\x73\x61\x6d\x70\
\x6c\x65\x20\x73\x61\x76\x65\x20\x73\x61\x76\x65\x70\x6f\x69\x6e\
\x74\x20\x73\x62\x31\x20\x73\x62\x32\x20\x73\x62\x34\x20\x73\x63\
\x61\x6e\x20\x73\x63\x68\x65\x6d\x61\x20\x73\x63\x68\x65\x6d\x61\
\x63\x68\x65\x63\x6b\x20\x73\x63\x6e\x20\x73\x63\x6f\x70\x65\x20\
\x73\x63\x72\x6f\x6c\x6c\x20\x73\x64\x6f\x5f\x67\x65\x6f\x72\x61\
\x73\x74\x65\x72\x20\x73\x64\x6f\x5f\x74\x6f\x70\x6f\x5f\x67\x65\
\x6f\x6d\x65\x74\x72\x79\x20\x73\x65\x61\x72\x63\x68\x20\x73\x65\
\x63\x5f\x74\x6f\x5f\x74\x69\x6d\x65\x20\x73\x65\x63\x6f\x6e\x64\
\x20\x73\x65\x63\x74\x69\x6f\x6e\x20\x73\x65\x63\x75\x72\x65\x66\
\x69\x6c\x65\x20\x73\x65\x63\x75\x72\x69\x74\x79\x20\x73\x65\x65\
\x64\x20\x73\x65\x67\x6d\x65\x6e\x74\x20\x73\x65\x6c\x65\x63\x74\
\x20\x73\x65\x6c\x66\x20\x73\x65\x71\x75\x65\x6e\x63\x65\x20\x73\
\x65\x71\x75\x65\x6e\x74\x69\x61\x6c\x20\x73\x65\x72\x69\x61\x6c\
\x69\x7a\x61\x62\x6c\x65\x20\x73\x65\x72\x76\x65\x72\x20\x73\x65\
\x72\x76\x65\x72\x65\x72\x72\x6f\x72\x20\x73\x65\x73\x73\x69\x6f\
\x6e\x20\x73\x65\x73\x73\x69\x6f\x6e\x5f\x75\x73\x65\x72\x20\x73\
\x65\x73\x73\x69\x6f\x6e\x73\x5f\x70\x65\x72\x5f\x75\x73\x65\x72\
\x20\x73\x65\x74\x20\x73\x65\x74\x73\x20\x73\x65\x74\x74\x69\x6e\
\x67\x73\x20\x73\x68\x61\x20\x73\x68\x61\x31\x20\x73\x68\x61\x32\
\x20\x73\x68\x61\x72\x65\x20\x73\x68\x61\x72\x65\x64\x20\x73\x68\
\x61\x72\x65\x64\x5f\x70\x6f\x6f\x6c\x20\x73\x68\x6f\x72\x74\x20\
\x73\x68\x6f\x77\x20\x73\x68\x72\x69\x6e\x6b\x20\x73\x68\x75\x74\
\x64\x6f\x77\x6e\x20\x73\x69\x5f\x61\x76\x65\x72\x61\x67\x65\x63\
\x6f\x6c\x6f\x72\x20\x73\x69\x5f\x63\x6f\x6c\x6f\x72\x68\x69\x73\
\x74\x6f\x67\x72\x61\x6d\x20\x73\x69\x5f\x66\x65\x61\x74\x75\x72\
\x65\x6c\x69\x73\x74\x20\x73\x69\x5f\x70\x6f\x73\x69\x74\x69\x6f\
\x6e\x61\x6c\x63\x6f\x6c\x6f\x72\x20\x73\x69\x5f\x73\x74\x69\x6c\
\x6c\x69\x6d\x61\x67\x65\x20\x73\x69\x5f\x74\x65\x78\x74\x75\x72\
\x65\x20\x73\x69\x62\x6c\x69\x6e\x67\x73\x20\x73\x69\x64\x20\x73\
\x69\x67\x6e\x20\x73\x69\x6e\x20\x73\x69\x7a\x65\x20\x73\x69\x7a\
\x65\x5f\x74\x20\x73\x69\x7a\x65\x73\x20\x73\x6b\x69\x70\x20\x73\
\x6c\x61\x76\x65\x20\x73\x6c\x65\x65\x70\x20\x73\x6d\x61\x6c\x6c\
\x64\x61\x74\x65\x74\x69\x6d\x65\x66\x72\x6f\x6d\x70\x61\x72\x74\
\x73\x20\x73\x6d\x61\x6c\x6c\x66\x69\x6c\x65\x20\x73\x6e\x61\x70\
\x73\x68\x6f\x74\x20\x73\x6f\x6d\x65\x20\x73\x6f\x6e\x61\x6d\x65\
\x20\x73\x6f\x72\x74\x20\x73\x6f\x75\x6e\x64\x65\x78\x20\x73\x6f\
\x75\x72\x63\x65\x20\x73\x70\x61\x63\x65\x20\x73\x70\x61\x72\x73\
\x65\x20\x73\x70\x66\x69\x6c\x65\x20\x73\x70\x6c\x69\x74\x20\x73\
\x71\x6c\x20\x73\x71\x6c\x5f\x62\x69\x67\x5f\x72\x65\x73\x75\x6c\
\x74\x20\x73\x71\x6c\x5f\x62\x75\x66\x66\x65\x72\x5f\x72\x65\x73\
\x75\x6c\x74\x20\x73\x71\x6c\x5f\x63\x61\x63\x68\x65\x20\x73\x71\
\x6c\x5f\x63\x61\x6c\x63\x5f\x66\x6f\x75\x6e\x64\x5f\x72\x6f\x77\
\x73\x20\x73\x71\x6c\x5f\x73\x6d\x61\x6c\x6c\x5f\x72\x65\x73\x75\
\x6c\x74\x20\x73\x71\x6c\x5f\x76\x61\x72\x69\x61\x6e\x74\x5f\x70\
\x72\x6f\x70\x65\x72\x74\x79\x20\x73\x71\x6c\x63\x6f\x64\x65\x20\
\x73\x71\x6c\x64\x61\x74\x61\x20\x73\x71\x6c\x65\x72\x72\x6f\x72\
\x20\x73\x71\x6c\x6e\x61\x6d\x65\x20\x73\x71\x6c\x73\x74\x61\x74\
\x65\x20\x73\x71\x72\x74\x20\x73\x71\x75\x61\x72\x65\x20\x73\x74\
\x61\x6e\x64\x61\x6c\x6f\x6e\x65\x20\x73\x74\x61\x6e\x64\x62\x79\
\x20\x73\x74\x61\x72\x74\x20\x73\x74\x61\x72\x74\x69\x6e\x67\x20\
\x73\x74\x61\x72\x74\x75\x70\x20\x73\x74\x61\x74\x65\x6d\x65\x6e\
\x74\x20\x73\x74\x61\x74\x69\x63\x20\x73\x74\x61\x74\x69\x73\x74\
\x69\x63\x73\x20\x73\x74\x61\x74\x73\x5f\x62\x69\x6e\x6f\x6d\x69\
\x61\x6c\x5f\x74\x65\x73\x74\x20\x73\x74\x61\x74\x73\x5f\x63\x72\
\x6f\x73\x73\x74\x61\x62\x20\x73\x74\x61\x74\x73\x5f\x6b\x73\x5f\
\x74\x65\x73\x74\x20\x73\x74\x61\x74\x73\x5f\x6d\x6f\x64\x65\x20\
\x73\x74\x61\x74\x73\x5f\x6d\x77\x5f\x74\x65\x73\x74\x20\x73\x74\
\x61\x74\x73\x5f\x6f\x6e\x65\x5f\x77\x61\x79\x5f\x61\x6e\x6f\x76\
\x61\x20\x73\x74\x61\x74\x73\x5f\x74\x5f\x74\x65\x73\x74\x5f\x20\
\x73\x74\x61\x74\x73\x5f\x74\x5f\x74\x65\x73\x74\x5f\x69\x6e\x64\
\x65\x70\x20\x73\x74\x61\x74\x73\x5f\x74\x5f\x74\x65\x73\x74\x5f\
\x6f\x6e\x65\x20\x73\x74\x61\x74\x73\x5f\x74\x5f\x74\x65\x73\x74\
\x5f\x70\x61\x69\x72\x65\x64\x20\x73\x74\x61\x74\x73\x5f\x77\x73\
\x72\x5f\x74\x65\x73\x74\x20\x73\x74\x61\x74\x75\x73\x20\x73\x74\
\x64\x20\x73\x74\x64\x64\x65\x76\x20\x73\x74\x64\x64\x65\x76\x5f\
\x70\x6f\x70\x20\x73\x74\x64\x64\x65\x76\x5f\x73\x61\x6d\x70\x20\
\x73\x74\x64\x65\x76\x20\x73\x74\x6f\x70\x20\x73\x74\x6f\x72\x61\
\x67\x65\x20\x73\x74\x6f\x72\x65\x20\x73\x74\x6f\x72\x65\x64\x20\
\x73\x74\x72\x20\x73\x74\x72\x5f\x74\x6f\x5f\x64\x61\x74\x65\x20\
\x73\x74\x72\x61\x69\x67\x68\x74\x5f\x6a\x6f\x69\x6e\x20\x73\x74\
\x72\x63\x6d\x70\x20\x73\x74\x72\x69\x63\x74\x20\x73\x74\x72\x69\
\x6e\x67\x20\x73\x74\x72\x75\x63\x74\x20\x73\x74\x75\x66\x66\x20\
\x73\x74\x79\x6c\x65\x20\x73\x75\x62\x64\x61\x74\x65\x20\x73\x75\
\x62\x70\x61\x72\x74\x69\x74\x69\x6f\x6e\x20\x73\x75\x62\x70\x61\
\x72\x74\x69\x74\x69\x6f\x6e\x73\x20\x73\x75\x62\x73\x74\x69\x74\
\x75\x74\x61\x62\x6c\x65\x20\x73\x75\x62\x73\x74\x72\x20\x73\x75\
\x62\x73\x74\x72\x69\x6e\x67\x20\x73\x75\x62\x74\x69\x6d\x65\x20\
\x73\x75\x62\x74\x72\x69\x6e\x67\x5f\x69\x6e\x64\x65\x78\x20\x73\
\x75\x62\x74\x79\x70\x65\x20\x73\x75\x63\x63\x65\x73\x73\x20\x73\
\x75\x6d\x20\x73\x75\x73\x70\x65\x6e\x64\x20\x73\x77\x69\x74\x63\
\x68\x20\x73\x77\x69\x74\x63\x68\x6f\x66\x66\x73\x65\x74\x20\x73\
\x77\x69\x74\x63\x68\x6f\x76\x65\x72\x20\x73\x79\x6e\x63\x20\x73\
\x79\x6e\x63\x68\x72\x6f\x6e\x6f\x75\x73\x20\x73\x79\x6e\x6f\x6e\
\x79\x6d\x20\x73\x79\x73\x20\x73\x79\x73\x5f\x78\x6d\x6c\x61\x67\
\x67\x20\x73\x79\x73\x61\x73\x6d\x20\x73\x79\x73\x61\x75\x78\x20\
\x73\x79\x73\x64\x61\x74\x65\x20\x73\x79\x73\x64\x61\x74\x65\x74\
\x69\x6d\x65\x6f\x66\x66\x73\x65\x74\x20\x73\x79\x73\x64\x62\x61\
\x20\x73\x79\x73\x6f\x70\x65\x72\x20\x73\x79\x73\x74\x65\x6d\x20\
\x73\x79\x73\x74\x65\x6d\x5f\x75\x73\x65\x72\x20\x73\x79\x73\x75\
\x74\x63\x64\x61\x74\x65\x74\x69\x6d\x65\x20\x74\x61\x62\x6c\x65\
\x20\x74\x61\x62\x6c\x65\x73\x20\x74\x61\x62\x6c\x65\x73\x70\x61\
\x63\x65\x20\x74\x61\x6e\x20\x74\x64\x6f\x20\x74\x65\x6d\x70\x6c\
\x61\x74\x65\x20\x74\x65\x6d\x70\x6f\x72\x61\x72\x79\x20\x74\x65\
\x72\x6d\x69\x6e\x61\x74\x65\x64\x20\x74\x65\x72\x74\x69\x61\x72\
\x79\x5f\x77\x65\x69\x67\x68\x74\x73\x20\x74\x65\x73\x74\x20\x74\
\x68\x61\x6e\x20\x74\x68\x65\x6e\x20\x74\x68\x72\x65\x61\x64\x20\
\x74\x68\x72\x6f\x75\x67\x68\x20\x74\x69\x65\x72\x20\x74\x69\x65\
\x73\x20\x74\x69\x6d\x65\x20\x74\x69\x6d\x65\x5f\x66\x6f\x72\x6d\
\x61\x74\x20\x74\x69\x6d\x65\x5f\x7a\x6f\x6e\x65\x20\x74\x69\x6d\
\x65\x64\x69\x66\x66\x20\x74\x69\x6d\x65\x66\x72\x6f\x6d\x70\x61\
\x72\x74\x73\x20\x74\x69\x6d\x65\x6f\x75\x74\x20\x74\x69\x6d\x65\
\x73\x74\x61\x6d\x70\x20\x74\x69\x6d\x65\x73\x74\x61\x6d\x70\x61\
\x64\x64\x20\x74\x69\x6d\x65\x73\x74\x61\x6d\x70\x64\x69\x66\x66\
\x20\x74\x69\x6d\x65\x7a\x6f\x6e\x65\x5f\x61\x62\x62\x72\x20\x74\
\x69\x6d\x65\x7a\x6f\x6e\x65\x5f\x6d\x69\x6e\x75\x74\x65\x20\x74\
\x69\x6d\x65\x7a\x6f\x6e\x65\x5f\x72\x65\x67\x69\x6f\x6e\x20\x74\
\x6f\x20\x74\x6f\x5f\x62\x61\x73\x65\x36\x34\x20\x74\x6f\x5f\x64\
\x61\x74\x65\x20\x74\x6f\x5f\x64\x61\x79\x73\x20\x74\x6f\x5f\x73\
\x65\x63\x6f\x6e\x64\x73\x20\x74\x6f\x64\x61\x74\x65\x74\x69\x6d\
\x65\x6f\x66\x66\x73\x65\x74\x20\x74\x72\x61\x63\x65\x20\x74\x72\
\x61\x63\x6b\x69\x6e\x67\x20\x74\x72\x61\x6e\x73\x61\x63\x74\x69\
\x6f\x6e\x20\x74\x72\x61\x6e\x73\x61\x63\x74\x69\x6f\x6e\x61\x6c\
\x20\x74\x72\x61\x6e\x73\x6c\x61\x74\x65\x20\x74\x72\x61\x6e\x73\
\x6c\x61\x74\x69\x6f\x6e\x20\x74\x72\x65\x61\x74\x20\x74\x72\x69\
\x67\x67\x65\x72\x20\x74\x72\x69\x67\x67\x65\x72\x5f\x6e\x65\x73\
\x74\x6c\x65\x76\x65\x6c\x20\x74\x72\x69\x67\x67\x65\x72\x73\x20\
\x74\x72\x69\x6d\x20\x74\x72\x75\x6e\x63\x61\x74\x65\x20\x74\x72\
\x79\x5f\x63\x61\x73\x74\x20\x74\x72\x79\x5f\x63\x6f\x6e\x76\x65\
\x72\x74\x20\x74\x72\x79\x5f\x70\x61\x72\x73\x65\x20\x74\x79\x70\
\x65\x20\x75\x62\x31\x20\x75\x62\x32\x20\x75\x62\x34\x20\x75\x63\
\x61\x73\x65\x20\x75\x6e\x61\x72\x63\x68\x69\x76\x65\x64\x20\x75\
\x6e\x62\x6f\x75\x6e\x64\x65\x64\x20\x75\x6e\x63\x6f\x6d\x70\x72\
\x65\x73\x73\x20\x75\x6e\x64\x65\x72\x20\x75\x6e\x64\x6f\x20\x75\
\x6e\x68\x65\x78\x20\x75\x6e\x69\x63\x6f\x64\x65\x20\x75\x6e\x69\
\x66\x6f\x72\x6d\x20\x75\x6e\x69\x6e\x73\x74\x61\x6c\x6c\x20\x75\
\x6e\x69\x6f\x6e\x20\x75\x6e\x69\x71\x75\x65\x20\x75\x6e\x69\x78\
\x5f\x74\x69\x6d\x65\x73\x74\x61\x6d\x70\x20\x75\x6e\x6b\x6e\x6f\
\x77\x6e\x20\x75\x6e\x6c\x69\x6d\x69\x74\x65\x64\x20\x75\x6e\x6c\
\x6f\x63\x6b\x20\x75\x6e\x70\x69\x76\x6f\x74\x20\x75\x6e\x72\x65\
\x63\x6f\x76\x65\x72\x61\x62\x6c\x65\x20\x75\x6e\x73\x61\x66\x65\
\x20\x75\x6e\x73\x69\x67\x6e\x65\x64\x20\x75\x6e\x74\x69\x6c\x20\
\x75\x6e\x74\x72\x75\x73\x74\x65\x64\x20\x75\x6e\x75\x73\x61\x62\
\x6c\x65\x20\x75\x6e\x75\x73\x65\x64\x20\x75\x70\x64\x61\x74\x65\
\x20\x75\x70\x64\x61\x74\x65\x64\x20\x75\x70\x67\x72\x61\x64\x65\
\x20\x75\x70\x70\x65\x64\x20\x75\x70\x70\x65\x72\x20\x75\x70\x73\
\x65\x72\x74\x20\x75\x72\x6c\x20\x75\x72\x6f\x77\x69\x64\x20\x75\
\x73\x61\x62\x6c\x65\x20\x75\x73\x61\x67\x65\x20\x75\x73\x65\x20\
\x75\x73\x65\x5f\x73\x74\x6f\x72\x65\x64\x5f\x6f\x75\x74\x6c\x69\
\x6e\x65\x73\x20\x75\x73\x65\x72\x20\x75\x73\x65\x72\x5f\x64\x61\
\x74\x61\x20\x75\x73\x65\x72\x5f\x72\x65\x73\x6f\x75\x72\x63\x65\
\x73\x20\x75\x73\x65\x72\x73\x20\x75\x73\x69\x6e\x67\x20\x75\x74\
\x63\x5f\x64\x61\x74\x65\x20\x75\x74\x63\x5f\x74\x69\x6d\x65\x73\
\x74\x61\x6d\x70\x20\x75\x75\x69\x64\x20\x75\x75\x69\x64\x5f\x73\
\x68\x6f\x72\x74\x20\x76\x61\x6c\x69\x64\x61\x74\x65\x20\x76\x61\
\x6c\x69\x64\x61\x74\x65\x5f\x70\x61\x73\x73\x77\x6f\x72\x64\x5f\
\x73\x74\x72\x65\x6e\x67\x74\x68\x20\x76\x61\x6c\x69\x64\x61\x74\
\x69\x6f\x6e\x20\x76\x61\x6c\x69\x73\x74\x20\x76\x61\x6c\x75\x65\
\x20\x76\x61\x6c\x75\x65\x73\x20\x76\x61\x72\x20\x76\x61\x72\x5f\
\x73\x61\x6d\x70\x20\x76\x61\x72\x63\x68\x61\x72\x63\x20\x76\x61\
\x72\x69\x20\x76\x61\x72\x69\x61\x20\x76\x61\x72\x69\x61\x62\x20\
\x76\x61\x72\x69\x61\x62\x6c\x20\x76\x61\x72\x69\x61\x62\x6c\x65\
\x20\x76\x61\x72\x69\x61\x62\x6c\x65\x73\x20\x76\x61\x72\x69\x61\
\x6e\x63\x65\x20\x76\x61\x72\x70\x20\x76\x61\x72\x72\x61\x77\x20\
\x76\x61\x72\x72\x61\x77\x63\x20\x76\x61\x72\x72\x61\x79\x20\x76\
\x65\x72\x69\x66\x79\x20\x76\x65\x72\x73\x69\x6f\x6e\x20\x76\x65\
\x72\x73\x69\x6f\x6e\x73\x20\x76\x69\x65\x77\x20\x76\x69\x72\x74\
\x75\x61\x6c\x20\x76\x69\x73\x69\x62\x6c\x65\x20\x76\x6f\x69\x64\
\x20\x77\x61\x69\x74\x20\x77\x61\x6c\x6c\x65\x74\x20\x77\x61\x72\
\x6e\x69\x6e\x67\x20\x77\x61\x72\x6e\x69\x6e\x67\x73\x20\x77\x65\
\x65\x6b\x20\x77\x65\x65\x6b\x64\x61\x79\x20\x77\x65\x65\x6b\x6f\
\x66\x79\x65\x61\x72\x20\x77\x65\x6c\x6c\x66\x6f\x72\x6d\x65\x64\
\x20\x77\x68\x65\x6e\x20\x77\x68\x65\x6e\x65\x20\x77\x68\x65\x6e\
\x65\x76\x20\x77\x68\x65\x6e\x65\x76\x65\x20\x77\x68\x65\x6e\x65\
\x76\x65\x72\x20\x77\x68\x65\x72\x65\x20\x77\x68\x69\x6c\x65\x20\
\x77\x68\x69\x74\x65\x73\x70\x61\x63\x65\x20\x77\x69\x74\x68\x20\
\x77\x69\x74\x68\x69\x6e\x20\x77\x69\x74\x68\x6f\x75\x74\x20\x77\
\x6f\x72\x6b\x20\x77\x72\x61\x70\x70\x65\x64\x20\x78\x64\x62\x20\
\x78\x6d\x6c\x20\x78\x6d\x6c\x61\x67\x67\x20\x78\x6d\x6c\x61\x74\
\x74\x72\x69\x62\x75\x74\x65\x73\x20\x78\x6d\x6c\x63\x61\x73\x74\
\x20\x78\x6d\x6c\x63\x6f\x6c\x61\x74\x74\x76\x61\x6c\x20\x78\x6d\
\x6c\x65\x6c\x65\x6d\x65\x6e\x74\x20\x78\x6d\x6c\x65\x78\x69\x73\
\x74\x73\x20\x78\x6d\x6c\x66\x6f\x72\x65\x73\x74\x20\x78\x6d\x6c\
\x69\x6e\x64\x65\x78\x20\x78\x6d\x6c\x6e\x61\x6d\x65\x73\x70\x61\
\x63\x65\x73\x20\x78\x6d\x6c\x70\x69\x20\x78\x6d\x6c\x71\x75\x65\
\x72\x79\x20\x78\x6d\x6c\x72\x6f\x6f\x74\x20\x78\x6d\x6c\x73\x63\
\x68\x65\x6d\x61\x20\x78\x6d\x6c\x73\x65\x72\x69\x61\x6c\x69\x7a\
\x65\x20\x78\x6d\x6c\x74\x61\x62\x6c\x65\x20\x78\x6d\x6c\x74\x79\
\x70\x65\x20\x78\x6f\x72\x20\x79\x65\x61\x72\x20\x79\x65\x61\x72\
\x5f\x74\x6f\x5f\x6d\x6f\x6e\x74\x68\x20\x79\x65\x61\x72\x73\x20\
\x79\x65\x61\x72\x77\x65\x65\x6b\x22\x2c\x6c\x69\x74\x65\x72\x61\
\x6c\x3a\x22\x74\x72\x75\x65\x20\x66\x61\x6c\x73\x65\x20\x6e\x75\
\x6c\x6c\x22\x2c\x62\x75\x69\x6c\x74\x5f\x69\x6e\x3a\x22\x61\x72\
\x72\x61\x79\x20\x62\x69\x67\x69\x6e\x74\x20\x62\x69\x6e\x61\x72\
\x79\x20\x62\x69\x74\x20\x62\x6c\x6f\x62\x20\x62\x6f\x6f\x6c\x65\
\x61\x6e\x20\x63\x68\x61\x72\x20\x63\x68\x61\x72\x61\x63\x74\x65\
\x72\x20\x64\x61\x74\x65\x20\x64\x65\x63\x20\x64\x65\x63\x69\x6d\
\x61\x6c\x20\x66\x6c\x6f\x61\x74\x20\x69\x6e\x74\x20\x69\x6e\x74\
\x38\x20\x69\x6e\x74\x65\x67\x65\x72\x20\x69\x6e\x74\x65\x72\x76\
\x61\x6c\x20\x6e\x75\x6d\x62\x65\x72\x20\x6e\x75\x6d\x65\x72\x69\
\x63\x20\x72\x65\x61\x6c\x20\x72\x65\x63\x6f\x72\x64\x20\x73\x65\
\x72\x69\x61\x6c\x20\x73\x65\x72\x69\x61\x6c\x38\x20\x73\x6d\x61\
\x6c\x6c\x69\x6e\x74\x20\x74\x65\x78\x74\x20\x76\x61\x72\x63\x68\
\x61\x72\x20\x76\x61\x72\x79\x69\x6e\x67\x20\x76\x6f\x69\x64\x22\
\x7d\x2c\x63\x3a\x5b\x7b\x63\x4e\x3a\x22\x73\x74\x72\x69\x6e\x67\
\x22\x2c\x62\x3a\x22\x27\x22\x2c\x65\x3a\x22\x27\x22\x2c\x63\x3a\
\x5b\x65\x2e\x42\x45\x2c\x7b\x62\x3a\x22\x27\x27\x22\x7d\x5d\x7d\
\x2c\x7b\x63\x4e\x3a\x22\x73\x74\x72\x69\x6e\x67\x22\x2c\x62\x3a\
\x27\x22\x27\x2c\x65\x3a\x27\x22\x27\x2c\x63\x3a\x5b\x65\x2e\x42\
\x45\x2c\x7b\x62\x3a\x27\x22\x22\x27\x7d\x5d\x7d\x2c\x7b\x63\x4e\
\x3a\x22\x73\x74\x72\x69\x6e\x67\x22\x2c\x62\x3a\x22\x60\x22\x2c\
\x65\x3a\x22\x60\x22\x2c\x63\x3a\x5b\x65\x2e\x42\x45\x5d\x7d\x2c\
\x65\x2e\x43\x4e\x4d\x2c\x65\x2e\x43\x42\x43\x4d\x2c\x74\x5d\x7d\
\x2c\x65\x2e\x43\x42\x43\x4d\x2c\x74\x5d\x7d\x7d\x29\x2c\x65\x7d\
\x29\x3b\
\x00\x00\x13\xce\
\x00\
\x00\x48\x40\x78\x9c\xad\x3c\xfd\x73\xd3\xc8\x92\x3f\x3b\x7f\xc5\
\xc0\xbb\x5b\xc9\x97\xc4\x24\xec\x5e\xf1\x2a\x21\x50\x90\xe4\x8e\
\xec\xe3\x6b\x21\xc0\xbb\xa2\x28\x9e\x62\x8f\x63\x11\x59\x32\x92\
\x9c\xc4\xc7\xcb\xff\xfe\xfa\x6b\x3e\x24\x8d\x9c\xb0\x77\x5b\xb5\
\xd8\xd6\xf4\x74\xf7\xf4\xf4\xf4\xd7\xb4\x72\x99\x94\xea\xe4\xa3\
\x3a\x50\x3f\x36\x06\x79\x51\xa7\xd3\xd5\x9e\x9a\x2e\xf3\x71\x9d\
\x16\x79\x3c\xd7\x55\x95\x9c\xeb\x21\x0e\x0e\xd2\xa9\x8a\xaf\xd2\
\x7c\x52\x5c\x8d\xf4\x75\xad\xcb\x3c\xc9\xd4\x2f\xbf\xa8\xd6\xa3\
\x51\x9a\x5f\x16\x17\x32\x65\x10\x1e\x8c\x7f\x7f\xff\xe6\xf5\xa8\
\xaa\xcb\x34\x3f\x07\x82\x96\xcc\x70\x1f\xe6\xdc\x6c\x0c\x6e\xb6\
\x36\x06\xd3\x32\x99\xeb\xc3\x2c\x1d\x5f\xbc\x48\xf2\x49\xa6\x4b\
\x8f\x2d\xc1\x7e\x09\xac\xd7\x49\x79\xae\x6b\x60\x5f\x8f\xf8\xeb\
\xbe\x0c\x8c\x8b\xbc\x06\xb2\x30\x12\x45\xf8\xec\x6a\x96\x66\x5a\
\xc5\x0c\x24\xdc\xe1\x8a\xf8\xc1\x28\x9d\xa8\x03\x00\x9d\xeb\x7c\
\xf9\x75\x01\xbc\x7c\x3d\xcb\x8a\xf1\x85\x2e\x23\x01\x1d\x9c\x7c\
\x1c\xb1\x78\xe2\x1f\x4a\x5f\xea\xbc\xde\x0b\x40\x7f\x1d\x23\xc3\
\x91\xba\xa1\x95\xd0\x24\x84\x79\x3f\x2b\xae\xf2\x78\x9a\x64\x95\
\x96\x81\x52\xd7\xcb\x32\xa7\xef\x37\x2d\x4e\xea\xe4\xfc\x35\x2c\
\x9d\xd8\x79\xf6\xe1\xe8\xe4\x4d\xa4\xfe\xf9\x4f\x15\x18\xfc\x78\
\x72\x74\xfc\xc6\xf2\x17\xc2\x68\x65\x80\xe0\x11\x81\xc1\x86\x09\
\xaa\x59\x52\x3d\xab\x61\x0b\xce\x96\xb5\x5e\x33\x14\x47\x93\xa4\
\x4e\xb6\x05\x55\x34\x34\xf4\x9c\x7c\xdf\xd3\x3e\x1a\xf6\xe1\xff\
\xfe\xb9\xb7\x2f\xd8\xae\xe7\xac\xd4\xc9\x85\x83\xb7\xfb\x2c\x93\
\x16\x49\x09\x7b\xf0\xba\x98\x68\xd1\x19\xc2\x78\x4f\xc0\x40\x60\
\xad\xc5\xa3\xa6\xde\x0b\x2e\x6f\x56\xea\x29\xb0\x26\x74\x9d\x18\
\x6f\x44\x91\xce\x92\x0a\x78\x53\x93\x62\xbc\x84\xbd\xac\x47\x63\
\x60\xac\xd6\xc7\x99\xc6\x5f\x31\x72\x8c\xd0\x08\x35\x42\x54\x00\
\x2a\x4a\x0f\x2a\x91\xa0\xba\xd2\xe3\x7d\xe1\x90\xe0\x8a\x32\x3d\
\x4f\x73\x75\xcf\xae\x86\x1f\x20\x7d\xe0\x9c\x40\x16\x49\x3d\xcb\
\x51\x2a\xf7\xbc\x25\xf3\x23\x1f\xac\xd2\x49\x39\x9e\x79\x40\xfc\
\x40\x16\xe3\xe9\x2c\xc9\xd4\xe8\x6d\x96\xe6\x17\xa2\xaa\x5b\x34\
\xb0\x2c\xb3\x3d\xbb\xf9\xc0\xed\x96\xbf\xc5\x7b\xe6\x2c\xd1\x53\
\x56\xed\x1b\xa5\x41\x99\x95\xb7\x8b\x20\xd4\xd9\x28\xd3\xf9\x79\
\x3d\x53\x8f\xd5\x43\xc7\xc1\xb7\xe5\x7c\x71\x5a\xbc\x80\xe1\x38\
\x8a\xfc\xc9\x01\x80\x89\x1e\xc3\x8e\x7e\x78\x77\x72\x58\xcc\x17\
\x45\x8e\x02\xf6\xd1\x57\xcb\x33\x30\x1a\xf1\xee\xd0\x5a\x8a\x01\
\x48\xaa\xa4\x65\x1d\xe9\x69\xb2\xcc\xea\x18\x47\xd0\x7e\xc0\x24\
\xd9\xa3\xd3\x62\xe1\x6c\x87\x8a\x35\x3f\xf5\x4c\x48\xb1\x80\x4d\
\xdb\xf1\x8c\x84\x80\x90\xce\xc8\xf7\xd1\x38\x4b\xaa\xea\x65\x5a\
\xc1\x37\x90\x46\x92\xe6\x55\x1c\xe1\xd1\xdf\xae\xc6\x65\x91\x65\
\xf6\x60\x20\xb6\x4d\x30\x47\x32\xad\x98\x4e\x2b\x8d\x2c\x90\x2a\
\x1b\xc4\xed\xf1\xb7\xa4\xcd\x66\x4d\xac\x83\xc8\x97\xac\xc5\x49\
\xc8\x5f\x08\x8a\x64\x4b\x01\x23\x75\xe2\x2f\x67\xbc\x2c\x4b\xa6\
\x01\xb2\x1d\x83\x1c\x41\xcb\x0f\xf9\xd9\xfb\x1a\x34\x97\x24\x34\
\x10\x28\x92\x2b\x80\xe2\x07\x09\x80\x55\x77\x06\xeb\x2c\xca\xd5\
\xa8\xd4\x8b\x2c\x19\x6b\x9e\x87\x0b\x90\x69\xa4\x09\x11\x2b\x0f\
\x49\x21\x52\x9b\x48\x0e\x66\xeb\x6b\xf8\x1a\x8d\x66\xf5\x3c\xe3\
\xdd\x46\x1d\x61\x2a\x78\x0e\x9d\x5e\xb0\xdc\x4e\x8b\x78\xc7\x2d\
\x62\xbf\x7d\x04\x65\x4d\x4e\x6e\xf6\x18\xba\xfd\xad\x9e\xaf\xd0\
\x7e\x10\x91\xe1\xe7\x9d\x2f\x86\x68\x63\xa3\x1b\x14\xe1\x7b\x43\
\x3d\x2c\x68\x93\x13\xdf\x13\xfd\x4d\xaf\x8e\xc0\x88\x37\x14\x89\
\x31\x83\x3a\x54\xb5\xba\xd0\xab\x1d\x60\x2f\xd6\x23\xf8\xc6\x36\
\x67\x27\x1a\xca\x51\x85\xa7\xa8\xd7\xfc\x18\x30\x35\x46\x00\xfe\
\xd0\x0c\xfe\xf6\x57\xde\x1c\x83\xf2\x53\x0b\xe5\x55\x2f\xca\x4f\
\x7d\x28\xff\xfa\xa8\x89\xf2\x8f\x16\xca\xef\xbd\x28\xff\xe8\x45\
\xb9\xdb\x44\xf9\xaa\x85\x72\xde\x8b\xf2\x55\x1f\xca\x47\x8f\xac\
\xae\xc0\xc8\x5c\xd7\x09\x40\xa3\x19\x07\x04\x75\x99\xc1\x8f\x21\
\x9e\xc6\x98\x64\x02\x8f\x69\x21\xfc\xf9\x4a\x3e\x77\xcc\x09\x0c\
\x9a\x84\x7e\x63\x08\x53\x41\xe5\x73\xb1\x84\xf3\x62\x92\x4e\x53\
\x8c\x36\x2c\x65\xf5\x54\x45\xf8\x35\x52\x00\x3d\x9e\x4f\x04\x12\
\xe6\xed\xf1\xb6\x3f\xc5\xbd\x56\x7b\xbc\x61\x4f\x71\x97\xf8\xc7\
\x1f\xf8\xe3\x3b\x4d\x9b\x47\x61\xe3\xe9\x49\xed\xb8\x1a\x27\x0b\
\x1d\xf1\xa2\x7d\xd9\x3c\x7c\xb4\x7e\x61\x88\x07\x16\xb7\x28\xaa\
\x14\x15\xd3\x38\xd0\xd6\x51\x3e\x4b\xc6\x17\x32\xc1\xb7\xbf\x1d\
\xb1\xf4\xc8\x85\x97\x1b\x69\x66\x92\x9f\xdd\x38\x7f\xee\x1f\x95\
\x57\xc5\xb2\xd2\xc7\xe0\x31\xca\xc0\x69\x09\x86\x51\x38\x41\xe3\
\x04\x89\x9c\x9a\xa8\x3e\x2c\x7e\x06\xcf\x72\xe1\x21\x01\x9b\x5d\
\xbf\x97\x53\x0f\x58\x76\x0c\x5e\x7e\xa6\x27\xbd\xc7\xf9\x2a\xa9\
\xd8\x80\x36\x30\xec\x33\xe1\xc6\x33\x06\x9b\x82\xb0\xdf\x82\x1d\
\xe4\xc7\xf1\xd0\xda\x1a\x33\x67\xb9\x80\x50\x48\xff\x4e\x86\x1c\
\x2d\x0e\x12\x78\xdc\x21\x30\x14\xe8\xf1\x4c\x8f\x2f\x3e\xa6\x13\
\x5d\x54\xd6\xa1\xb5\x30\xf8\xac\x57\xb2\x1c\xb4\x50\x2e\x56\xef\
\x70\xfa\x58\xed\xee\xec\x88\x7a\x04\xec\xe8\xf3\xd5\xc9\x24\x8e\
\xce\x8a\xba\x2e\xe6\x5f\x41\x8c\x43\xcf\xe7\x25\x13\x18\x9a\xa5\
\x93\x89\xce\xa3\xb6\x0e\xfb\xd4\xf1\x90\x76\xe8\x3e\x51\x0f\xff\
\x2c\xdd\x52\xcf\x8b\x4b\xdd\x22\xed\xcb\xe3\x7d\xbd\xca\x74\xd5\
\x10\x06\x3d\x69\x88\x81\x1f\x41\x94\x74\xa0\xfc\xd1\x81\x1b\x32\
\x03\xfb\x3d\x3c\x82\x8f\x39\xe5\x30\x15\x78\x21\xd7\x06\x8e\x86\
\x27\x37\xe6\x0a\x6f\x75\x71\x7e\x9e\xe9\xc3\x59\x92\xe7\x3a\xfb\
\xbd\x48\xf3\xa6\xaa\xa5\x93\x2d\xf5\x8d\x9e\x5a\x65\x1e\x33\x6c\
\xc5\xc0\x9f\x23\xf9\x8d\x7e\x35\x9d\x7c\x01\x1a\x0c\xef\xeb\x87\
\xa0\x7f\xbe\x04\xc1\xe5\x4e\x4f\x02\x63\x5e\xea\xe4\x2b\xb9\xa1\
\xd9\xeb\x56\x0f\x71\x1f\x78\xd1\x86\x1f\xda\x81\x69\x51\xaa\x18\
\xfd\x72\x4a\x81\x13\x7c\x3c\xb6\xc8\x24\x06\xdc\x57\x9b\x9b\xa9\
\x88\xb9\x41\x0d\x66\x18\xd0\xcf\x29\xf9\x6a\x19\x9f\x2e\xb3\xcc\
\x65\x13\x02\x73\x87\x74\x82\x67\x5f\x26\xd9\x52\x4b\xcc\xd3\x14\
\x25\xe2\xfd\x62\x0d\x25\xc3\xa1\x26\x2c\x21\x56\x99\xba\x3d\x00\
\x44\x42\xd2\x69\x1f\x6f\x63\x1c\xb1\xec\xa3\x2d\xa6\xd2\xb1\x7a\
\x55\x06\x27\xb5\x82\x1c\xef\x3d\x7e\xf1\xf3\xd4\x6c\x4b\x4d\x74\
\x56\x27\x2e\x3a\x9b\xa4\xa5\xcb\x10\x60\x71\x87\x1c\xa0\x4d\x48\
\x8f\x69\x42\x0e\xfc\x0e\x47\x00\xa7\x59\x5b\xc0\x1f\x44\x59\x5d\
\x46\x26\xb1\x9d\x43\x40\x9c\xe6\x6f\x4b\x32\x3d\x84\x0e\x9c\x47\
\x59\x83\xaa\x80\xb7\xe1\xc1\x77\xe9\xf9\xac\x66\xbf\x43\xbf\x5f\
\xea\x69\x1d\x19\xff\xea\x31\x44\xf8\x60\x33\xe7\x14\x90\x7a\x39\
\x15\xd8\xb3\xb2\xaa\x0f\x21\x1a\x26\x8d\x23\x38\x54\x13\x84\x1d\
\x55\x9e\xd8\x73\x4e\x01\x37\xab\x11\x0b\x76\x93\xd7\x4b\x10\xe6\
\x19\x04\x07\x0c\x06\x07\x45\xb4\x63\x08\xbc\xee\x00\x7f\x76\x60\
\x7b\x17\x1f\xc5\x66\x5c\x6d\x2b\x78\xb0\x47\xe8\x09\x17\x11\xc6\
\x5f\xef\xd3\x33\xc8\x5e\xce\x3d\x06\xf9\x14\x7e\x76\x62\xc1\xd3\
\x12\x6f\x83\xa9\x53\xff\xa1\x84\x87\x21\xc6\xa4\xff\x1e\xb5\x93\
\x0f\x58\xf3\x9f\x45\x0c\x53\x3b\x98\x5d\xe8\x4e\xa9\xbe\x9c\xc7\
\x34\x4f\xeb\xb7\xa5\x7e\x8e\x15\x82\xee\x49\xa4\xac\x75\x96\x7d\
\xab\x7a\xf3\x4f\xf0\xf9\xfd\x27\xd4\x1a\x25\x80\xea\x3f\x9b\x88\
\xc2\x9e\xcb\x74\x73\xd3\x2b\x7f\xe0\x10\x9c\xc3\x50\xca\x9f\x25\
\xf9\xf9\x12\x63\x7b\x9b\xf3\x23\x9f\x10\x50\x9c\xcf\x32\x54\x30\
\x5a\x91\x41\xd0\x39\x14\xb8\xec\xe3\xf9\x99\x9e\xf4\x2c\x9c\x58\
\x24\x67\x7c\x87\xd5\x31\x60\xff\x02\x05\x51\x60\x8d\xb1\x25\xcb\
\x30\xad\xe8\x08\xfc\xda\x31\x46\x0f\x78\xdc\x75\xae\xcb\x38\x92\
\x5a\x14\x1c\x76\x77\x8c\x2f\x5d\x1a\x21\xa9\x05\x3e\x19\x55\xc5\
\xb2\x1c\xb3\x31\x61\xe4\x94\x1a\xc2\xc8\x27\x42\x0e\x27\x97\x67\
\x48\x4c\xe5\xa5\xfd\x42\x9d\x1f\x58\xcc\x7e\x0d\x47\xca\x1e\x90\
\x4f\x96\x2b\x3b\x4e\x06\x04\xb6\x06\x16\x4e\x15\x34\x38\xb0\x95\
\x16\x66\xf0\xf9\xd0\x4c\x55\xe3\xa4\x1e\xcf\x62\x3d\x0c\x4d\xfd\
\x71\xd3\xa4\x40\x46\x01\x86\x46\x84\xe8\x74\xb5\xe0\x52\x0c\xec\
\x6b\xfa\xbf\xfa\xab\x48\xde\x22\x6a\x42\x1f\xe1\xb7\x99\x46\x75\
\x70\x20\x03\x91\x06\x9d\x1f\x19\xc5\x3d\x0e\xcd\xc2\xe3\xb3\xb8\
\x8e\x84\x23\xc3\x12\x7f\xdc\x6c\x29\xaf\x66\x76\x33\x94\x2d\xb4\
\xea\x26\x9a\x06\x7b\xf8\x2e\x5d\x2c\x32\xed\xbb\xd8\x33\xf2\x7c\
\x5b\xea\x7a\x4b\xad\x7c\x9f\x57\x12\xe4\x9a\x7a\x4e\xb5\x48\x24\
\xce\x60\xd0\x76\x10\xc4\x4f\x11\xc2\xe2\x4c\xc1\x6d\x94\x77\x42\
\x49\x90\x6d\x8c\xf4\x90\xc7\xaf\xd5\xf6\x81\x62\xd6\xa5\x32\x80\
\xa6\x1b\x47\x56\x9d\x11\x8a\x2d\x2d\x0f\xf3\x6b\x65\xc7\xc7\x59\
\x4a\x4a\x38\x21\x43\x7a\xed\x72\xb5\xf9\xaa\x0d\xf4\x82\x37\x61\
\x5b\xad\x1c\x54\xf5\x7d\x17\xc0\xae\xc1\xc8\x61\x2a\xbf\x82\xcf\
\xc6\xe0\x43\x18\x9c\xe3\xe8\x3c\x38\xfc\xab\x37\x77\x8e\xa3\xf3\
\xc6\xf0\x6f\x8d\xd9\x1d\x80\x32\x99\xa4\x4b\x34\x08\xaf\x92\x7a\
\x36\xaa\xbe\x97\x75\x4c\xdf\xe6\xc9\x75\x0c\x7c\x6d\x21\x7d\xfc\
\xe7\x57\xfc\xe7\xb7\x21\xef\x02\x4b\x95\xb5\xed\x8a\x56\x7d\xa0\
\xfc\x67\x56\x03\xff\xf1\x6f\x3f\x1e\x02\x41\x26\x72\xb3\xb8\xfe\
\xc7\x7e\x6b\x76\x06\xd2\x66\x38\xd8\x89\x35\x70\x5c\x32\x02\xb0\
\x55\x0f\x58\xdf\x16\x3b\xb5\xea\x5a\x9e\x24\x4f\xe7\x54\x30\xd4\
\xf9\xc4\x33\x3f\x36\x33\x61\xcb\x33\xb2\x60\x52\x34\x85\xa3\x3a\
\x4d\x26\xfa\xcd\xb2\x76\xb5\x60\x26\x21\xc1\xb3\x67\x9a\x9b\x1c\
\x2c\x16\x40\x89\x5c\x5d\x4c\x0c\x72\x21\x93\xd5\xc3\x1f\x64\x78\
\x13\x5f\x42\x3a\xb9\xe0\xf3\x56\x75\x0f\x9c\x7f\xd4\xb0\xa4\x6e\
\xb4\x0d\xbe\x3f\xf5\xbe\xef\xc9\x77\x47\x30\xec\x03\x28\x35\x48\
\x27\x5e\xb9\x81\x79\xa9\x1c\xe6\xbe\x80\xd5\x9d\xd3\xb0\xcb\x10\
\x44\xbd\xe1\xaa\x35\x14\x02\x68\x82\x55\x72\xd8\x1d\xd3\xe0\x6a\
\x82\x90\xa9\x40\x18\xe1\x7c\x66\xd8\x8a\x18\xa8\x90\xd7\xf4\xa5\
\xfa\xb3\x65\xbd\x75\xf5\x3b\x53\xbb\x53\x11\x68\x17\x16\x0c\xc0\
\xcd\x7d\x28\xb3\x78\x67\x68\xd2\x4e\xaf\x12\xeb\xd7\x07\xb7\x54\
\x5d\x52\xd8\x1b\x4e\x7f\x5b\x34\x2b\x24\x26\xf9\xaf\xe0\xed\x64\
\xc7\x20\x61\xfa\x2a\xc9\xb3\x9f\x92\x7b\x36\x8d\x77\xf8\x4e\xe9\
\xc9\x34\xbd\xd6\x93\xaf\x3c\xc1\xdb\xf3\x4c\xd7\xfe\x9e\x0b\xc2\
\xde\x3d\xb7\xaa\x28\x80\x66\xcf\xcd\x99\xe8\x06\x0b\x58\x71\xe0\
\x2a\x49\xe0\xbc\xe2\xd2\xad\x73\xc2\x52\x18\xcb\xf4\x94\x2a\xda\
\x5b\x58\x60\x22\x1b\xfc\x77\xf7\xf5\x7f\x8c\xab\xbb\x03\x59\xc8\
\x94\x83\x44\xbd\xc3\xd7\x22\x09\x27\x8f\xfd\x2c\x7a\x8f\x74\xae\
\x8b\x65\x1d\xb7\x55\xcd\x64\xc5\xf6\x8c\x9b\xe3\x47\xee\x78\xe7\
\x27\xf8\xcb\x74\x72\xa9\x7b\xe5\xe2\x53\x68\xb1\xe9\xd3\xb8\x61\
\x05\xc2\x63\xf1\x4a\x4f\xd2\x24\x36\xaa\xda\x29\xfe\x80\xcb\x9d\
\xac\xb8\xf4\x23\x4a\x57\x40\x70\xc6\x5a\xf5\x5f\xa0\x3e\x95\x9d\
\xda\x50\x37\x9b\x36\x5b\x12\xe1\xe3\xd7\xd0\xd7\x96\x3a\x3b\xeb\
\xb4\x98\x15\x75\x41\xd5\x04\x1a\xea\x55\x57\x82\xeb\xd7\x53\x46\
\xd3\xab\xa6\x34\x0c\xd0\x0c\xe6\x1b\x26\x7a\x12\x34\x4b\x59\x01\
\x3e\x62\xd2\xbc\xbe\x4b\xf3\xa5\x16\x03\xe4\x90\x2f\xcb\xcc\xa0\
\x16\x67\x87\x95\xc3\xf3\xb2\x80\x7c\xf9\x64\x0e\xab\x76\x56\x10\
\x41\x21\x3b\x85\x0f\x77\xf1\xf3\xa8\x87\x80\x84\xa0\xe9\xfc\x1c\
\xb0\xe7\xfa\x4a\x11\x2e\x53\xc1\x9c\x9f\x83\x49\x40\x16\x31\xc7\
\xec\x68\x64\x7b\x55\x64\x41\xcd\x82\x1c\x7e\xc4\x52\x95\x63\x40\
\x81\x1c\xc9\x5d\xd1\x7f\x6e\xf9\xfc\x6d\xab\x47\xae\x66\x8a\xf0\
\x68\x48\x41\xf8\xfa\xee\xa4\x8c\xf2\x3e\x33\x6e\xb8\x62\xa9\x37\
\x4c\x39\x02\x5d\x52\xf9\x0e\xb8\xf9\xfc\xc5\x29\x88\x7d\x78\x8b\
\x82\x10\x5c\xbf\x82\x30\x9a\x5e\x05\x71\xd7\x25\x0c\x68\x54\xc4\
\x72\x35\x5a\x2c\xc1\xc6\xf3\x92\x05\x78\xcf\xcc\xe2\xda\x2e\x08\
\x72\xcf\xd4\x62\xcc\x5d\x55\xa0\x16\x03\x60\xa0\x53\x3c\x25\x59\
\x82\x58\xb2\x64\xb5\xa7\xd6\xcd\x30\x50\x10\xac\x60\xe8\xb2\x1b\
\xc9\xec\xac\xc0\x9a\xe6\xba\x99\x08\xd1\x9e\x55\xcd\x93\x2c\x5b\
\x3f\x8d\x40\xda\xf3\xa6\x29\x97\x7f\xed\x44\x97\xf6\xb3\x11\xfc\
\xe5\x17\xd5\x1d\x0a\x5d\xbf\xfb\x75\x7d\xaf\x00\xc7\xc5\xdb\xae\
\x2d\x31\x6a\x50\xa5\x67\x99\xb6\xe5\xe3\x4e\x95\xb9\x01\xf6\x9c\
\x4a\xa3\xb4\x9b\x76\xda\x66\xb0\xea\xcc\x99\x01\x07\xf5\x01\xa5\
\xb3\xfb\xff\x27\xf5\x8a\x86\x3b\x5a\x15\xd4\xb9\x91\xfc\xf6\x20\
\xae\xca\x64\xd1\x77\xf3\xa9\x1e\x3c\xe0\x79\xdb\x08\xe5\xe6\xd4\
\x46\x42\xcd\xfb\x3a\x04\xf2\xab\x7f\x67\x46\x42\x74\xfb\x4a\x94\
\x3a\xb2\xe0\x96\x03\x2a\x83\x37\xe5\x0a\x5b\x2d\xf3\x9f\x78\x12\
\x36\x16\x81\x2c\x1d\x2f\x89\xd3\x3a\x5b\x2f\x1c\x34\x9e\x8a\x59\
\x3b\xb2\xa1\x98\x05\x60\xf3\x81\x96\x4d\xaa\x42\xde\xa9\x1b\x51\
\xe0\xfd\xe2\xf4\xd5\x4b\x6c\x54\x79\xcc\x02\x9e\x63\x41\x50\x91\
\x11\x3a\xb8\x1f\x49\x66\xbc\x09\x11\x2c\xa1\x23\x7d\xc6\x5a\x1f\
\xcb\x8b\xd5\x1b\x6b\x7d\x7c\xb7\x46\xa0\x51\x77\x9a\x39\x77\x26\
\x47\x07\x04\x58\x17\x42\xe6\x0e\xee\xe3\xe0\x7d\x65\x8f\xa6\x81\
\xd9\x6b\xd0\x34\x4f\x71\xaa\x05\x01\x98\x88\xfa\x03\x40\x03\x2b\
\x30\x05\x6d\xb2\x78\x68\x91\x59\x45\xa7\xb7\xcd\xa6\x2a\xf2\x71\
\x92\x23\xcd\x83\xfb\x9d\x6b\x0f\x6f\x0d\x08\xc8\x62\xc4\x23\x1d\
\x82\x7d\x62\x39\x02\xe8\xc7\x52\x99\x01\xeb\xe4\x04\x08\x03\xb2\
\x98\x72\xec\xc1\xde\x57\xf5\x6a\xa1\x0f\xee\xd3\xd8\x83\xf9\xe2\
\xb7\xfb\xea\xc1\x13\x8f\xf2\xe3\x07\x34\xf2\xc4\x94\x28\xa8\x04\
\x8b\x71\x82\xa7\xca\xad\x6a\xe9\x60\x40\x00\xe0\xd2\xa4\x54\x8d\
\x3d\x40\x6d\xcf\xa6\x1a\xa5\x42\x75\xd3\x9e\xc9\x62\x31\x15\x6d\
\xbb\xd6\x16\x98\x13\x4a\x0f\x24\x79\x46\xef\xb2\xa6\xa9\xb3\xa0\
\xfa\x4d\xed\x30\xba\xdd\x56\x6d\x4f\x75\x83\x9a\x1b\x79\x6e\x38\
\x44\xe5\x9e\x7f\x14\x2c\x91\x3b\x88\x92\xcf\xf7\x8b\x67\x1f\x8f\
\xbf\x1e\x7e\x78\xf7\xee\xf8\xf5\xe9\xd7\xa3\x67\xa7\xcf\x60\xc6\
\xc3\x7d\x7b\x3e\x19\x09\x90\x61\xb1\x50\x28\x48\x39\x8f\x7a\x72\
\xd0\x9d\xdb\x3a\xbf\xf6\x78\x62\x92\xd3\x10\xef\xda\x30\x80\xef\
\xaa\xdd\x91\x87\xd8\xa2\x65\x25\xfc\xeb\xb6\x41\x28\x6e\x20\x2a\
\xb6\x66\xe7\x6d\x97\xf3\x25\x78\xab\x70\x5a\x14\x59\x9d\x36\x2e\
\xfc\x50\xa9\xfc\x06\x16\x70\x1f\x6b\xea\x4f\x93\xf4\x92\xb9\x26\
\xc0\xf6\xb2\xe8\xa1\x3f\x8e\xc8\x0f\xb9\x90\x89\x52\x91\x12\xbc\
\x45\x7e\x56\x4c\x56\x8d\xf2\x00\xcd\xa2\xf9\xeb\xf2\x8a\x20\x6d\
\x3f\x0d\x86\xf4\xe2\xe1\xce\xce\xce\xad\x88\x9a\x8c\x70\x8d\xa3\
\xcd\x08\xe0\xfa\x55\x70\x91\x14\xc5\xb5\xfa\x22\x5c\xb5\x5a\x67\
\x70\x3b\x57\xd8\xb9\xf4\xff\x77\x45\xda\x93\xfc\xda\x36\x14\x91\
\x0b\xec\x2c\xb5\x3a\xec\x50\x28\x71\xa6\x67\xc9\x65\x5a\x94\x7b\
\x86\x3d\xb4\x9e\xf2\x95\xec\x67\x35\x2f\x8a\x7a\x86\x16\xca\x5e\
\x73\x07\xca\x01\xe1\x2c\x26\x2f\xae\xfa\x53\x18\x31\x48\xc4\x95\
\x69\x26\xd8\x53\x5e\x67\x01\xf1\x47\x2d\x3e\x7b\xb6\xd9\x87\x9e\
\xcd\xa8\x33\x29\x8e\xef\x85\x4a\x01\xa4\xd7\xb0\xbc\x60\x99\x40\
\x1a\x83\xfc\xdb\xb8\x0d\x76\x31\x9d\x26\xba\x46\x03\xd8\x06\xbb\
\x9e\x5e\x9c\x1c\x96\xb1\xa4\xf7\x68\xd9\x4f\xf1\x5f\x77\x2d\x0f\
\x92\xdc\x41\x11\x8a\x04\xa5\x16\xd2\xb8\xa4\xa5\xe5\x51\x67\x94\
\x13\x60\xa9\xab\x65\x46\x4d\xa5\xa6\xeb\xa9\xd5\xf2\xb4\xbf\xe1\
\x3a\x9e\xec\x95\x0e\xcd\xd9\x84\x49\x7f\xc1\x19\xa6\xd7\xca\xbb\
\x2f\x62\x10\xe1\x25\x87\xfd\x3f\x87\x85\x34\xf5\xb5\xc3\x0e\x05\
\x26\x4c\x1d\x0d\xac\xd9\x10\xaf\xf5\xcf\xe2\x39\x7a\xf3\x2a\xb6\
\x1b\xc6\x28\xf6\x99\x33\xff\xb2\x09\x77\x1a\x0e\x35\x1c\x48\x4c\
\x5a\x3c\x60\xdb\x51\x85\x44\xc6\x09\xf8\x18\x1e\xfd\xe2\x68\xa1\
\x6d\x44\x7d\x62\x36\xdb\x1d\x02\xad\x69\xa3\x49\x31\xef\x63\xb3\
\xcd\xe3\x1a\x2c\x72\xd9\x12\xc2\xf4\x92\x4c\x75\x17\x99\x5c\x18\
\x2c\x16\xd9\xea\x03\xb5\x0f\x4c\xc4\xd0\x75\x24\xdd\xe8\x1f\x60\
\x29\xdf\x3b\x50\x2d\x09\x87\xd8\x11\xbc\x78\x55\x18\x58\x76\xeb\
\xe6\x39\xb0\x0b\xe1\x3b\x9e\xbe\xb5\xef\xcb\x8c\xa4\xac\xd3\x31\
\x95\x2b\xfd\x46\xc7\xc6\x9d\xa2\xd2\x59\xcf\xed\x9a\x4c\x8e\x4c\
\xf3\xdc\x8d\xc1\x3a\x05\x4b\x43\x37\x1b\x77\x47\xea\x17\x39\xb0\
\x3b\x92\x51\x04\x50\x97\x14\xaf\xf7\x98\x22\xf6\x6a\x3c\x3e\x4f\
\x2e\x6c\xb5\x46\x76\x8b\x2f\xa0\xf0\xbc\x11\xf4\xbc\x28\x17\x33\
\x10\x6e\x2c\x0b\x89\x11\xf9\x70\xcb\x08\x05\xfc\x02\xfc\x20\xa6\
\x8b\xfc\xb9\x86\xbc\x07\x5c\xa3\x6c\x93\xbf\xef\x38\xeb\x38\xdb\
\x02\xc2\xc7\x99\x1f\xfd\xf3\xf3\x60\x55\x45\xd2\x74\x9b\x32\xe2\
\xd4\x3b\x01\x0a\xce\xc0\xad\x2b\x65\xd4\x4d\x84\xb7\x42\x19\x16\
\xfb\x12\x74\x89\x40\x0e\x0e\x18\x5f\x6f\x1e\x6f\x83\x95\xd6\x35\
\x76\x33\x84\x14\x62\x7e\x2e\xfc\xfe\xf8\xf0\xf4\xe4\xcd\xeb\xa8\
\xbd\xbe\x90\x28\x6c\x27\xc9\x1d\x84\x61\x5b\x3d\x9a\x02\x59\x4b\
\xba\x77\x0f\xba\x84\xfb\xa4\xdb\x25\x1b\x4b\x29\xa4\x5f\xd0\xae\
\x2b\xc5\x49\xdb\x74\xc6\xf7\x08\xdd\x4d\xf9\x39\xc9\xdf\xa5\xbe\
\x37\x68\x89\x21\x10\xc1\x72\xc4\x29\x04\xef\x09\xee\xb4\x3a\xfe\
\xbe\x4c\x32\x6c\x02\x21\xbe\x9b\x97\x47\xde\x59\xe3\x83\x6d\x8e\
\x9a\xfc\x82\x93\x66\xaa\xac\xad\x92\xad\xbe\x4c\x32\x3e\xb6\xdf\
\x2a\xdb\x9d\x27\x4e\x63\x8d\xf1\xed\xf7\x38\xfe\x53\x7b\xa9\x2d\
\x6e\xac\x61\x2a\x91\x0a\xfb\x34\x0e\xf0\x01\x04\xab\x1e\xd7\xb3\
\x52\x52\xf6\xbf\xbf\x7a\xf9\xa2\xae\x17\xef\xf4\xf7\xa5\xae\xa4\
\xa9\x12\x46\xd7\x54\x24\xfb\x49\xb8\x7d\xeb\xb1\xd8\x78\x3b\x0a\
\xb8\xc1\xe1\x2f\x20\x05\xd0\xa7\xa6\xc1\x05\xaf\x0a\xba\x6e\xc9\
\x73\xa7\xb6\xcd\x53\x5c\x34\x37\xda\xc9\x2f\xb0\xae\x78\x18\x7c\
\xf7\xb4\xce\x21\x7a\x13\x77\xbd\xce\x8d\x41\xc8\xcb\x72\x89\xe0\
\x2d\x83\x7b\xb8\xfb\x81\x9a\xe9\x22\x80\xca\x68\x33\x3c\x90\x2c\
\xc7\xc8\x1a\xf8\x89\xa3\xff\x3e\x3e\x8d\xb6\x42\xa1\xd5\xb7\xca\
\x5c\xeb\x20\x70\x05\x74\x6c\xdd\xde\x21\x5f\xef\xc3\x1b\xfa\xc2\
\xc2\x0b\xed\x61\xcf\x0e\xb7\x17\x68\x73\xc5\x4e\x08\xd5\x5d\x2a\
\x70\xb9\x31\x08\x78\xb1\x46\x2f\x3f\xfa\xb2\x6e\x94\x79\x6b\x46\
\xc7\x90\x7c\xce\xd9\x24\xaa\xc6\x5b\x09\x1e\x4c\x9d\x9c\x9d\x90\
\x40\x01\x64\x7b\xd7\x1f\xf1\x33\x79\x64\x64\x04\x66\x6a\x1e\xfb\
\xf8\xd7\xde\xd7\xdd\x16\xc5\xb2\xee\xdd\x1a\xcb\xfe\xdf\x83\x44\
\x02\xfe\xf9\xf8\xa9\xb3\xd9\x13\x13\x9a\xdc\x16\x7a\xdc\x89\xb9\
\x8e\xe9\x33\x61\x68\x63\xda\x5a\xf1\x34\x22\x73\xec\x0f\xdc\xdf\
\x68\xc5\xa6\x07\x9d\xd8\xd4\xbb\xcb\x75\xac\xf4\x5e\x8b\xb5\xf4\
\xf8\xb6\xd7\x40\xfa\xae\xa0\xfd\xf7\x42\xbc\x1b\x66\x9b\x9b\xd8\
\xcb\x39\x93\x52\xb2\x9c\xed\xaf\x4d\xb5\xbb\xdf\x25\x8f\x97\x15\
\x8e\xf6\x0f\x15\x4e\x4e\x95\x64\xa6\x9e\xf4\xf6\xe8\x5f\x75\xd3\
\xc3\x96\xe5\x89\x8b\x33\xb3\xe2\x2a\xb0\x7f\xd4\x8b\xde\x08\x51\
\xc3\xa9\x75\x42\xa7\xe3\xd6\x8b\xea\xc6\x2b\x43\x48\x99\xca\xf0\
\x5e\x09\x1e\xf0\x04\xea\xef\xe4\x0b\x61\x08\x5b\xf5\x7a\xba\x0e\
\x26\x3a\xdf\xc6\xfe\x15\x89\x5a\x30\x27\xbc\x7d\x42\x49\x9d\xa2\
\xae\x59\x81\x0f\x32\xcf\xf3\xac\xb4\x1d\x11\xe5\x33\xa5\xa9\x7e\
\xc5\xdd\x92\x1b\xae\xbb\x2a\x70\x2b\xb9\xa2\xbb\x42\x88\x20\xd2\
\x04\xa5\xfa\xf3\x75\x05\xa7\x5f\x7e\xbe\xb5\x6f\x50\xe3\x95\x26\
\x35\x09\x11\x05\x83\xc9\xd7\xc4\x27\xeb\xf1\x9a\xd3\xe4\xe9\xb1\
\x61\x97\x3b\x5b\x6f\x99\x6d\x18\xb1\x05\x99\xb6\x01\xb2\xac\xda\
\x37\x11\x42\x79\x52\x2b\x46\x32\xd2\xfc\xd2\xf1\xd3\x76\xc4\xf5\
\xff\xdd\x6c\x04\x01\xc4\xfa\x01\x59\x82\x82\x4f\xbf\x2f\xd8\xaf\
\xfb\x01\xef\x8e\x09\xf1\x0f\xc1\xc6\xea\x66\xe1\xc5\xdc\x7d\x72\
\x78\xb0\xbe\x15\xe1\xc1\x03\xf5\x69\xa6\x73\xa9\x95\xa3\xfa\x9c\
\xad\x94\xff\x46\x0b\x66\x89\x49\xae\x3e\xbc\x7b\x09\x12\xaf\x67\
\x2a\x21\xe5\xb3\x93\xf1\x70\xd5\x33\xad\xa8\xaa\xac\x6a\x20\xa4\
\xce\xca\xe2\xaa\xd2\xd4\xf6\x3c\xd6\x15\x8d\x0a\xef\x80\x0a\x7e\
\xd9\xb9\x64\x3a\xb0\xf0\xa6\x21\x08\x2c\xa6\x0c\x99\x5c\x42\x6a\
\x2f\xf0\x66\x37\x47\x66\x8a\x9d\x7a\x0a\x2c\xaa\xab\xa2\xbc\x48\
\xe8\xda\x5c\xc9\x6b\x3b\x15\xa0\x1b\x17\x25\x36\x76\xf7\xe0\x58\
\x27\x29\xaf\xfd\x82\xd4\x07\x61\x9b\xf1\x3d\x09\xe4\xa9\x6a\x18\
\x03\xac\x18\x36\xcf\xfa\x7e\x77\xb2\x34\x8a\xb5\xe6\x97\xb6\x8b\
\xbc\x61\x5d\x8c\xea\xb7\x8a\xd9\x88\xd1\x15\xef\xc5\x39\x92\x7a\
\xa2\x0a\x65\xd4\x1b\xe2\x45\x90\x8d\x87\x8d\xe2\x3b\x8e\x78\x57\
\xae\xdd\xee\x92\xba\x4c\x72\x96\x5a\x5f\xa3\x9c\xbc\xab\x0e\x88\
\xee\x66\x2b\xd9\x8e\xac\x07\x6f\x59\x4a\x47\xc2\x9d\x0e\xaf\x03\
\xb6\x75\x6c\xfc\x2a\x35\x0c\x99\x9a\x3f\x9f\x70\x7b\x3d\x8b\x93\
\xee\xd0\x10\x40\xff\x85\x5a\xda\x7a\x6f\x6f\x99\x94\xb9\xb4\xed\
\xdc\xdc\xa8\x35\xff\x49\x43\x6e\xab\x31\xd7\xd7\xc3\xa6\xdc\x02\
\x7a\xb8\x4e\x8f\xee\xa2\x87\xbd\x7a\x2c\x8a\x28\x11\x10\xfb\x0f\
\xa3\x9d\xe1\xf7\x9e\xa5\x98\xfc\x15\x4b\x01\xe7\xe6\x35\xb6\x50\
\x45\x7b\x4d\x01\x5c\xaa\xdd\x7d\x21\x10\x77\xcc\x6d\x38\x29\xad\
\x29\x5d\x4a\xb2\xd7\x97\x55\x75\x2a\x8a\xcd\xb4\xea\x96\x7c\xb1\
\xfd\x96\x5f\x2b\x21\x77\xf6\xbf\xe7\x5d\xa2\x86\x5d\x3f\x08\xd9\
\xf5\x6e\x94\x69\x3b\x05\x03\xf4\xdb\x6d\x83\xbe\x6d\x0b\xbc\x20\
\xe7\x21\xda\x18\x74\x5f\x37\x0b\x7a\x9a\x13\xef\x1d\x5f\x09\x3f\
\x8c\x3e\xac\xa1\xbe\x8e\x78\xff\xab\xea\x5e\x51\x79\xe3\xcf\xf4\
\x9b\xb5\xc1\xbb\x51\x65\xe8\xee\x68\xea\x30\xaf\xf3\x9c\xe0\x83\
\x8e\x0a\x5d\xe5\x51\x4d\x6e\x48\xc1\xd0\x5f\x90\xe1\x6d\x50\x23\
\x8c\x40\xd1\x13\x29\x7e\x4b\xa1\x52\x9f\xf4\xd9\xc7\x54\x5f\x3d\
\x54\x05\xb8\xb8\xf2\x2a\xad\xf4\xc8\xe4\x0a\x6b\xc8\x83\x3b\xda\
\xf5\x6e\xd8\x1a\xce\xa0\xf7\x75\x7b\xbf\x4d\xc7\xb9\x0e\xc4\x5b\
\x1e\x83\xe6\x53\x7c\x1f\xdb\x06\xe7\xa1\x3a\x78\xa2\xec\x2f\xe4\
\x26\x05\xc1\x0f\x0d\x4d\xfb\x97\x35\x1a\x6f\xff\xcd\xec\x3b\x90\
\x1c\x95\xd3\x65\xf0\x9a\xee\xe2\xd0\x9f\xfc\x30\xd1\xa9\x99\x0d\
\xb1\xb4\x87\xd7\xcf\x95\x9c\x5a\x0a\xec\xad\x97\x94\x06\xae\x9d\
\x75\x39\x4c\xf7\x7a\x68\xc9\x92\x84\xcb\xbb\x54\x07\x04\x94\xfe\
\xb8\x49\xe8\x6f\x9b\x20\x4c\xff\xbd\xae\x40\xd9\x12\xc6\xa5\xb4\
\x34\xfd\x40\xe1\xf3\x8f\xb7\x59\xb2\x02\xff\xcd\xcf\x36\x06\x64\
\xbd\x04\xa0\xf9\x16\x9e\x3c\x14\x53\x8b\x37\x9d\xce\xc0\xee\x6c\
\x40\x40\xba\x61\xf9\x28\x72\xfa\xcb\x14\x5e\xa9\xc1\xff\x2b\x30\
\xfb\x3e\xa0\xbc\xa2\xec\x81\xca\x6b\xfa\x0d\x28\xf7\x7a\xb1\x07\
\xe8\x5e\x52\xee\xc2\x2e\x17\x6d\xc0\x0f\x8b\x06\x14\xbf\x1a\x13\
\xe8\xb8\x30\xef\xf5\xe4\xf2\x16\x91\x4d\x6f\xc1\xf2\xd2\x03\xbb\
\x8a\xde\xf7\x8f\x16\xc5\x82\x92\x85\x40\x60\xc3\xfd\xff\x34\x6a\
\x2d\x84\xc9\x5a\xe5\xb9\xb9\xe3\xd3\xde\x5d\xa8\xfb\xe5\x6c\xe2\
\xcd\x06\x7a\x27\xbb\xa4\x0e\x1b\xf7\x01\xa7\xf8\x14\x2e\xdf\xdc\
\xa7\xaa\x61\xdb\x68\x01\x8e\x7f\x01\xbe\x08\x33\x6d\
\x00\x00\x14\xc4\
\x00\
\x00\x56\x6e\x78\x9c\xd5\x3c\x69\x73\xdb\x38\x96\x9f\xdb\xbf\x82\
\x53\x53\x5d\x6d\x77\x44\x85\xa2\x0e\xdb\x72\x4d\x6a\x64\xc7\x67\
\x62\x3b\xbe\x72\xb8\xb7\x2b\xc5\x03\x92\x60\x53\xa4\xc2\x43\xb2\
\x93\xf2\xfe\xf6\x7d\x38\x48\x02\x20\x48\xcb\xe9\x99\xa9\xd9\xe9\
\x69\xb7\x48\x02\x0f\xef\x3e\x80\x47\x0e\xe3\x28\x4a\x8d\x1f\x6b\
\xbf\x98\xe6\x38\x0a\x53\x33\x71\xc2\x64\x68\x98\xce\x7c\x1e\x20\
\x33\x79\x4c\x52\x34\x6b\x19\xbb\x01\x0e\xef\x4f\x1d\xef\x8a\x5e\
\x1f\xc0\xb8\x96\xe1\x2c\x50\x88\x63\x23\x44\x0f\xc5\x45\xcb\xb8\
\x42\x93\x08\x19\x37\xc7\xc6\x47\x27\xc6\x8e\x1b\x20\xe3\x9a\x3e\
\x4f\xe8\xfd\x0c\xb7\x8c\x29\x0a\x16\x28\xc5\x9e\x03\x33\x33\x24\
\x5c\xb7\x8c\x3d\x27\x4c\x9d\x18\x05\x41\xcb\xb8\x71\xb3\x30\xcd\
\x5a\x46\x1c\xb9\x51\x1a\xb5\x8c\x90\xfe\x4d\x9d\x69\x34\x83\x81\
\x04\x36\x0c\x22\xa8\x9a\x09\x8a\xf1\x78\xa7\x44\x9f\x5c\x0e\x8d\
\xe3\x68\xe9\x84\xc6\x79\xe0\x1b\x57\xe9\x63\x00\xcb\x8c\x08\x3d\
\xc6\xa1\x13\x3b\xb3\x28\xf4\x81\x22\x27\xb9\x47\xf1\x02\x07\xe4\
\xe1\x21\x8a\xe2\x09\x06\xc0\xd7\x78\x86\x12\xe3\x0c\x2d\x8d\x4b\
\x58\x28\x6c\x19\x6f\xe3\x08\x03\x0c\x02\x94\x3f\x05\x1a\xa3\x2c\
\xf6\x10\xbb\x69\x7c\x88\x23\x42\x1d\x7d\xce\xd6\xd8\x8b\x82\x28\
\x36\xf6\x67\xd1\x1d\x16\xf8\xa1\x5e\x5f\x3d\xce\xdc\x28\x28\xf1\
\x06\xac\xa2\xa1\x71\x8a\xc2\x20\x22\x8c\x48\x3c\xc7\xc7\x0e\xc0\
\xf2\x01\xbd\xbd\x28\x4c\xa2\xc0\x81\xa5\x4f\xa3\xd0\xf1\x60\xc0\
\x7b\xec\xa2\xd8\x49\x71\x14\x92\x5b\xe4\x46\xe6\x61\xdf\xe1\x23\
\x61\x0a\x01\x97\xcc\x1d\x0f\xed\xac\x3d\xad\xad\xb9\x91\xff\x48\
\x44\x4c\x57\x1a\x3b\x33\x1c\x3c\x0e\x8d\x85\x13\xaf\x0b\x32\xdf\
\xd8\xe1\xcf\x13\xfc\x1d\x0d\x8d\xce\xe6\xfc\x01\xee\x80\xdc\x91\
\x39\x45\x78\x32\x4d\x87\x86\xdd\xa7\xf7\xe6\x8e\xef\xe3\x70\x32\
\x34\x2c\xb8\x98\x39\xc0\xb9\x90\xfd\x76\x1d\xef\x7e\x12\x47\x59\
\xe8\x9b\x1e\x61\x42\xbe\x46\xea\x9b\x4b\x1c\xfa\xd1\xd2\x74\x27\
\x64\x99\x9a\x87\x63\xfa\xf0\x7b\x14\xcd\x84\x67\xe4\xd2\x9c\x23\
\x60\x38\xe8\xc6\x04\x6d\x50\x7a\xa6\xe9\x2c\x68\x7b\x59\x92\x46\
\xb3\xaf\x89\x17\x47\x41\x60\x0c\x87\xe6\x12\xb9\xf7\x18\xf0\xa7\
\x37\x5c\x27\x26\x14\xbb\x51\xec\xa3\xd8\x8c\x81\x9b\x19\xa8\x35\
\x10\x60\xfc\x0d\xcf\xe6\x51\x9c\x82\xae\xed\xe4\xcf\x87\x46\x17\
\x1e\x00\xe7\x40\xd6\x69\x0c\xcc\x98\x83\x1a\x86\xa9\x32\xb4\x9e\
\x3a\xb6\x24\xa1\xae\x7e\x4a\x80\xe7\x43\xc3\x03\x06\x03\x60\xd3\
\x8d\x14\x3c\x96\xd8\x4f\xa7\xc0\x75\x4b\x41\xf0\x69\x45\x5a\x87\
\xd3\x68\x81\x18\xc5\x2b\xa0\x69\x92\xc1\x1b\x3f\xb5\x90\x99\x4e\
\xb3\x99\xfb\x9f\x67\x2d\xac\xfc\xf3\xec\x7d\x19\x71\x2f\xe2\x25\
\xc5\x4b\xcb\xcf\xb5\xf6\x18\x3f\x20\xff\xab\x9b\xa5\x29\xd8\x29\
\x80\x9b\x47\x09\x26\x36\x3b\x34\xe8\x93\x66\xc2\xa7\x18\x90\x8d\
\x1f\xcd\x34\x32\xc1\x38\x42\x6e\x3a\x39\x53\xc3\x28\x44\x3b\x55\
\x19\x58\xbf\x96\xba\xd4\xb5\xa9\xb5\xe6\xc6\xcb\x2f\x81\x35\x66\
\x32\x75\x00\x24\xd8\x2c\xfc\x43\xa4\x43\x94\xae\x76\x5d\x36\x98\
\x9a\x6d\x16\x27\x04\xc5\x79\x84\x81\xcd\x31\xdc\x89\xb2\x94\x38\
\x88\x02\x9d\xef\x26\x58\x32\x7a\x20\x7a\x6c\x11\x87\x40\xd8\x32\
\x0e\xc8\x52\x53\xec\xfb\x28\x84\x5b\x19\xf8\x4a\x70\xd2\x01\xf2\
\xd2\x62\x9a\x8f\x93\x79\xe0\x80\x4b\x1a\x07\x88\xe0\x78\x07\x72\
\xc2\xe3\x47\x93\x8b\x13\xe4\x8a\xf8\x82\x4e\x80\x27\xa1\x89\x21\
\x06\x25\xc2\xdd\xd2\x21\x11\x12\x9f\x64\xc6\xaf\x24\xcd\x2a\xb3\
\x99\x48\x2b\xd0\x8c\x64\x31\xa1\x9e\x14\x02\x47\x81\x7f\x29\x57\
\x08\x5e\xe0\x95\x17\x32\x2f\x4a\x91\xd8\x3d\x49\x24\xec\x52\x5d\
\xa1\x1d\x63\x1a\x47\xda\x38\x0c\x19\xe2\x25\x7c\xc7\x05\x4b\xca\
\xd2\x5a\xd1\x53\x0b\x1b\x47\x31\x78\x50\x88\x20\x01\x5a\xb7\x88\
\xe0\x22\x08\x04\x38\x7d\x64\xa8\x38\x21\x9e\x39\x1c\x5b\xb6\xd0\
\xa0\x6f\xcd\x12\xc3\xcb\x5c\xec\x99\x2e\xfa\x8e\x51\xbc\x6e\xb5\
\x6d\xbb\x65\x74\x5a\x86\xd5\xee\x0e\xe0\xc7\x86\x01\x40\x97\x4e\
\xec\x27\x2f\x55\x5a\x93\x2d\xa2\xe1\x24\xa7\xb3\x0d\xaa\x01\xc2\
\x23\x74\x0a\xa8\x8d\x1d\x1f\x9d\x67\xa9\x61\x5b\x04\x37\xa2\x64\
\xe0\xcf\x4b\x1c\x9e\xd6\xfe\x79\x8f\x1e\xc7\x10\xcc\x21\x5c\x73\
\x32\x00\x40\x1a\x91\xbf\x55\x2e\xd8\x84\x0b\x4f\xf2\xac\x7c\x85\
\x72\x5a\xc1\x26\x4b\x3f\xfa\x38\xd4\x0d\xee\xf0\xc1\x7f\x9f\xa1\
\x30\xfb\x3a\x87\x18\xf5\xd5\x0d\x22\xef\x9e\x89\xae\xd0\x82\xed\
\xed\xed\x1d\x9d\x07\x28\x1c\x3f\x95\x5f\xae\x19\xec\x12\x80\xa6\
\xd1\xfc\x2b\xb3\xc0\x95\xa0\xc1\x70\x86\x7e\x01\x88\x2a\x9c\xbc\
\x48\x80\xc6\xe9\xb3\x01\x9b\x2d\x4a\x62\x32\x41\x03\x92\x30\xe2\
\x39\xb3\xb9\x31\x77\xd2\x29\x41\x25\x49\xe3\xe8\x1e\x35\x88\x9e\
\x46\xf3\x86\xa9\x66\x8e\x54\xbb\x27\x8f\xe3\x06\xfb\x82\x85\x4a\
\x5b\x15\x56\xa3\x11\x8a\x5c\xb0\xa8\x0a\xd4\xc6\x39\x6f\xe9\x15\
\x55\x12\xce\x3e\x36\x50\x52\x36\x19\x5a\x9b\xf9\x2f\x11\xa8\xd9\
\x1d\x30\xeb\x5d\x6b\x13\xa1\xf3\x80\x50\x6b\xae\x4d\x72\x2e\xfc\
\xa4\xf9\x20\x78\xca\xe2\x26\x28\x99\x93\xa5\x11\xb5\x20\x61\xa9\
\xe1\x38\x82\x80\x46\x16\x54\xdc\x70\x31\x0c\x62\x2e\x92\x11\x12\
\xfc\x93\x8c\xd0\x0c\x87\xa6\x82\x14\xcb\xec\x4c\xae\x2d\xbf\x2a\
\x2c\x63\x4f\xc1\x85\x11\x96\x21\x27\x41\xa0\x9a\x26\x20\x52\x2e\
\x3f\x86\xba\x82\x19\x81\x12\x82\x38\x60\xaa\xab\x66\x1e\x96\x0a\
\x4d\xd4\x25\x8d\x82\x33\x16\x41\xb7\x79\x80\xa0\x34\xe6\x31\x80\
\x04\xb4\xce\x16\x05\x2a\xa6\xb3\x2c\x75\xad\xc9\x3c\x93\xcc\x35\
\x53\xa8\x53\x78\x0a\x4a\x7f\xd2\x50\x53\x06\x19\x75\xe9\x65\x1c\
\x31\xa7\xa5\x65\x6e\x81\x4d\x5f\xa0\x18\xa8\x7d\x31\x16\x3e\xf2\
\xa2\x98\xfb\x44\x1e\x6d\x2a\x61\x58\x8b\x5a\x19\xf6\x2a\x70\x80\
\xc9\x28\x26\x0a\x43\xa7\x32\x7d\xa3\x62\x6e\x15\x57\xd4\x54\x18\
\x75\x74\x11\x13\x41\x7d\x97\x26\x82\x86\x09\xd3\x0c\x45\xdd\x24\
\xc5\x31\x73\x57\x26\x83\x6e\x9a\x92\xcf\x70\x62\x28\x0b\x99\x63\
\xe7\xfc\x34\x73\xe3\xeb\x31\x1b\x16\x4d\xa4\x6a\x37\x0f\xb9\xdd\
\xfc\xb2\x9c\x42\xca\x60\xd2\x7a\x08\xf8\x16\x83\xef\x89\x9d\x39\
\x95\xcb\x43\xee\x86\x36\x25\xe5\x24\xb9\x51\x6e\x73\x39\x1a\xd3\
\x4e\xab\xfc\x6d\x37\x96\x53\xa4\x1c\x54\xea\x29\x7b\xab\x5a\x4f\
\x75\x3b\xd2\x92\x76\x87\xab\xae\xd1\xb1\x4b\xfd\x5d\xf2\xc1\x21\
\xc4\x33\x27\x50\x4c\x95\x41\x78\xd2\xe1\xc5\x97\xed\x69\x96\xb5\
\x64\xa5\x1c\x28\xcb\xae\xa4\x9e\xc2\x9a\xfd\x52\x82\x55\x22\xca\
\x71\x20\xc2\x18\x25\x89\x82\xe0\x8b\x0c\x33\x5f\x84\x80\x66\x8b\
\xd8\x1d\xc1\xd2\x49\xa5\x5f\x32\xaa\x58\xb9\x1d\xa7\x81\xb8\xba\
\x8f\x63\xc8\x3e\xa9\x29\x04\x69\xac\xd8\x3b\x55\x4f\x1d\xda\x63\
\x3c\xc9\x62\xaa\x8c\x79\x32\xd7\x97\x93\x39\x76\x09\x9a\xe7\xa4\
\x05\x18\x41\x9d\xc8\x3f\x9d\xaa\xb3\x0b\x23\x33\x46\x73\xe4\xa4\
\x65\x3a\x2b\x44\x65\xc6\x23\x8f\xa8\x74\x4d\xca\x57\x45\xd4\x69\
\x55\x6f\xfd\x31\x8d\xd1\xf8\x4f\x82\xfc\x0b\x85\xab\x81\xd0\xec\
\x4f\x8a\x89\xcf\x2e\xe9\x78\xc4\x59\xae\xe0\xf1\x04\xa0\x6d\xea\
\x8d\x42\x27\x30\xf1\xc2\x24\x7b\x52\x9a\x42\xb4\x2b\xdb\x31\x28\
\x89\xd9\x55\xf6\x2d\xe0\x1e\xbf\xa5\x73\xde\xda\x58\x14\x10\x81\
\x9a\x2c\x75\x15\x22\x52\x85\x38\x69\x9c\xc2\x4c\x70\x40\x61\x1b\
\xb8\x82\xa0\x02\xf6\x50\x89\xfa\xd0\xf0\xc1\xaf\x21\xff\x39\xf5\
\xe7\x84\xe6\x91\x9b\xd8\x00\xff\xb7\xaa\x57\xf1\xc4\x75\xd6\xed\
\x7e\xbf\x65\x94\x7f\xac\xf6\xe6\x86\xa4\x93\x1d\x99\x2f\x76\x2d\
\x4f\x64\x5b\xaa\xa3\x43\xc4\xcc\xca\x71\x13\x19\xe0\x45\xcc\xdd\
\x0b\xf6\x6f\xb5\xb7\x7b\x68\x56\xc7\x75\x52\xad\xfa\x78\x81\x09\
\x70\xb1\x00\x2e\x84\x6d\x2b\x92\x65\xe1\x5f\x5e\x15\xe8\xbd\x97\
\xeb\xbf\xa6\x1c\xa3\x79\x77\xea\x27\x96\x4f\xb2\x79\x4b\xb8\x70\
\x2b\x0c\xd8\xec\x53\x06\x48\x3e\xba\x23\x42\x98\x8b\x0e\xd6\x92\
\x7c\xf5\x12\xf0\xa1\xd1\x0c\x92\xd8\x18\x39\xf7\x26\xb9\x21\xce\
\xcd\x02\x43\x58\x3e\x0a\x54\x60\x96\x31\x90\xd1\x85\xf0\xd8\x12\
\x2f\xda\xd3\xe0\x2e\x69\x8a\x76\x64\xab\x51\x72\xce\x3d\x22\x7e\
\x91\x2d\x9b\x65\x4a\xb6\xa2\x94\xc5\x00\x31\x60\x84\xd6\x84\xf0\
\x1a\x06\x48\x59\xc0\x02\x27\xd8\x0d\xea\x2a\x75\x99\x57\x22\xf5\
\x91\x72\xcd\x9e\x53\x86\xa8\x83\x0a\x2e\xe5\x5c\x18\x50\x1b\x20\
\x7f\x4d\x46\xba\x6c\x42\xca\x52\xf4\x5e\xa4\xb9\xa7\x5b\x52\x18\
\xac\x2c\x6b\xf2\x12\x87\x2f\xa9\xa4\xf0\x8a\x94\x8d\x57\xf4\xef\
\x0f\x25\x21\xef\xf4\x94\x94\xa2\x2b\xa4\x3d\xbd\x17\xa7\x3d\xcf\
\xe7\x1f\x4c\x9d\xc9\x9f\xed\xfa\xac\xe7\x49\x87\x03\x57\x90\xed\
\x1a\x70\x9b\x32\x21\xc0\x4a\x91\x96\x88\x5c\x8a\x12\xa3\x49\x85\
\xa5\x9b\xd5\x93\x67\xf5\xa4\x59\x16\x9d\xd5\x97\x67\xd1\x1d\x80\
\x6f\x19\xe4\xe3\x2b\x31\xac\x8a\x3b\xd7\xfa\x3c\xef\x65\x12\xb4\
\xeb\x1d\xb4\x94\x01\xe1\x14\x92\x19\x6f\x15\xef\x50\xe2\x39\x74\
\xd1\x38\x62\xea\x50\x6c\xbb\xfd\xf6\xdb\x4e\x4d\x35\xcb\x13\x75\
\x56\x48\x13\xb5\xe9\xf2\xcd\x45\x96\x9e\x77\xc5\x5d\x87\xae\x62\
\xf8\xf5\x67\x03\x3c\x25\xd0\xf8\xd9\x6e\xd5\x82\x64\x16\xe7\x8c\
\xe2\x06\x60\xdb\x1a\xf6\x59\xf5\x20\x04\xea\x63\x71\xe3\x84\x4d\
\x54\x2b\x01\x27\xc1\xfe\xbf\x46\xb0\xb9\x3b\xaf\x29\x3a\xb5\x52\
\x95\x74\xb3\x24\x41\xd2\x51\xdd\x6d\x18\x4d\x11\x97\x06\x16\xa4\
\x28\x56\xd0\xb1\x6a\x15\xda\xc3\x22\x54\x06\x40\xbe\xc7\x0b\x51\
\xf9\x66\x7b\x9e\x05\x41\x09\xe1\xa5\xc7\x51\x2c\xbb\x2e\x76\x8a\
\x29\x3e\x2b\xd7\x0d\x72\x68\xdd\x96\x25\xd0\xa7\x04\x0b\x15\x57\
\x5d\x1d\x61\x4c\x63\x21\xfd\xef\x0b\x9b\x24\xa0\xa0\xc4\xd3\x13\
\x3d\x31\x6c\x45\xc0\x22\x3f\x95\xed\x7b\xd9\xcb\xc4\xb2\x97\x89\
\x25\xa9\x6c\x71\xf0\x32\x3a\xb5\x46\x5b\xe1\x13\xb7\x27\x6a\xab\
\x9d\xe2\x40\xe6\x19\xb6\x09\x4a\xca\x19\xf4\xa4\xca\xb8\x06\x4d\
\x35\xa9\xc8\x02\x89\xb8\xda\x74\x46\x36\x58\x7d\xe0\xac\xc4\xc1\
\xaa\xf9\x73\x93\xd2\x98\xff\xeb\xdf\x05\x96\xff\x20\x9a\x91\x08\
\x02\xa7\x42\xf9\xfd\xb5\x28\x96\x37\x46\x80\x25\xdc\xc9\x0d\x71\
\x49\x06\xbc\xa7\x0d\xf1\xd2\xe4\x1c\x5d\x15\x00\xc7\xb9\xb7\x12\
\xca\xc5\xe4\xe7\x12\x19\x32\x50\xab\x1e\xff\x63\x5b\xb6\x5d\xeb\
\xd8\x2b\x8a\x23\x65\x62\xdd\x72\xfb\xd8\xe4\x66\x94\x6b\x54\x0d\
\xf5\x02\x0a\xa2\x2f\xfd\xa5\x48\x54\x28\x14\x85\xe7\xa2\xb6\x64\
\x84\x67\x92\x00\x14\x5d\x52\xd5\xc9\x2a\x36\x1e\x8a\x51\x29\x6d\
\x44\xf8\xa1\xee\x79\x72\x9b\x00\x17\x12\x38\xf3\x84\xd6\xd9\xec\
\x97\xc8\x4a\x3a\xb7\xcd\x86\x22\xbf\x55\x73\xdf\x48\x1b\x1e\x4d\
\xc5\x4a\x4f\x63\x7c\xb5\x27\x6e\x2a\x16\x49\x1a\xe3\x39\x81\x18\
\x0f\xc3\x74\x6a\x7a\x53\x1c\xf8\xeb\x91\xef\x6f\xc0\xf2\xcf\x1c\
\x70\x55\x52\x6c\x05\xb6\xe1\x39\x73\xda\x4e\xa0\xdd\x9d\x91\xfd\
\xa7\x98\x5b\x52\xbd\xcd\xb3\x26\x29\x86\x11\x71\xaf\xea\xa0\x65\
\xd5\xa9\x20\xd4\xb8\x3f\x23\x71\x7e\xba\x02\xfe\xb6\x52\xf5\x12\
\xcf\xdd\x67\xff\xae\x98\xa7\x10\xdf\x08\xe5\x05\x69\x5a\x09\x72\
\xbc\x66\xd8\xf7\x83\x22\x11\xab\x6c\xda\x55\x39\xf3\xa4\x60\xfd\
\x53\xc2\x13\xf8\x25\xf0\x41\xbc\x3b\x7d\x96\x81\x3e\x4a\x1d\x1c\
\x24\xb5\x7b\xd9\x55\xd3\x92\x03\x83\x52\xee\x72\x70\x2f\x0e\x4d\
\xc5\x61\xcd\x0b\x0c\xa4\x31\x39\xdd\x12\x0f\x7d\x2c\x21\x3b\xad\
\xe4\x81\x55\x94\xe5\x38\xa2\xa9\x9f\x72\xa6\xbd\x12\xd9\x27\xd7\
\x51\xb6\x96\x2f\xe0\x15\xf3\xe5\x02\x07\x62\x0f\x35\x62\x61\x72\
\x71\xbc\x54\xd9\x45\x98\xc1\x88\x47\xe9\xa8\x83\xd6\x1e\x2c\x7c\
\x92\x5f\x3d\xbb\xb6\x65\x47\xdc\x33\xb6\xfb\x55\x6f\x5d\x85\x2e\
\x85\xe0\x4a\xac\xb2\xb5\xc8\x95\x67\x0e\x9a\x33\x0a\x75\x6c\xfd\
\xe9\x95\x3a\xb2\xe8\xd3\xe0\x8c\x33\xc9\x86\x0e\x5b\xa7\x50\xa6\
\xda\xb9\xe5\x58\x49\x0d\xab\x23\xeb\xf4\x55\xdc\xb1\xc8\xe2\x60\
\xfd\x37\xdf\x49\x9d\x21\x9e\x39\x13\xf4\x7a\x1e\x4e\x76\x5c\x27\
\x41\x83\x5e\x0b\x7f\xdc\x3d\xbf\x5c\x5a\xef\x0e\x27\xd1\x08\xfe\
\x77\x76\x75\x33\xdd\xbf\x99\x90\x9f\x4b\xf2\xe7\x78\x6f\xf4\x05\
\xfe\xf3\xf6\xac\xbf\xbb\xf9\x40\x6e\x1c\x7e\xbe\x3c\xf8\x74\x74\
\x79\xed\xda\xb7\x96\x6f\x1f\x3c\xde\x5e\xec\xee\xde\x1e\x6e\xe3\
\xdb\xab\xdd\x13\xf7\xd3\x41\x78\xfb\xf1\x24\xf8\xf2\xe9\xb2\xef\
\x79\x41\xf0\x81\x4c\x38\xea\x9c\x5c\xee\x1f\xdc\xa0\xb3\x6f\xfb\
\x77\x37\xfb\xef\x26\x7b\xa3\x8b\xcb\xab\x71\x7c\x86\x3b\xae\x7f\
\x7b\xe0\xf8\x27\x77\xc9\xe9\x5e\x6f\x70\x75\x35\x3a\x3e\xfa\x76\
\xb7\xdb\x9f\x79\x07\xdf\xfc\x83\xf1\xf4\x6d\x17\xdd\x3c\xbe\xbb\
\x4d\xdd\x41\x10\x6e\xdb\xe7\xf6\x9d\x13\xce\x3e\xfb\x8b\xf8\x32\
\x7b\x75\x7b\x3d\x1e\x4d\x9c\x24\xeb\xdc\x8d\x8e\x6e\x7a\xdf\xf0\
\xd1\x68\xe9\xbd\x3e\x18\xf7\xa2\xbd\x8b\x77\xc9\xc3\xc3\xad\x75\
\x76\xdd\xed\x7e\x8e\x1f\x6e\xae\xef\xee\x3f\x2d\x26\xf8\xf3\xc1\
\xb8\x7b\xfd\xe9\xfe\x66\xf0\x31\x7d\xf5\x19\x4f\x8f\xfa\x9d\xfe\
\xe3\x01\xbe\xb8\x9c\x8f\xdf\x87\xfb\xa7\x37\xcb\xee\xe3\xd1\x68\
\xb4\x7b\x7b\x76\x7d\xbd\x8d\x66\xbb\xf1\x82\xa0\x3d\xda\x0f\x0e\
\xae\xef\xaf\xb2\x8b\xd9\xde\xde\x6f\x74\x93\x57\x38\x44\x74\x82\
\xc0\x68\xdb\xec\xfc\x50\x74\x0d\x38\xa4\x4a\x9c\x7b\x88\xc6\x03\
\x55\xb9\xcb\x45\x34\xd8\xbc\xb0\xa2\x19\x8a\x26\x95\xac\x4a\x5e\
\x67\xf6\x79\xd6\xfd\xcf\x19\x22\x1d\x79\xeb\xb9\x32\x12\x93\xf2\
\xd1\x02\x7b\xc8\x9c\xe3\x07\x14\x98\x74\xd3\x1a\xcc\x6b\xa3\x65\
\xac\x93\x87\x31\xa2\xb8\x52\xbc\x3b\xdb\xb6\x3f\xc7\x1b\xb4\xc9\
\xa1\x56\xef\xfe\xaa\xa6\xed\x52\x75\xbb\x60\x9a\x36\x3a\x3d\x79\
\xff\xea\xe3\x4f\x69\xda\x87\x87\x5c\xd3\xb6\x82\xfd\xfd\xab\x09\
\x1e\xdd\x4c\x27\x07\xee\xad\x85\xe6\x57\x9f\xec\xad\xc9\xae\x3d\
\xbf\x75\xe3\xf8\x2a\xbb\xdf\x3d\x7a\xfb\x29\x8d\x3a\xd7\xf1\xf2\
\x08\x4f\x7b\xfd\x11\x76\xde\x9e\x3f\xa0\xe4\xfd\x87\xed\x65\xe7\
\xc3\x6e\xf0\xfd\xf3\xd9\x38\x7e\x7f\x75\xf6\xe1\xdb\xfd\xe1\xa7\
\x8f\x5b\x8f\xc9\xd1\xe1\xe9\xee\xb7\x45\x6f\x36\x0a\x1e\x0f\xf6\
\x36\x4f\x2f\x3f\xdc\xbf\xba\xee\x77\x6e\xad\xf7\xd3\xcd\xee\x68\
\x74\x72\x3b\x39\x8e\x2e\x0f\x6e\x2e\x5f\xbb\xfb\xa7\x6e\xef\x7a\
\x32\x39\xf9\x70\xb8\x7d\x7d\x7d\x7c\xf3\xfd\x61\x76\x9c\x7d\x3a\
\xfa\xf4\xfd\x7c\xef\xfd\xf8\xe2\x62\xb2\xbc\xc4\xc8\xbf\x3c\xdd\
\x9d\x1f\x27\xe7\xee\xc1\x22\x7c\x75\x36\xb9\xba\x7e\xbf\xbf\x6f\
\xbb\x7b\xf8\xdd\x6c\x80\xde\x5e\x58\xee\xe8\xfe\xca\x5e\xf4\x46\
\x77\x5f\xb2\x0f\x8b\x13\xef\x5b\xba\x9f\x6d\xbf\x7d\x0b\x91\x63\
\x77\x30\xe8\x7f\x3f\xb8\xfd\x7e\xf5\x71\xf0\xb8\x37\x7e\x8c\xfb\
\x27\xf3\xe0\xfd\xf5\xf9\x68\x7b\x79\x8b\xf7\x27\xaf\x9d\x57\x9b\
\xf6\x05\xf6\xb6\xc3\x87\xcc\x3d\x3d\xff\x80\xef\x2e\xae\x6e\x63\
\x67\xef\x5d\xef\xe6\x6e\x1f\x23\x98\xf5\x65\x96\xec\x1e\xed\x5e\
\xc5\x27\xa3\xfd\xe3\x93\xce\x32\xb6\xee\xc3\xc3\xde\xfd\xcd\x28\
\xb5\xbc\xf3\xb3\xdd\xcf\xf6\xc9\xe1\xe7\xef\x87\xb8\x93\x1d\x6e\
\x5e\x9d\xcd\xce\xd3\xde\xde\xdb\xd1\x5b\xaf\x17\xbf\x7a\xd7\x4b\
\x1f\x26\xaf\xa8\x33\xd8\x3d\xb9\xbc\xe9\xef\xc7\xf7\x27\x93\xc9\
\xe4\x1f\xff\xa0\x56\x51\x39\xf3\xa1\x75\x38\xd3\xc3\xa7\x6a\x14\
\xf9\x23\x9a\xa3\xf0\x4f\x88\x25\x55\x2d\x7a\xfd\xbb\xd0\xfe\x12\
\x47\xa9\x93\xa2\xdb\x75\xb3\xb3\x65\xf9\x08\x52\x07\x48\xb4\x2b\
\xed\x31\x5f\xe0\xb1\x94\x11\x42\x89\x51\x1b\x10\x6c\x65\x7b\x10\
\xc6\xca\xe1\xb3\xa5\x01\x53\xa9\x02\x68\x2c\x5d\xc3\xb3\x49\x6b\
\x8d\xa4\x35\x51\x6b\x0d\xd3\x46\x1b\x16\x08\x8b\x43\xd9\xa2\x13\
\xe1\xa1\x88\x5e\xbd\x2d\x56\x49\xab\xf9\x17\x58\x39\x81\x49\xa1\
\x55\x52\x7d\x40\x37\xf3\x71\xf5\x7e\x7e\x05\x70\xbc\x75\x72\xcb\
\x30\x69\x25\xaf\x9c\x92\x6c\x35\xad\x08\x44\xa8\x49\xa7\x26\x0e\
\xb3\x5d\xd5\x55\xb3\x61\x80\xd9\x9e\x63\x2f\xe7\xc6\xb4\xc8\x26\
\xc3\x72\xab\x8f\x2e\x85\xc3\x29\x8a\x71\xda\x94\x8f\x6a\x73\x3a\
\x96\xa2\x58\xed\x0e\x39\x79\x28\xd6\x6b\x47\x34\xe5\x76\x68\x45\
\x55\x76\x43\xb1\x06\x1d\xd2\x43\xcc\x03\x7c\xe3\x70\x7a\x72\xc1\
\xa4\xd9\x26\xbe\x93\x20\xaa\x27\xe4\x69\xad\xcd\xc6\xd1\x2d\x4a\
\xbd\xe8\xb5\x4c\x5f\x21\x50\x88\x55\xb1\xb4\x4a\xa9\x67\x2f\x6f\
\xd3\x29\xba\xab\x04\x25\x2e\x8f\x85\xa5\x3c\x59\xdd\xe5\xab\xdb\
\xe0\xd3\x63\xcc\x80\xb6\xc3\x68\xa9\xed\x8f\x90\x36\xf7\xa5\x98\
\xa5\x4e\x85\x2b\xa1\x8e\xaa\x6c\x2e\xa8\x79\x1d\xa5\x08\x2a\x6e\
\x09\x48\x6b\x2d\x52\xee\xd4\x15\xdc\x9c\x17\x6f\x0c\x0d\x53\xf8\
\xf3\xc6\x32\x73\xb5\xcd\x3c\xa9\x70\xa3\xd9\xaf\x55\xb1\xb6\xed\
\x9a\x72\x54\x4e\x00\x64\x7c\xb4\x45\x52\x26\x8e\xca\x39\xf1\x62\
\x96\x0a\x73\xde\xfc\xd4\xee\xa7\xad\xdf\xfd\x94\x89\x56\xba\xf3\
\xd9\xc6\xa3\xb5\x53\xb7\xab\x59\xf6\x67\x55\xda\x2a\x56\xf7\x54\
\xb9\xbe\xd1\x4e\x9e\x64\x0a\x23\x72\x5b\x6e\xd4\xec\x62\x78\xad\
\x21\x32\x5b\xab\x1e\xfd\x81\x06\xf2\x83\x3f\x79\x2f\x47\xc8\x9d\
\xfe\x5e\xd7\x7c\xac\x59\xde\xa1\x92\xd7\xf4\xb5\x59\x9a\xbe\xb6\
\xca\xec\xf6\x7c\x1a\x41\x51\x4a\x30\x6a\x69\x9e\xd2\x60\xa4\x61\
\x48\x02\x41\x19\xbc\xbb\xd4\xcb\x5e\xe7\xd2\xc4\xf7\x2b\xea\x7c\
\x3c\xb8\xb8\x92\xff\xac\xf5\x20\x59\xd1\xc3\x29\x2d\x92\x7a\x56\
\x6b\xda\xb8\x8b\x4e\xd4\x7e\xcd\xf2\xc4\x09\xa0\xc0\x4f\x90\xdc\
\x9d\x57\x79\x65\x44\xee\x67\x97\x14\xba\xa6\x83\x5c\xd3\xdf\x45\
\xd2\x6d\x4e\x57\xd1\x29\x59\x45\x29\x70\x5c\x14\x48\x55\xa3\x1a\
\x3e\x84\x03\xeb\x1d\x7d\xa3\x5d\x15\x2a\x0e\xe7\x59\x5a\xcb\xed\
\xb2\x09\xce\xca\x9b\xd3\xeb\x10\xc3\x4d\xa8\x49\xfa\x3d\x1e\x8f\
\x77\xf4\x9d\xfc\xb4\xeb\xc3\x6a\x19\xec\xff\xed\x9e\xee\x28\xad\
\xdd\x17\x4f\xe7\x36\xa5\xf2\x89\x5d\x15\xb1\xbc\x3d\x50\x0a\x36\
\xfe\xc4\x68\x77\x93\x26\x76\x0c\xbd\x29\xf2\xee\x91\x6f\xfc\x2f\
\xa3\x4a\x4e\x0e\x84\x59\xf4\xe5\x31\xf1\xc6\x3c\x46\x8b\x5a\x66\
\x16\x4a\xd7\x13\x83\x71\xd1\x8e\x95\xa7\x8a\x45\x65\xb8\x25\xd1\
\xc6\x35\xbe\xfa\x16\x83\x8e\x40\x8d\xfd\x6b\x5f\x5d\x10\xb2\xa4\
\x81\x86\x36\xa1\xa8\xb4\x14\x29\xb2\x36\x63\x73\x42\xe4\x02\xd9\
\xc0\x7a\x1a\xb1\xa8\xd3\xca\x85\x48\xff\xd9\x30\xac\x5f\xe5\x3b\
\xed\xc1\x06\x25\x65\x43\x59\x2e\xe7\x9c\xae\xbb\x5b\xbb\x1a\xed\
\xf8\xfc\xc9\xc5\x08\x6d\xe5\x6e\x4f\xad\x78\x09\x4e\x2b\x0e\x23\
\x2f\x56\xb4\x2a\xec\xd3\xbd\x6d\x41\x05\x4f\x33\xf6\x3e\x4d\xd8\
\x49\xd4\xaa\xdd\x0b\x14\xfd\x54\xe3\x5b\x18\xf5\x9d\xae\x55\x3c\
\x4b\x36\x53\x34\xc0\xfb\x08\xa8\xb4\x40\x77\x00\x21\x1d\xc7\xf2\
\xb9\x5c\x23\x56\x9f\x4c\x17\x26\x0d\xf1\x55\x0e\x35\x34\xd5\x17\
\xad\xf3\xcc\x61\x94\xc1\x9a\x9e\x73\x4c\xc4\xb4\xbb\xec\x95\x93\
\x73\x39\x79\xa8\x36\xf5\x61\x79\xd8\x80\xbd\x46\x54\x9d\x49\x05\
\x5f\x75\xe2\x8a\x53\x1a\x68\xa7\xea\xc2\x6b\xf1\xac\x2e\xb8\x96\
\xc2\x6f\x82\xc7\x7f\x2b\x1b\xef\x52\xbb\x65\x75\xba\xb0\x64\x51\
\x67\x46\xee\x1d\xf8\x03\x73\x8c\xd3\xb2\x4f\xb3\x3e\xa1\xe9\x0b\
\x2f\x60\x48\x2f\x6b\xf1\x40\x96\xeb\x64\x35\xae\xd5\xf7\xe9\x0b\
\xe5\x3c\xfd\x09\xc9\x16\x5a\x37\xfb\xc4\x94\xc9\xdf\x8d\x67\x28\
\xe1\xbf\x13\xc8\x0a\x03\x5e\x8d\xff\x41\x96\x27\x61\xe8\xcf\xa6\
\x16\xf0\x1c\x28\x3d\x68\x28\x04\x51\xca\x9a\xd3\x90\xef\x97\x15\
\x61\x9b\xbd\xbd\x40\x35\x27\x8d\x32\x6f\x2a\xe0\x57\x1c\xd4\x15\
\x61\x90\x01\xf7\x50\x10\x48\xe5\x94\xba\x9f\x67\x94\x25\x4a\x89\
\x8e\x74\x88\xa8\x45\x56\xdc\xb0\xdf\x6c\x04\x58\x0b\x4b\xcd\x6e\
\x0a\xbe\x08\x2d\x13\x6d\x34\x73\x91\x6f\x82\x5a\xa4\x6a\xa1\xc1\
\x4f\xc9\x94\xcd\xff\xca\x09\xc5\x4b\x40\x16\xb5\x8b\x7e\xb4\xd0\
\x08\x2d\x26\x62\x4a\x3b\xc4\xb6\xd4\x5f\x2f\xa6\xd0\xcd\x50\x2b\
\x5d\xd2\x7d\x4b\x72\xb6\xfc\x92\x77\x49\x4b\xd4\x0f\x79\x25\xc9\
\x8b\x96\x7f\x4b\x93\xb4\xd2\xf6\xd3\x4c\x81\xb6\x95\x3b\xaf\xc1\
\x6d\x4d\x0d\x6e\x3d\xcf\x1f\x67\x85\xfc\x93\xe9\xa3\xd8\x90\x22\
\xbe\x91\x2d\x9d\x2f\x0e\x68\xa5\xd3\xd4\xb1\xfa\x1c\x42\x29\x9e\
\xc9\x16\xa7\xaf\x2d\xd9\x31\x7d\x0d\x2c\xb0\x34\xfd\x03\xb9\x47\
\x4b\xdc\x32\xe0\x19\x76\x00\x49\x49\x59\x9b\xeb\x81\xfc\x4c\xc1\
\x5d\x0b\x49\x89\x4c\xf2\xab\x2a\x3a\x99\x9a\x76\x13\xe5\x35\x35\
\x74\x53\xd9\xdd\x08\x68\xaa\x3f\xd5\x5a\x4b\xd8\x0b\x0b\x8a\xd5\
\x57\x64\xd6\x18\x4c\x56\x6c\xbd\x6d\x6c\xcc\x61\xd9\x52\x53\xcb\
\xda\x93\x0e\x57\x92\x88\x84\xea\x36\xa9\xf8\xea\x46\xe5\xbc\xfc\
\xe7\x1a\xbd\xf4\x8b\x93\xc8\xa6\x65\xd7\xaa\x7b\x1c\x05\x54\xba\
\x93\x81\x7c\x51\xde\x9b\xac\xbd\x8b\x6b\x89\x3a\xf0\x99\x86\xd9\
\x15\x3f\xbb\x30\xa8\x32\xaa\x4f\x0d\xbf\x42\xd1\x5f\x68\xb9\x16\
\x83\x41\xb3\x43\x51\x89\x74\xf2\x5f\xc5\x1b\x19\xf5\x78\x91\x4d\
\x2a\xa9\x11\xb2\xb9\x29\x5f\xce\xeb\x85\x0d\x6c\x5d\x64\x6a\xc6\
\x6b\xe8\x8c\x53\xcd\x41\xf0\x7f\x4b\x3f\xc2\x33\xc8\x97\xbd\x02\
\x25\x1d\x0a\xa2\x96\x5e\x05\x25\x38\x66\x16\xeb\x4d\x61\xb5\x9e\
\x1f\x49\xbd\x1a\x14\x45\xd9\xb1\xa5\x6d\xc8\xb4\x01\x59\xed\x43\
\x6e\x46\xb6\xf8\xd4\x44\x5d\xc0\x54\x22\x34\x77\x7f\x5b\xf2\x9e\
\x06\xbf\x54\xf2\x82\x5e\x45\xfb\x5e\x92\x64\xc8\xb9\x40\x7f\x15\
\xce\x0b\xef\xaa\x56\xb8\x5f\xbc\x8a\xd7\x65\x7c\x7d\x96\x31\x38\
\x0d\xd4\x17\x69\xb8\xd8\x34\x5e\x42\x27\xc9\x0a\x0a\xc5\x8d\x3c\
\x5f\x07\x0f\x51\x4d\x4c\x7b\x3c\x42\x96\x47\x39\xec\x2d\xe8\x22\
\xcb\xa7\x6b\x79\x81\x33\x23\x19\x8c\x70\x9f\xf8\x9b\x28\xc6\xd4\
\xec\xf2\x6d\x4c\xad\x19\xb3\xa0\x52\xde\x87\xcc\x1f\xcf\x13\x4c\
\xbe\x3b\x50\xf7\x0a\xc8\xcb\xbc\x95\xcc\x49\x28\xa5\x3d\x95\x91\
\x9a\x57\x16\xb8\x5b\x5e\x9d\x6b\x25\x83\xfa\x9d\x5a\x06\x75\xff\
\x1f\x30\x28\x61\x1f\x3b\x52\x58\xd4\x5d\x9d\x45\x1a\x0a\xc4\xb2\
\xab\x57\x66\x12\xcf\xd3\x54\xec\x48\xaf\x1a\xb9\x73\xda\x66\x90\
\xea\xf2\x94\xaf\xb9\xed\x95\xd6\x74\x3b\xcd\xe7\x80\x4f\x2a\xd8\
\x36\xdf\xd0\xff\x51\xdd\xe4\xdf\x51\x7a\xaf\x2c\xb9\x1c\x02\x80\
\x8b\xa9\x06\xa2\xf1\xa6\xec\xcc\xd7\xd7\xc2\xb5\xe7\xbd\xda\x63\
\xc6\xd5\xfc\x74\xf5\xbd\x9d\xba\xda\xbf\x0e\xdd\xf2\x74\xab\x31\
\xc2\xf4\xe4\x68\xc2\xdf\xa1\xa9\xcb\x99\x5f\x2c\x6d\x6f\xea\x84\
\x21\x0a\xd4\x0a\xdf\xe4\x29\x87\xda\x69\xb7\x2d\xbb\x6f\x3e\x7b\
\x38\xc6\xb1\xa6\x3f\x2f\xdf\x76\xae\x8c\x27\x3c\xd0\x12\xbe\x5a\
\xfe\xa5\x87\xf7\xc6\x80\x41\xed\x3b\x90\x02\x4b\x5c\x56\x7c\x91\
\x56\x13\x04\x74\x99\xa1\x1c\x3e\x2b\x18\xd0\x75\xc1\x21\x54\x11\
\xa9\x14\x28\xcd\xb8\xaf\xfa\x2d\x82\x67\x38\x40\x5e\x3b\xd5\xb5\
\xe9\x95\xef\xde\x42\x15\x88\x17\x26\x19\x6c\x72\x18\x0d\x9c\xfd\
\x37\xe7\xe6\xab\xe6\xd3\xab\x9f\xb9\xd5\x3b\x49\x8d\x70\xe9\x77\
\x49\x8a\x37\x6e\x7e\xd4\xf8\x05\xe1\xb8\xa4\x67\x5b\x95\x1d\x87\
\x6d\xbd\x4b\xaf\x7e\x23\xa1\x4d\x9b\xe3\xc8\x39\x89\x58\x0d\x97\
\x39\x34\xdf\xdf\x95\x36\x74\x95\x1d\x5c\xb5\xe5\x47\x5e\x62\xf5\
\x2a\x80\xaf\xe1\x4e\x8a\x15\xdc\x49\xd3\x36\xaf\xf8\xa0\x5c\x44\
\x97\x02\xb2\xec\x50\x48\x14\xeb\x12\xfe\x31\x0e\x52\x72\xa8\xe9\
\x06\x59\xbc\xde\xe1\xfd\x44\xcd\x11\xa5\x40\xb5\x55\xb6\x30\x3d\
\x73\x2e\x9e\x93\x5a\xdb\xb8\xad\xa1\x38\x4c\x1d\x1c\xfe\x45\x9a\
\xf3\x75\x05\x4c\xa5\x2f\x27\xe9\x8e\xd3\xba\xba\xe3\x74\x06\xa6\
\x0d\x4e\xc8\x27\x6f\x56\x50\x68\xfc\x4a\x73\x5c\xc4\x18\x44\x14\
\xb1\x54\xb3\x15\x3e\x6c\xa3\x6c\x96\xff\xc5\x4f\x8d\x49\x78\x3c\
\x87\x41\x4f\x3e\x7f\x14\xf7\xaa\x58\xea\xb3\x55\x64\xd3\xf2\x0c\
\xb9\xdf\xad\xe6\xb5\x04\xf9\xa8\xd7\x6a\x77\x75\x87\xbd\xfd\x7f\
\x05\xd1\x7a\x33\x2b\xf9\x30\x7c\xd9\xbb\xa3\x45\xb1\x43\x48\x83\
\xbf\xfc\x03\x74\x96\x78\x2a\x6d\x29\x7c\xe3\x64\xf1\xc4\x80\x96\
\xe3\xe5\x5d\xf1\xdb\x89\x16\x6f\x8a\x1f\x88\x35\x1f\xe7\x98\xf8\
\xf9\xc1\xba\xdf\xd4\x19\x33\xef\x99\x46\x4e\xa2\x1c\xec\x4b\x9f\
\xd9\xaa\x9e\xe5\x3c\x7f\x12\xd3\xf4\x96\x07\x5d\xaf\xe6\x0b\x99\
\xec\x99\xd2\xff\x44\x29\xb5\x2d\x5d\x75\xcb\xc8\x17\x3f\x17\x46\
\xbe\x17\x26\x99\xa9\xf2\xb1\xb5\xe3\xb0\xfe\x5b\x6b\x8c\x15\xc2\
\x87\xda\xea\x3e\x28\x97\x7f\x53\x8d\xb4\x3b\xe8\x41\xfd\x1f\xac\
\xee\x91\xf0\
\x00\x00\x0b\xb3\
\x00\
\x00\x2e\xfc\x78\x9c\xbd\x1a\x6b\x6f\xdb\x38\xf2\xaf\xc4\xbe\x85\
\x21\xa1\xae\x9b\x60\x3f\xdc\x35\x5a\x6d\x91\x26\x4e\x5b\xb4\x4d\
\x82\xc4\xd9\xdb\x43\x10\x14\x8a\xc5\xc4\xba\xc8\x92\x21\xc9\x79\
\x9c\xad\xff\x7e\xe4\xf0\x35\x7c\xc8\x4e\x73\x8f\x2f\xb6\x48\xce\
\x0c\x87\xc3\x79\x4b\xc1\xed\xb2\x98\x36\x59\x59\x04\x77\x79\x79\
\x93\xe4\xc3\xdb\x64\xda\x94\xd5\x73\xb8\x6a\x9e\x17\xa4\xbc\xdd\
\x21\x4f\x8b\xb2\x6a\xea\x38\x8e\xfb\xe5\xcd\x3f\xc9\xb4\xe9\x0f\
\x06\x62\x69\x5e\xa6\xcb\x9c\xf4\xe8\xca\xb2\x48\xc9\x6d\x56\x90\
\xb4\xff\x81\x4f\x8e\x24\x9a\x20\x17\x84\xfb\x02\x89\x03\x32\x72\
\x72\x67\x4a\x90\x4f\x8e\x92\x79\xfa\x81\x3f\x06\x92\x8d\x7d\xc1\
\x57\xcc\xff\xd6\xeb\x9a\xe4\xb7\x43\x3e\x18\xcd\xcb\x6a\x31\x4b\
\xcb\xb9\xde\x25\x6c\xc3\xa0\x99\x65\xf5\x50\x1d\x2b\x5c\xf5\x97\
\x35\xd9\xa9\x9b\x2a\xa3\xbc\x47\x0f\x49\xb5\x73\x74\x7a\x78\xf9\
\x7d\x7c\x32\xf9\x71\x7c\x7e\xf0\x09\x1e\x4e\x4e\x8f\xc6\xf1\xde\
\x5e\x24\xb1\x76\x80\xf2\x41\xd3\x54\x75\x70\x5b\x95\xf3\x93\x32\
\x25\xc3\xa6\x64\x7f\xe1\x8a\x91\xe0\xcf\x00\x10\xf3\xe7\x51\x42\
\x07\xd9\xcd\xb2\x21\x35\x6c\xc2\x86\xea\xe1\x24\x99\x13\x63\x50\
\x2f\x92\x29\xb9\x3c\xff\xa2\x26\xff\x48\xf2\x25\x07\x61\xfb\xf1\
\x51\x76\x1b\x08\xda\x05\xfd\x99\x50\xf9\x51\xb1\xf9\x99\x5f\xaf\
\x25\x9b\xdb\x61\xc3\x55\x45\x9a\x65\x55\xb4\xb7\x65\x15\xb0\x1d\
\xb3\x18\x1d\x67\x94\x93\xe2\xae\x99\xbd\xdd\x8b\xb2\xdf\xe3\xdd\
\x28\x7b\xfb\x36\x5c\x31\x06\x31\xcc\x55\x76\x1d\xc9\x93\xc4\xec\
\x61\x54\xb0\x03\xda\x87\xd3\x4b\xea\xb8\xea\xa8\x7c\xed\x41\x9e\
\xd3\x46\xe5\x7b\x6a\xfa\x79\x39\x4d\x72\x36\x5c\xaf\x95\x3c\x95\
\xa0\x62\x75\xf6\x3b\xd2\x1c\xc8\x6b\x38\xb9\x70\xa8\x0e\xe5\x44\
\xc8\xf6\x54\xf8\x54\x83\x15\x5f\xe1\x4a\x70\x33\x5a\x54\x54\x13\
\x9f\x98\xa2\x3e\xcd\xf3\xa2\xee\xdb\x2c\xb1\x73\xb5\x6a\xe7\xfa\
\x85\x3b\x0f\xf5\x4e\x6d\x4b\xf2\x9a\xac\xb6\x1c\x23\x78\x09\xcf\
\x5e\x36\x02\xef\x9e\xad\xd4\x31\xad\xc0\x0a\x1b\xa9\xb0\xd4\x8d\
\x34\x36\x60\xb5\x76\xa4\x4c\x3b\x52\xa5\x1d\x06\xd4\x55\xfa\x5a\
\xfd\x78\xa5\x2a\x50\xb4\x9e\x30\x95\x59\x52\xbf\x4c\x05\x90\xd4\
\x2a\x32\x2f\x1f\xc8\xcb\xd0\xc4\xad\x75\xec\x18\xbc\x80\x7c\x80\
\x68\xf1\xeb\xa8\x92\xe2\x8e\x1b\xff\xc9\xc5\x8f\x3f\x3f\x4f\xbe\
\x7f\x8b\xfb\xb3\xa6\x59\xec\xbf\x7b\xf7\xf8\xf8\x38\x7a\xfc\x75\
\x54\x56\x77\xef\xf6\xde\xbf\x7f\xff\xee\x69\xd6\xcc\x73\xee\xc6\
\xd2\x72\x1a\x4b\xa7\x5a\x4e\x97\x73\x52\x34\xb1\xe9\x8b\xd5\xe3\
\xbe\x04\x00\xc4\xcf\x07\x17\x3f\x26\xe3\xef\x67\xdf\x0e\x26\xe3\
\x1f\x17\x97\x67\x67\xa7\xe7\x93\xb8\xd7\xa3\x30\x83\x41\x7f\x5a\
\x16\x0d\x05\xec\x67\x05\xa3\x3a\x9a\x56\x24\x69\xc8\x38\x27\x0c\
\x3b\xe8\x37\x64\xbe\xc8\xe9\x44\x3f\x54\x94\xce\x0f\x4e\x3e\x39\
\x64\x34\xea\x39\x3b\x1b\xa3\x0b\xa3\x43\x46\xfd\xa9\x59\x26\xf9\
\x71\x95\xdc\xcd\x9d\x8d\x00\x3a\x08\xb5\x23\xe6\xd3\x12\xf8\x98\
\x8a\x74\x22\x58\x08\xa8\x4b\x17\xce\x58\xcc\xc4\x9b\x19\x96\x8f\
\xa3\xac\x28\x48\x05\x52\xa6\x24\x22\xee\x0c\x15\x91\x91\x10\xc0\
\x68\x3a\xcb\xf2\x94\xdd\x5f\x7d\xb5\x7b\xdd\x6e\x60\x88\xf3\x0c\
\xdc\x30\xad\x80\xcb\xa4\x3e\x96\xfd\xc5\xee\xc9\x60\x9e\xda\x69\
\x4e\x43\x29\xa3\x1e\x30\x90\x9b\x32\x7d\x0e\x85\x65\x72\xc2\x31\
\x87\xeb\x92\x1a\x6c\x27\x59\x97\x38\x2f\x67\xf9\xef\x55\xb2\xd0\
\xf2\x53\x7b\x7a\xe4\xc7\x38\xa3\xb2\x53\x5b\x78\x65\xb7\x8d\x81\
\xa6\x94\xf4\x60\x4f\xfa\xc3\xb0\x47\xd4\x1e\xe6\x01\xb8\x35\x9f\
\x46\xca\x30\xb5\x4d\x05\xc0\x1e\x77\x04\x11\x43\x19\x37\x50\xd0\
\x77\xd6\x76\xc2\x28\x21\x21\x49\x96\xf3\x45\x52\x11\x76\x42\xf0\
\x0e\xe0\x8f\xc7\xf9\x90\x1d\x50\xca\x92\x1b\x3d\xf8\x2b\xbe\x0a\
\x11\x59\x65\x00\xdc\x69\xc0\x32\xc3\x32\x17\x19\xc2\x21\x9d\xb8\
\x68\x92\xaa\xa1\x54\xd5\xb3\xf4\xfd\x0a\x37\x8e\x35\x21\x75\xce\
\xa6\x5a\xf2\x90\xa4\xf0\x62\x8c\x44\xaf\x27\xa9\x0e\xc1\x49\x07\
\xbb\xd4\x1e\x34\x79\x44\xcc\x02\x12\xfb\x2a\xc8\xdf\xe2\xf7\xbb\
\x34\x01\xd4\xa8\xbf\xc7\xef\xff\xaa\x18\xe8\x64\x71\xd4\x94\x97\
\x8b\x05\xa9\x0e\x93\x9a\x1a\x81\xba\x32\x44\x87\x13\x36\xf6\x32\
\x48\x23\xb9\xc5\xe6\xa9\x5c\xd2\x8a\x9d\x84\x0e\x5a\xdb\x10\x84\
\x2e\x52\x2f\xcf\x42\xcf\xb0\x30\x62\x0d\xc7\xec\xe1\xc9\xf5\x1a\
\x8f\xe8\xee\xd2\x49\x7f\x70\xed\x85\x41\x86\xfb\xce\xbc\xd8\x4b\
\x45\x13\x00\x6b\x51\xb6\xf9\x40\x0e\x99\xe9\x54\xa4\x70\x55\x6a\
\xba\xac\x60\x51\xaa\xd3\x6d\x56\xd5\x0d\xcc\x44\x8f\xf4\x97\x04\
\x12\x80\x83\x17\xd4\x53\x70\x78\x39\x3f\x62\x53\x17\xd9\x4d\x9e\
\x15\x77\x11\x28\x5d\x42\x05\x56\xa4\xb0\xa8\xb1\x23\xb5\x91\x22\
\xd1\x2a\xe1\x8f\x73\xcd\x6e\xfd\x5c\x4c\x3f\x96\x65\x4e\x92\x82\
\x05\xb5\xb3\xaa\x5c\x60\xae\xf9\xe9\x56\x42\x73\xc6\xf9\x15\x1b\
\x5f\xf7\x62\xd0\x77\x3e\xe0\xc1\x51\x8e\xd0\x42\x64\x61\x49\x40\
\x33\xb1\x81\x7b\xeb\xf7\x43\x9d\x40\x51\x08\x3b\xca\x16\x22\xc2\
\x32\x99\xd4\x0b\x32\xcd\x92\x7c\x9c\x7f\x4e\x8a\x34\x27\x34\xe7\
\x59\x9d\x9e\x4d\xbe\x9c\x9e\xec\xab\x3a\xc1\x11\x3b\x33\xf4\x02\
\x5c\xb4\x14\xbc\x9e\x61\x6c\xea\x91\x01\xcf\x14\x54\x2f\x29\xf3\
\x36\xb5\x14\xe1\x73\x85\xee\x53\x76\x3e\x9d\x9f\x5e\x9e\xd1\x34\
\x13\x6d\x8c\x08\xa1\xcd\xbd\x3b\x0d\x06\x5b\x77\x6d\x9d\x5d\x2f\
\xc6\xdf\xc6\x87\x13\x5a\x80\xf5\x10\xb2\x91\xcf\xf4\xe7\xcb\xbc\
\xc9\x16\x39\x0d\xa0\xe8\x4a\x2d\x18\x1e\xcd\x68\xc6\x11\x52\x4a\
\xa0\x60\x72\xc6\x7f\x7f\x1a\x61\x88\x70\xa3\x8e\x8b\x44\x20\x2d\
\x62\x53\xce\x7e\xa1\x49\xce\x53\xfc\x76\xaf\x6d\xb7\xe9\x25\x26\
\x34\xfc\x72\x72\x76\x39\xe9\xb8\xfe\xad\x84\xa6\x33\x32\xbd\x07\
\x9e\xb7\x82\xa6\x59\x9d\xdc\xe4\x00\xab\xc5\xf7\x20\x52\x78\x90\
\xd5\x83\xce\xe1\xe5\x08\x2d\xb4\x3c\xd3\x74\x64\x0e\x8b\xfd\x30\
\xec\x52\x7f\x09\xd0\xb6\xc3\xc9\xf8\xcf\xc9\xc1\xf9\xf8\x60\x83\
\xb2\x17\xe4\xf1\x0f\x6b\x63\x0f\xbb\x12\xca\x62\x56\x4e\xf3\x04\
\x46\x79\x27\x8f\xbf\x62\x24\xd5\x88\xef\x5c\xe6\xa9\xa8\x7e\xd4\
\x02\xa8\xaf\x2a\x81\x15\x80\xda\x67\xbd\xee\xc9\xc7\xc1\x40\x2f\
\x4b\x2b\xcd\xa9\x93\x9d\xd1\x69\x52\xe9\x4a\xd7\x43\x5b\xb3\xdd\
\x0e\xb9\x1d\x74\xc8\xa7\xe3\x02\xb0\x61\x80\x8f\xb1\xf4\x31\xe2\
\xa5\xf5\x6e\xb4\xc5\x87\x83\x10\x16\xcd\x5d\x55\x2e\x17\x30\x50\
\x19\x81\xed\xdd\xe5\x02\x72\xec\x62\x66\x30\x70\xa6\x5c\x87\x53\
\xe8\xf8\x89\xdd\x8d\xdc\x5b\x51\xd5\x71\x40\x2e\x21\x76\x55\xf5\
\x63\x51\xa3\xbe\xb4\x0f\xa2\x52\x8c\x74\xb9\x08\x6a\x5e\x86\xa4\
\xb2\xe8\x86\x86\xca\xfb\x36\x7b\xf3\xa6\x55\x3b\x7b\x43\x17\xbb\
\x08\xb9\x40\x2f\x5e\x30\x17\xae\x5c\x7e\x31\x96\x3a\x5f\xb1\xcc\
\x73\x1a\x0f\x94\x43\xc2\x4c\x18\x23\x0a\x04\x17\x41\x95\x02\x75\
\x87\x36\xb4\x8e\x7e\xd9\x63\xcd\x23\xb6\xce\x4c\x8d\xc3\xff\x0a\
\xe3\xc3\xd3\xef\x9a\xc4\xdf\x74\x59\x53\x94\xd4\x4f\x84\x2b\x1d\
\x53\x69\xa1\x96\x50\x85\xfa\x44\xc0\xb9\x7d\x25\xcf\x20\xe0\x50\
\x4a\x5a\xa5\x41\x85\xdd\x1f\x18\x0c\x9c\xa9\xa0\x9f\x51\x39\xd3\
\xb4\x85\x2d\x64\x69\xdb\x9a\x6d\xad\xb4\x9c\x1f\x8b\x7e\x99\x6e\
\x73\xe9\x14\xce\x86\xb5\x1b\x60\x43\x2a\x50\xba\x5e\x73\xc3\x50\
\x03\xf1\x10\xaf\x5a\xe6\xb1\x44\x5d\xca\x31\x98\x8a\xb0\xfe\x5b\
\x71\xd7\x57\x31\xc4\x08\x53\x0c\xe0\x2f\xb2\x44\xed\x5b\xbd\x2c\
\x09\xc0\x32\xae\xae\xb5\x8f\xa7\x47\xff\xe8\xe3\xce\xdc\x67\x5a\
\x25\x8b\xf4\x33\x12\x4c\x78\x8a\x1b\xa8\xa5\x43\x01\x80\x4a\x1b\
\x4d\x83\xab\xbb\xa0\xa0\xcb\x18\xd1\x0a\x6c\x51\x22\xfb\xb2\xde\
\xdb\x2f\x7b\xa1\xa6\x06\x28\x60\x5a\x82\x2e\xb7\x30\x76\x8a\x3b\
\xa5\x07\xb1\x10\xec\x48\x4f\xad\xd7\x8e\xb6\x70\x2f\x52\x7c\x24\
\xb7\x25\x2f\x4f\x0e\xd2\x94\xa4\x0a\xd7\x59\x61\xca\x51\x2e\x04\
\x96\x0f\xde\x0f\xc9\xa9\x8c\xf3\xcb\x45\x4a\xe5\xe8\xd2\x57\x2b\
\x06\x96\x0f\xde\x0f\xa9\xb9\x3c\xca\xea\x69\x52\x75\x9d\x41\xad\
\x3a\xe7\xf0\xe1\x75\x63\x48\xae\x65\xf2\xdd\x7d\x2e\x0b\x02\x51\
\xa9\xef\xb3\x05\x2b\x17\x25\x84\x42\xb6\x17\x10\x4e\x92\xa6\xca\
\x63\x01\xac\x9c\xa0\xfa\x2d\x63\x10\x4f\x75\x86\x53\xee\xfb\x85\
\x75\xf2\x49\x33\x7f\x07\x00\xee\xb1\xa6\x62\xab\xd3\x22\xd7\x8a\
\x63\x4c\xd2\x9c\xa3\x42\x8d\x66\xa8\xd5\xbf\x95\xe5\x3d\xf5\x8f\
\xa7\xd0\xde\x17\x36\x12\x30\x6f\xc9\x9b\x3c\xf7\xe4\x99\xa4\xe7\
\x2c\xbd\x48\xf2\x6f\x59\xdd\xc4\x57\xd7\xda\x91\x51\xc6\xbf\xa2\
\xf5\x80\x02\x87\x2b\x1b\x63\xb4\x58\xd6\x33\x58\xd2\xae\xe8\x31\
\xc9\xef\xd5\xa5\x1c\xaa\xbe\x01\x78\xbb\x21\x13\x1d\x90\x85\x39\
\xe5\x05\xb1\x7d\x61\xe7\x6c\xd5\x49\x85\xb2\xab\xee\x2a\x89\x32\
\x13\xab\xf6\x18\x8b\x2c\xe6\x96\x83\x01\x63\x37\xd6\x36\xa7\xd1\
\x69\x00\xf3\x1d\x9a\x7b\x0a\x4b\xd9\x50\x71\x85\x43\x23\xce\x81\
\xba\xe4\x20\x81\x6d\x59\xb4\x9b\x83\x64\x8b\xbc\x3d\x4f\x09\xa1\
\xc9\x04\x52\xd5\xc9\xb3\x4f\xc0\x5e\xfb\xe2\xc1\x87\x55\xdc\xac\
\x94\x56\xf9\x94\x55\xfe\xa0\xac\x9c\xef\xc9\x35\x13\x70\x5b\x5b\
\x24\x30\x1b\xfd\xcc\xf5\xeb\x13\x65\x2c\x3c\x4f\x2a\x42\xcc\xe8\
\xd8\xa5\x17\x22\x04\xbe\xc8\x2b\xbf\x4a\x83\x7c\xfa\xc1\x6e\x1a\
\xac\xc0\xb2\xaf\x2b\x3a\x79\xad\xee\xac\xd5\x47\xf1\x14\xe0\x1d\
\x37\xab\x71\x24\x6d\xd4\x29\x9d\x41\x69\xab\xfc\x76\x40\x68\xea\
\x8a\xfc\x38\x1b\x9b\xa9\x28\x79\x51\x2b\x41\xec\xee\xcf\xc8\x5e\
\x24\x07\x06\xb4\x2c\xe6\x49\x43\xab\xa6\xf4\x18\xb2\xaf\xd8\x27\
\x1b\x86\x60\xc1\xd1\xbc\xd6\xee\xb8\x29\xbb\xb0\x40\x43\x9d\x07\
\x8e\x0c\x7d\x84\x7a\x80\x2b\xa4\x85\x32\xd4\xbc\x42\xb2\x33\xce\
\xbb\x21\xb8\x79\xdb\x32\xd6\xcb\xdb\xd6\x8d\xde\x8a\xba\x51\xdd\
\x99\x62\x05\xe4\x72\xc1\x77\x95\xe5\x07\xc5\x39\x16\x72\xe2\x47\
\x46\x13\x5f\x99\x64\xd5\x9d\x19\x60\xa8\x11\x69\xde\x9f\x01\x65\
\x67\xd6\x26\x6d\xeb\x46\x4d\xfa\xae\x03\xb4\x18\x93\x4d\x38\xe5\
\x7e\x9c\x93\xc8\x02\xab\x62\xef\xa4\xec\xd5\xd8\xe2\xdd\x4e\x60\
\xb5\x84\xa0\xc4\xc6\xf1\x4d\xe6\x80\xe3\xdc\x3a\x04\x94\x72\xfc\
\x8d\x2a\xac\x85\xab\x94\xa6\xfc\x0d\xb1\xa3\xe0\x95\x58\xbf\x86\
\xba\xdb\x24\x8d\x9c\xa4\x4a\x5f\x8c\x52\xd1\xf1\x93\xd6\x6b\x64\
\x09\x17\xa1\xfc\x47\x2c\x00\x6f\x9d\xe9\xc6\xe6\x5d\x5a\x5d\xa9\
\xcb\xa4\x98\xbd\x94\x97\x65\x3f\x4d\x8c\x81\x0f\x6f\x87\x91\x5f\
\x95\xd3\x1f\x1b\x49\x64\x13\xd8\xba\x88\xee\x9e\xa5\xcc\x7d\x62\
\x3b\x09\x32\xe5\x20\xfc\xd1\xa4\xd4\x77\x0f\x95\xb6\x55\x1e\x7b\
\x15\xc4\x0b\xc6\x29\xc9\x84\xd8\x54\xcb\xc8\x63\x16\xb2\x25\x6f\
\xcd\x80\x13\xa0\x03\x6e\x8f\x51\x49\x8b\xaa\x6a\x5f\x59\x1b\x62\
\x17\xb2\x79\xd3\xca\xd0\xaa\x61\x63\x98\x3b\xcb\xbc\x30\x41\xe1\
\x88\x7b\x52\x70\x50\xda\x5b\xf6\xfd\x0a\xdb\xc6\x5c\x65\xf5\x05\
\x55\x11\xde\x34\xec\x5c\xf2\x99\xbd\x73\x55\x27\xe6\xf9\x36\x5a\
\x71\xc4\x5e\xac\x65\xc5\x92\xec\x80\x38\xdb\x9f\x70\x38\xf6\x65\
\x42\x30\x77\x0f\x2d\x56\x78\xe3\xa5\x3e\x64\x91\xa3\xa1\x7b\x13\
\x33\xd1\xb3\xe9\xc4\xce\xa5\x89\x15\xd9\xce\xb0\xa0\xcd\xc4\x13\
\x4b\x17\xdc\x8a\x35\xd1\x8b\x63\xdb\x6b\x53\x08\x53\xbf\x9c\x68\
\x88\x09\x5c\xeb\x92\x19\xdd\x78\x1c\x9b\x24\x28\x10\x3e\x30\x7f\
\xf1\x81\xbb\xe3\x59\x51\x93\xaa\xe1\xee\xc5\xda\xde\x89\x33\xa1\
\x1b\x0f\xfe\xe7\x2e\xdf\xb2\xb8\x9f\x50\x0e\xf9\x42\xde\x3d\xbf\
\x2e\xcf\x9d\x2b\x70\x81\x8d\x29\x3c\xe8\x09\x77\xeb\xcf\x45\x9c\
\x00\x6d\xd8\x32\xdd\x1a\x93\x12\x8e\x78\x9c\x6f\xc5\xf4\xb2\x2e\
\x14\x50\xf5\x98\xd6\x6b\x67\x11\xf7\x9b\xac\x63\x42\xdd\x67\x12\
\xb4\x3a\xa2\x3d\xaf\x29\x88\x8e\x6f\x37\x5a\x27\x52\x0b\x91\xc9\
\x14\xc0\x7f\xd5\x85\xfc\xff\xd5\xd4\xce\x4c\x2c\x6b\xa7\x65\xe3\
\x4f\x99\xb6\x47\xa7\x5c\xdb\xc4\x7a\xc1\x9b\x6e\x32\x36\xc0\x71\
\x79\x6a\x2b\xd8\xb6\xbc\x42\x2b\xf5\x6d\x33\x55\x2e\x15\x6f\x0b\
\xe9\x9c\xd4\xcb\xbc\x89\x9d\x79\x27\x6c\x59\x15\x24\x42\xee\xa9\
\x7c\xa5\x1b\xc6\x51\x8c\x0e\xb8\xd6\x8d\x66\xc9\x94\x7d\x18\x91\
\xfd\xcb\x55\xae\x2e\x40\x99\x2c\x95\x8f\x05\xa9\x8e\x44\xdb\x71\
\xbd\x4e\xcb\x69\xd8\xda\x02\xb5\x8f\xe9\xc9\xf0\x4d\xbb\xfd\x8f\
\x14\xbc\x7d\x55\x1d\x10\xf9\x5e\x71\xc6\x4e\x4e\x77\x65\xe5\x88\
\x50\x70\xd9\x50\xa1\x93\x0b\x5a\x19\x20\xa4\x47\x4c\xab\x78\x75\
\xae\x14\x3c\xb2\x16\xc0\x1f\xa1\xb1\x19\x9e\x79\xf3\x13\x60\xac\
\xd6\x69\xe4\xcd\xbb\x6d\xc2\x9e\x30\x8c\x48\x7a\x56\x7b\xde\x4f\
\x37\xd8\x48\x7e\xd7\x19\x3a\xcd\x1b\x5d\x64\xe3\x03\x3b\x2f\xeb\
\x81\x88\xfd\xba\x1f\x9d\x0a\x3e\xc1\x93\x63\xfc\xb1\x81\x0c\x5d\
\x98\x3a\x87\xd3\xee\xdf\x3d\x38\x72\xff\xee\xa2\xe5\xff\x2d\xa9\
\x58\xf0\xb6\x64\x8d\x48\x80\x0e\x20\x22\x80\x17\xd2\x81\x93\x9f\
\x0c\x20\xe8\xee\x53\xb6\x26\x03\xea\x93\x91\x0d\x77\xa1\x5e\x40\
\xc9\xae\x3d\x4a\x66\x9d\x29\x4c\x3c\x34\xab\x32\xe6\x14\xf5\xa2\
\x7c\xb7\x61\x28\x9e\xe8\x60\x18\xad\x4c\x9a\x7c\xab\xaf\x66\x77\
\x87\x39\x29\x62\xa7\xd9\xc9\x3f\x91\x8c\xb2\xdf\xe8\x43\x94\xbd\
\x79\xc3\x2b\x22\x92\x4f\x4a\x80\x22\xbe\xe6\x87\x41\xe1\x2a\xbb\
\x06\xdb\xd4\x28\x21\x0e\x59\x7a\x7a\xa8\x1f\x51\xcf\x63\xc8\xbd\
\x6d\xcb\xc5\x6b\xd8\xd2\x60\x80\xce\xdc\xd3\xdf\xd1\xf0\x0f\x6f\
\x40\x78\xb8\xaf\x67\xa9\x07\xf2\xb4\xa6\x41\x78\x40\xf4\x4b\x1e\
\x9f\x97\xf5\xec\x66\x76\x6a\xf0\xd5\xe8\xab\xf7\xa8\x96\xf6\x47\
\xec\x3b\xf0\x0d\xef\xb7\x22\x8c\x4c\x41\xda\x30\xfa\x37\x46\xfd\
\x9e\xa5\
"

qt_resource_name = b"\
\x00\x02\
\x00\x00\x07\x06\
\x00\x69\
\x00\x76\
\x00\x0d\
\x00\x0c\xae\xe3\
\x00\x68\
\x00\x69\x00\x67\x00\x68\x00\x6c\x00\x69\x00\x67\x00\x68\x00\x74\x00\x2e\x00\x63\x00\x73\x00\x73\
\x00\x0c\
\x02\x00\xcb\x53\
\x00\x68\
\x00\x69\x00\x67\x00\x68\x00\x6c\x00\x69\x00\x67\x00\x68\x00\x74\x00\x2e\x00\x6a\x00\x73\
\x00\x07\
\x06\x7d\x85\xf3\
\x00\x70\
\x00\x61\x00\x67\x00\x65\x00\x2e\x00\x6a\x00\x73\
\x00\x08\
\x07\xd8\x44\x63\
\x00\x70\
\x00\x61\x00\x67\x00\x65\x00\x2e\x00\x63\x00\x73\x00\x73\
\x00\x0b\
\x0e\x5d\x57\xd3\
\x00\x6d\
\x00\x6f\x00\x72\x00\x70\x00\x68\x00\x64\x00\x6f\x00\x6d\x00\x2e\x00\x6a\x00\x73\
"

qt_resource_struct_v1 = b"\
\x00\x00\x00\x00\x00\x02\x00\x00\x00\x01\x00\x00\x00\x01\
\x00\x00\x00\x00\x00\x02\x00\x00\x00\x05\x00\x00\x00\x02\
\x00\x00\x00\x0a\x00\x00\x00\x00\x00\x01\x00\x00\x00\x00\
\x00\x00\x00\x2a\x00\x00\x00\x00\x00\x01\x00\x00\x03\x0c\
\x00\x00\x00\x48\x00\x01\x00\x00\x00\x01\x00\x00\xb6\xc3\
\x00\x00\x00\x5c\x00\x01\x00\x00\x00\x01\x00\x00\xca\x95\
\x00\x00\x00\x72\x00\x01\x00\x00\x00\x01\x00\x00\xdf\x5d\
"

qt_resource_struct_v2 = b"\
\x00\x00\x00\x00\x00\x02\x00\x00\x00\x01\x00\x00\x00\x01\
\x00\x00\x00\x00\x00\x00\x00\x00\
\x00\x00\x00\x00\x00\x02\x00\x00\x00\x05\x00\x00\x00\x02\
\x00\x00\x00\x00\x00\x00\x00\x00\
\x00\x00\x00\x0a\x00\x00\x00\x00\x00\x01\x00\x00\x00\x00\
\x00\x00\x01\x97\x58\xbf\xc0\x42\
\x00\x00\x00\x2a\x00\x00\x00\x00\x00\x01\x00\x00\x03\x0c\
\x00\x00\x01\x97\x58\xbf\xc0\x43\
\x00\x00\x00\x48\x00\x01\x00\x00\x00\x01\x00\x00\xb6\xc3\
\x00\x00\x01\x97\x58\xbf\xc0\x43\
\x00\x00\x00\x5c\x00\x01\x00\x00\x00\x01\x00\x00\xca\x95\
\x00\x00\x01\x97\x58\xbf\xc0\x43\
\x00\x00\x00\x72\x00\x01\x00\x00\x00\x01\x00\x00\xdf\x5d\
\x00\x00\x01\x97\x58\xbf\xc0\x43\
"

qt_version = [int(v) for v in QtCore.qVersion().split('.')]
if qt_version < [5, 8, 0]:
    rcc_version = 1
    qt_resource_struct = qt_resource_struct_v1
else:
    rcc_version = 2
    qt_resource_struct = qt_resource_struct_v2

def qInitResources():
    QtCore.qRegisterResourceData(rcc_version, qt_resource_struct, qt_resource_name, qt_resource_data)

def qCleanupResources():
    QtCore.qUnregisterResourceData(rcc_version, qt_resource_struct, qt_resource_name, qt_resource_data)

qInitResources()
