# -*- coding: utf-8 -*-

# Resource object code
#
# Created by: The Resource Compiler for PyQt5 (Qt v5.15.15)
#
# WARNING! All changes made in this file will be lost!

from PyQt5 import QtCore

qt_resource_data = b"\
\x00\x01\x47\x1d\
\x89\
\x50\x4e\x47\x0d\x0a\x1a\x0a\x00\x00\x00\x0d\x49\x48\x44\x52\x00\
\x00\x04\x00\x00\x00\x04\x00\x08\x06\x00\x00\x00\x7f\x1d\x2b\x83\
\x00\x00\x00\x09\x70\x48\x59\x73\x00\x00\x16\x25\x00\x00\x16\x25\
\x01\x49\x52\x24\xf0\x00\x00\x04\xf4\x69\x54\x58\x74\x58\x4d\x4c\
\x3a\x63\x6f\x6d\x2e\x61\x64\x6f\x62\x65\x2e\x78\x6d\x70\x00\x00\
\x00\x00\x00\x3c\x3f\x78\x70\x61\x63\x6b\x65\x74\x20\x62\x65\x67\
\x69\x6e\x3d\x22\xef\xbb\xbf\x22\x20\x69\x64\x3d\x22\x57\x35\x4d\
\x30\x4d\x70\x43\x65\x68\x69\x48\x7a\x72\x65\x53\x7a\x4e\x54\x63\
\x7a\x6b\x63\x39\x64\x22\x3f\x3e\x20\x3c\x78\x3a\x78\x6d\x70\x6d\
\x65\x74\x61\x20\x78\x6d\x6c\x6e\x73\x3a\x78\x3d\x22\x61\x64\x6f\
\x62\x65\x3a\x6e\x73\x3a\x6d\x65\x74\x61\x2f\x22\x20\x78\x3a\x78\
\x6d\x70\x74\x6b\x3d\x22\x41\x64\x6f\x62\x65\x20\x58\x4d\x50\x20\
\x43\x6f\x72\x65\x20\x39\x2e\x30\x2d\x63\x30\x30\x30\x20\x37\x39\
\x2e\x31\x37\x31\x63\x32\x37\x66\x61\x62\x2c\x20\x32\x30\x32\x32\
\x2f\x30\x38\x2f\x31\x36\x2d\x32\x32\x3a\x33\x35\x3a\x34\x31\x20\
\x20\x20\x20\x20\x20\x20\x20\x22\x3e\x20\x3c\x72\x64\x66\x3a\x52\
\x44\x46\x20\x78\x6d\x6c\x6e\x73\x3a\x72\x64\x66\x3d\x22\x68\x74\
\x74\x70\x3a\x2f\x2f\x77\x77\x77\x2e\x77\x33\x2e\x6f\x72\x67\x2f\
\x31\x39\x39\x39\x2f\x30\x32\x2f\x32\x32\x2d\x72\x64\x66\x2d\x73\
\x79\x6e\x74\x61\x78\x2d\x6e\x73\x23\x22\x3e\x20\x3c\x72\x64\x66\
\x3a\x44\x65\x73\x63\x72\x69\x70\x74\x69\x6f\x6e\x20\x72\x64\x66\
\x3a\x61\x62\x6f\x75\x74\x3d\x22\x22\x20\x78\x6d\x6c\x6e\x73\x3a\
\x78\x6d\x70\x3d\x22\x68\x74\x74\x70\x3a\x2f\x2f\x6e\x73\x2e\x61\
\x64\x6f\x62\x65\x2e\x63\x6f\x6d\x2f\x78\x61\x70\x2f\x31\x2e\x30\
\x2f\x22\x20\x78\x6d\x6c\x6e\x73\x3a\x64\x63\x3d\x22\x68\x74\x74\
\x70\x3a\x2f\x2f\x70\x75\x72\x6c\x2e\x6f\x72\x67\x2f\x64\x63\x2f\
\x65\x6c\x65\x6d\x65\x6e\x74\x73\x2f\x31\x2e\x31\x2f\x22\x20\x78\
\x6d\x6c\x6e\x73\x3a\x70\x68\x6f\x74\x6f\x73\x68\x6f\x70\x3d\x22\
\x68\x74\x74\x70\x3a\x2f\x2f\x6e\x73\x2e\x61\x64\x6f\x62\x65\x2e\
\x63\x6f\x6d\x2f\x70\x68\x6f\x74\x6f\x73\x68\x6f\x70\x2f\x31\x2e\
\x30\x2f\x22\x20\x78\x6d\x6c\x6e\x73\x3a\x78\x6d\x70\x4d\x4d\x3d\
\x22\x68\x74\x74\x70\x3a\x2f\x2f\x6e\x73\x2e\x61\x64\x6f\x62\x65\
\x2e\x63\x6f\x6d\x2f\x78\x61\x70\x2f\x31\x2e\x30\x2f\x6d\x6d\x2f\
\x22\x20\x78\x6d\x6c\x6e\x73\x3a\x73\x74\x45\x76\x74\x3d\x22\x68\
\x74\x74\x70\x3a\x2f\x2f\x6e\x73\x2e\x61\x64\x6f\x62\x65\x2e\x63\
\x6f\x6d\x2f\x78\x61\x70\x2f\x31\x2e\x30\x2f\x73\x54\x79\x70\x65\
\x2f\x52\x65\x73\x6f\x75\x72\x63\x65\x45\x76\x65\x6e\x74\x23\x22\
\x20\x78\x6d\x70\x3a\x43\x72\x65\x61\x74\x6f\x72\x54\x6f\x6f\x6c\
\x3d\x22\x41\x64\x6f\x62\x65\x20\x50\x68\x6f\x74\x6f\x73\x68\x6f\
\x70\x20\x32\x34\x2e\x30\x20\x28\x4d\x61\x63\x69\x6e\x74\x6f\x73\
\x68\x29\x22\x20\x78\x6d\x70\x3a\x43\x72\x65\x61\x74\x65\x44\x61\
\x74\x65\x3d\x22\x32\x30\x32\x33\x2d\x30\x32\x2d\x32\x33\x54\x31\
\x37\x3a\x32\x31\x3a\x30\x33\x2b\x30\x34\x3a\x30\x30\x22\x20\x78\
\x6d\x70\x3a\x4d\x6f\x64\x69\x66\x79\x44\x61\x74\x65\x3d\x22\x32\
\x30\x32\x33\x2d\x30\x32\x2d\x32\x38\x54\x31\x39\x3a\x31\x37\x3a\
\x33\x37\x2b\x30\x34\x3a\x30\x30\x22\x20\x78\x6d\x70\x3a\x4d\x65\
\x74\x61\x64\x61\x74\x61\x44\x61\x74\x65\x3d\x22\x32\x30\x32\x33\
\x2d\x30\x32\x2d\x32\x38\x54\x31\x39\x3a\x31\x37\x3a\x33\x37\x2b\
\x30\x34\x3a\x30\x30\x22\x20\x64\x63\x3a\x66\x6f\x72\x6d\x61\x74\
\x3d\x22\x69\x6d\x61\x67\x65\x2f\x70\x6e\x67\x22\x20\x70\x68\x6f\
\x74\x6f\x73\x68\x6f\x70\x3a\x43\x6f\x6c\x6f\x72\x4d\x6f\x64\x65\
\x3d\x22\x33\x22\x20\x78\x6d\x70\x4d\x4d\x3a\x49\x6e\x73\x74\x61\
\x6e\x63\x65\x49\x44\x3d\x22\x78\x6d\x70\x2e\x69\x69\x64\x3a\x61\
\x61\x65\x66\x30\x31\x32\x38\x2d\x37\x32\x36\x34\x2d\x34\x31\x30\
\x62\x2d\x38\x63\x61\x33\x2d\x61\x65\x64\x34\x37\x65\x64\x30\x31\
\x65\x32\x66\x22\x20\x78\x6d\x70\x4d\x4d\x3a\x44\x6f\x63\x75\x6d\
\x65\x6e\x74\x49\x44\x3d\x22\x78\x6d\x70\x2e\x64\x69\x64\x3a\x61\
\x61\x65\x66\x30\x31\x32\x38\x2d\x37\x32\x36\x34\x2d\x34\x31\x30\
\x62\x2d\x38\x63\x61\x33\x2d\x61\x65\x64\x34\x37\x65\x64\x30\x31\
\x65\x32\x66\x22\x20\x78\x6d\x70\x4d\x4d\x3a\x4f\x72\x69\x67\x69\
\x6e\x61\x6c\x44\x6f\x63\x75\x6d\x65\x6e\x74\x49\x44\x3d\x22\x78\
\x6d\x70\x2e\x64\x69\x64\x3a\x61\x61\x65\x66\x30\x31\x32\x38\x2d\
\x37\x32\x36\x34\x2d\x34\x31\x30\x62\x2d\x38\x63\x61\x33\x2d\x61\
\x65\x64\x34\x37\x65\x64\x30\x31\x65\x32\x66\x22\x3e\x20\x3c\x78\
\x6d\x70\x4d\x4d\x3a\x48\x69\x73\x74\x6f\x72\x79\x3e\x20\x3c\x72\
\x64\x66\x3a\x53\x65\x71\x3e\x20\x3c\x72\x64\x66\x3a\x6c\x69\x20\
\x73\x74\x45\x76\x74\x3a\x61\x63\x74\x69\x6f\x6e\x3d\x22\x63\x72\
\x65\x61\x74\x65\x64\x22\x20\x73\x74\x45\x76\x74\x3a\x69\x6e\x73\
\x74\x61\x6e\x63\x65\x49\x44\x3d\x22\x78\x6d\x70\x2e\x69\x69\x64\
\x3a\x61\x61\x65\x66\x30\x31\x32\x38\x2d\x37\x32\x36\x34\x2d\x34\
\x31\x30\x62\x2d\x38\x63\x61\x33\x2d\x61\x65\x64\x34\x37\x65\x64\
\x30\x31\x65\x32\x66\x22\x20\x73\x74\x45\x76\x74\x3a\x77\x68\x65\
\x6e\x3d\x22\x32\x30\x32\x33\x2d\x30\x32\x2d\x32\x33\x54\x31\x37\
\x3a\x32\x31\x3a\x30\x33\x2b\x30\x34\x3a\x30\x30\x22\x20\x73\x74\
\x45\x76\x74\x3a\x73\x6f\x66\x74\x77\x61\x72\x65\x41\x67\x65\x6e\
\x74\x3d\x22\x41\x64\x6f\x62\x65\x20\x50\x68\x6f\x74\x6f\x73\x68\
\x6f\x70\x20\x32\x34\x2e\x30\x20\x28\x4d\x61\x63\x69\x6e\x74\x6f\
\x73\x68\x29\x22\x2f\x3e\x20\x3c\x2f\x72\x64\x66\x3a\x53\x65\x71\
\x3e\x20\x3c\x2f\x78\x6d\x70\x4d\x4d\x3a\x48\x69\x73\x74\x6f\x72\
\x79\x3e\x20\x3c\x2f\x72\x64\x66\x3a\x44\x65\x73\x63\x72\x69\x70\
\x74\x69\x6f\x6e\x3e\x20\x3c\x2f\x72\x64\x66\x3a\x52\x44\x46\x3e\
\x20\x3c\x2f\x78\x3a\x78\x6d\x70\x6d\x65\x74\x61\x3e\x20\x3c\x3f\
\x78\x70\x61\x63\x6b\x65\x74\x20\x65\x6e\x64\x3d\x22\x72\x22\x3f\
\x3e\xc0\x58\x24\x76\x00\x01\x41\xcf\x49\x44\x41\x54\x78\xda\xec\
\x9d\x07\x78\x1b\xc7\x99\xbf\x5d\xe4\x58\xb2\x2d\xf7\x2a\x4b\x62\
\xa7\x24\xb7\xb8\xa6\xff\x13\xc7\x89\x73\xe7\xd4\x4b\x71\xca\xa5\
\xe7\x92\xb3\xd3\x73\x29\x97\x9e\x53\x5c\x92\xd8\xb1\xd5\xa9\x6a\
\xf5\x42\x59\xee\x5d\xee\xbd\xcb\x3d\x92\xd8\x7b\x57\xa3\x0a\x25\
\x4a\x14\x39\xff\x1d\x70\x41\x2c\x16\x65\x30\xd8\x05\xb0\xbb\x78\
\x7f\xcf\xf3\x3d\xa0\x45\x10\xe4\x6b\xec\x0c\xf6\xfb\xcd\x37\xdf\
\x1c\x22\x84\x38\x84\x20\x08\x82\x20\x08\x82\x20\x08\x82\x20\x88\
\x60\x07\xff\x13\x08\x82\x20\x08\x82\x20\x08\x82\x20\x08\x02\x03\
\x80\x20\x08\x82\x20\x08\x82\x20\x08\x82\x20\x08\x0c\x00\x82\x20\
\x08\x82\x20\x08\x82\x20\x08\x82\x20\x30\x00\x08\x82\x20\x08\x82\
\x20\x08\x82\x20\x08\x82\xc0\x00\x20\x08\x82\x20\x08\x82\x20\x08\
\x82\x20\x08\x02\x03\x80\x20\x08\x82\x20\x08\x82\x20\x08\x82\x20\
\x08\x0c\x00\x82\x20\x08\x82\x20\x08\x82\x20\x08\x82\x20\x30\x00\
\x08\x82\x20\x08\x82\x20\x08\x82\x20\x08\x82\xc0\x00\x20\x08\x82\
\x20\x08\x82\x20\x08\x82\x20\x08\x0c\x00\x82\x20\x08\x82\x20\x08\
\x82\x20\x08\x82\x20\x30\x00\x08\x82\x20\x08\x82\x20\x08\x82\x20\
\x08\x82\xc0\x00\x20\x08\x82\x20\x08\x82\x20\x08\x82\x20\x08\x02\
\x03\x80\x20\x08\x82\x20\x08\x82\x20\x08\x82\x20\x08\x0c\x00\x82\
\x20\x08\x82\x20\x08\x82\x20\x08\x82\x20\x30\x00\x08\x82\x20\x08\
\x82\x20\x08\x82\x20\x08\x82\xc0\x00\x20\x08\x82\x20\x08\x82\x20\
\x08\x82\x20\x08\x02\x03\x80\x20\x08\x82\x20\x08\x82\x20\x08\x82\
\x20\x30\x00\x08\x82\x20\x08\x82\x20\x08\x82\x20\x08\x82\xc0\x00\
\x20\x08\x82\x20\x08\x82\x20\x08\x82\x20\x08\x02\x03\x80\x20\x08\
\x82\x20\x08\x82\x20\x08\x82\x20\x08\x0c\x00\x82\x20\x08\x82\x20\
\x08\x82\x20\x08\x82\x20\x30\x00\x08\x82\x20\x08\x82\x20\x08\x82\
\x20\x08\x82\xc0\x00\x20\x08\x82\x20\x08\x82\x20\x08\x82\x20\x08\
\x02\x03\x80\x20\x08\x82\x20\x08\x82\x20\x08\x82\x20\x08\x0c\x00\
\x82\x20\x08\x82\x20\x08\x82\x20\x08\x82\xc0\x00\xe0\x7f\x02\x41\
\x10\x04\x41\x10\x04\x41\x10\x04\x41\x60\x00\x10\x04\x41\x10\x04\
\x41\x10\x04\x41\x10\x04\x81\x01\x40\x10\x04\x41\x10\x04\x41\x10\
\x04\x41\x10\x04\x06\x00\x41\x10\x04\x41\x10\x04\x41\x10\x04\x41\
\x10\x18\x00\x04\x41\x10\x04\x41\x10\x04\x41\x10\x04\x41\x60\x00\
\x10\x04\x41\x10\x04\x41\x10\x04\x41\x10\x04\x81\x01\x40\x10\x04\
\x41\x10\x04\x41\x10\x04\x41\x10\x04\x06\x00\x41\x10\x04\x41\x10\
\x04\x41\x10\x04\x41\x10\x18\x00\x04\x41\x10\x04\x41\x10\x04\x41\
\x10\x04\x81\x01\x40\x10\x04\x41\x10\x04\x41\x10\x04\x41\x10\x04\
\x06\x00\x41\x10\x04\x41\x10\x04\x41\x10\x04\x41\x10\x18\x00\x04\
\x41\x10\x04\x41\x10\x04\x41\x10\x04\x41\x60\x00\x10\x04\x41\x10\
\x04\x41\x10\x04\x41\x10\x04\x81\x01\x40\x10\x04\x41\x10\x04\x41\
\x10\x04\x41\x10\x04\x06\x00\x41\x10\x04\x41\x10\x04\x41\x10\x04\
\x41\x10\x18\x00\x04\x41\x10\x04\x41\x10\x04\x41\x10\x04\x41\x60\
\x00\x10\x04\x41\x10\x04\x41\x10\x04\x41\x10\x04\x06\x00\x41\x10\
\x04\x41\x10\x04\x41\x10\x04\x41\x10\x18\x00\x04\x41\x10\x04\x41\
\x10\x04\x41\x10\x04\x41\x60\x00\x10\x04\x41\x10\x04\x41\x10\x04\
\x41\x10\x04\x81\x01\x40\x10\x04\x41\x10\x04\x41\x10\x04\x41\x10\
\x04\x06\x00\x41\x10\x04\x41\x10\x04\x41\x10\x04\x41\x10\x18\x00\
\x04\x41\x10\x04\x41\x10\x04\x41\x10\x04\x41\x60\x00\x10\x04\x41\
\x10\x04\x41\x10\x04\x41\x10\x04\x81\x01\x40\x10\x04\x41\x10\x04\
\x41\x10\x04\x41\x10\x18\x00\xfc\x4f\x20\x08\x82\x20\x08\x82\x20\
\x08\x82\x20\x08\x0c\x00\x82\x20\x08\x82\x20\x08\x82\x20\x08\x82\
\x20\x30\x00\x08\x82\x20\x08\x82\x20\x08\x82\x20\x08\x82\xc0\x00\
\x20\x08\x82\x20\x08\x82\x20\x08\x82\x20\x08\x02\x03\x80\x20\x08\
\x82\x20\x08\x82\x20\x08\x82\x20\x08\x0c\x00\x82\x20\x08\x82\x20\
\x08\x82\x20\x08\x82\x20\x30\x00\x08\x82\x20\x08\x82\x20\x08\x82\
\x20\x08\x82\xc0\x00\x20\x08\x82\x20\x08\x82\x20\x08\x82\x20\x08\
\x02\x03\x80\x20\x08\x82\x20\x08\x82\x20\x08\x82\x20\x30\x00\x7c\
\x08\x82\x10\x42\x08\xf9\x50\x97\x3e\x29\x46\x95\xdf\xb7\xeb\xe4\
\xb3\xd7\xf5\x94\x4e\xba\x7d\xcb\xc5\xe5\xb7\x76\x7f\x7c\xd2\xba\
\x9e\x2f\x95\xdf\xda\xf5\x83\x49\x6b\xbb\x7e\x51\x5e\xd9\xf5\x87\
\x49\x6b\x7b\xae\x2b\x5f\xdb\x7d\x73\x59\x65\xf7\x3c\xe3\x71\xb9\
\x11\xeb\x8c\x7f\xbf\xbf\x7c\x6d\xd7\x13\x65\x6b\xbb\x5f\x2c\xaf\
\xec\x7e\xcb\xf8\x5e\x8d\xf1\x58\x5f\xb6\xb6\xab\xd9\x78\x8d\x36\
\xe3\x39\x9d\xc6\x6b\xf4\x4c\xba\xb5\x6b\x9b\xf1\x9c\x5e\xe3\xb5\
\xf6\x94\x55\x76\xed\x33\x9e\x73\xc0\xf8\xef\x21\x19\xa1\xaf\x43\
\xff\x66\x7c\xcf\x78\x8e\xf1\x7a\xc6\x73\xbb\x7a\x42\x3f\xbb\xb6\
\xbb\x2d\xf4\x5a\xf2\x35\x87\x5f\xfb\xad\xd0\xef\x32\x7e\xe7\xf0\
\xef\x36\xfe\x06\xe3\x6f\x91\x7f\xd3\x64\xe3\x6f\x93\x7f\xe3\xe4\
\x5b\xe5\xdf\x6a\xfc\xcd\xf2\x6f\x0f\x31\x18\x2c\x06\x93\x64\x93\
\x8c\x92\x95\x77\x1c\x21\x84\x90\x1f\x85\x01\x80\x01\x80\x10\x42\
\x08\x45\x69\xaa\x10\x87\x5d\xb0\x6e\xf7\x29\x53\xd6\x6e\x3f\x67\
\xd2\xba\xad\x97\x95\xdd\xda\xf5\x35\x33\x89\xff\x9b\x91\x68\x2f\
\x36\x12\xea\x7b\x8d\x44\xfa\x59\xe3\xdf\xde\x31\x12\xe7\xd6\x49\
\x6b\xbb\x77\x1b\xdf\x13\xc6\xf7\x44\xf8\x31\x17\x61\x24\xf2\x23\
\x8f\xd6\xaf\x33\xf4\xbb\x0c\xe6\xee\x56\xe3\xff\xc5\x3b\x93\x86\
\xff\x5f\xdc\x2b\xff\xdf\xc8\xff\x47\xf2\xff\x55\xe8\xff\x99\xf1\
\xff\x4e\xfe\x3f\x94\xff\x2f\xe5\xff\x53\xae\x2c\x84\x10\x42\x18\
\x00\x18\x00\x18\x00\x08\x21\x84\xb2\xa5\x43\x2f\x5a\xb7\xfd\xb8\
\xc9\xeb\xba\xce\x2d\xbf\xb5\xe7\x93\x65\x6b\xbb\xaf\x32\x57\xe5\
\xe5\x0a\xf8\x23\x93\x86\x57\xe0\xbb\x8c\xff\x3e\x98\x89\x84\xde\
\x48\x98\x47\x1e\xad\x5f\x97\xe5\xd0\x34\x88\xfe\xfb\x22\x8f\xae\
\xf3\x87\xfe\x9f\x1a\xff\x6f\x8d\xff\xc7\x46\x3c\x52\xbe\xb6\x67\
\x79\xa8\xda\x60\xed\x96\xab\xe4\x7b\x21\xdf\x13\xf9\xde\xc8\xf7\
\x88\xcb\x14\x21\x84\x10\x06\x00\x06\x00\x42\x08\x21\xa4\x4c\xf0\
\xa7\xdc\xb1\xe5\x8c\xf2\x75\x3d\x1f\x32\x92\xca\x6f\x1b\x09\xfd\
\x9f\x8d\x64\x73\xa1\x91\x7c\xae\x2f\x5b\xdb\xb5\xd1\x48\xec\x77\
\x79\x25\xd9\xce\x7a\x02\xee\x83\x28\x1f\xae\x2c\xd8\x55\x6e\xbc\
\x57\x93\x8c\xf7\x4c\xbe\x77\xa1\xf7\xd0\x78\x2f\xe5\x7b\x2a\xdf\
\x5b\x0c\x02\x84\x10\x42\x18\x00\x18\x00\x08\x21\x84\xf2\x24\xc1\
\x97\xa5\xe4\x67\xaf\xdb\x3e\x71\xd2\x9a\xad\x97\xc9\x3d\xea\x46\
\x72\x7f\x83\x91\x34\xde\x31\xbc\xb2\x1c\xda\x1f\x1f\x49\x2a\xd7\
\x58\x1e\xd7\xd8\xfe\xcd\x85\x84\xdb\x71\xc2\xae\xf8\xfb\x32\xfd\
\x7c\x3f\xf2\xcb\xf7\xd8\xac\x22\xb8\x23\xf4\xde\x57\xca\x3e\x05\
\x5b\x2f\x93\xd7\x84\xb9\xcd\x00\x83\x00\x21\x84\x10\x06\x00\x06\
\x00\x42\x08\x21\x3f\x25\xfa\x57\x3c\x28\x8e\x9c\x74\x7b\xf7\x79\
\xa1\xbd\xe4\x95\x3d\xd7\x1a\x09\xdf\x9d\xe5\x6b\xbb\x36\x95\xad\
\xed\xea\x4f\x35\xe1\xd4\x4e\x50\xd7\x74\x46\x1e\xad\x5f\xbb\x95\
\xc0\x66\xb9\x42\x20\xef\xf8\xe5\xb5\x61\x5c\x23\xf2\x5a\x91\xd7\
\xcc\x64\x79\xed\x18\xd7\x90\xbc\x96\x30\x06\x10\x42\x08\x61\x00\
\x60\x00\x20\x84\x10\xca\x61\x92\x2f\xe3\xd2\x27\xc5\xe8\xb2\x75\
\x3d\xe7\x4f\x5a\xdb\xfd\xf5\xf2\x5b\x7b\xae\x2f\x5f\xdb\x7d\x97\
\xec\x56\x2f\xf7\x8c\x07\xa1\xa4\x3d\xdf\x4b\xfa\x3d\xc1\x1f\xba\
\x96\xba\x6b\xe4\xb5\x25\xaf\x31\x79\xad\xc9\x6b\x4e\x5e\x7b\xe1\
\xeb\x90\xe1\x88\x10\x42\x18\x00\x18\x00\x18\x00\x08\x21\x84\x5c\
\x4c\xf6\xe5\x11\x72\x53\xd6\x74\x5f\x3e\xe9\xd6\xee\xff\x2d\x5f\
\xdb\x55\x69\x24\x62\x55\x46\x62\x36\x98\x30\x41\xd4\x2e\x11\xd7\
\x5c\xc1\xce\x74\x28\xfe\x1e\x65\x82\x0c\x7f\x86\xf9\x8d\x6b\xcf\
\xb8\x06\x43\xd7\xa2\x71\x4d\x4e\x59\xd7\x7d\xb9\xbc\x46\x31\x05\
\x10\x42\x08\x03\x00\x03\x00\x03\x00\x21\x84\x90\x46\xb2\x3f\xe5\
\x8e\x1d\x05\xe5\xb7\x76\xff\x87\x91\x60\xfd\xb5\x2c\x74\x44\x5c\
\x77\x6b\xce\x57\xa5\x75\xf7\xc4\x1b\xc9\x63\xb9\x97\x12\x6a\xf8\
\xb3\xc4\x2f\x8f\x76\xec\xba\xb7\x7c\x4d\xe7\x5f\xe5\x35\x2c\xaf\
\x65\x4c\x01\x84\x10\xc2\x00\xc0\x00\xc0\x00\x40\x08\x21\x92\x7d\
\x23\x26\xdf\xb9\xeb\xa4\xd0\xb1\x7a\x95\x9d\xd7\xc8\xe3\xf4\xca\
\x2b\x3b\xb7\xc5\x4d\x18\xbd\xd6\xf4\x6e\x4d\xe4\x31\xee\xeb\xab\
\x7e\xbf\xfd\xfb\xa1\x44\x39\x49\xc2\x0c\xbf\x6f\xf9\x8d\xe7\x6d\
\x93\xd7\xb6\x11\xd7\x84\x8e\x2d\x34\xae\x79\x4c\x01\x84\x10\xc2\
\x00\xc0\x00\xc0\x00\x40\x08\xa1\x40\x27\xfb\x17\x6d\x10\x47\x4c\
\xba\x7d\xcb\xc5\x46\x12\xf4\xe3\xf2\xca\xee\x95\x65\x6b\xbb\x6b\
\x5d\x2b\xe9\xf6\x5a\x09\xbb\xdb\x7b\xde\xe1\x0f\x16\xbf\x71\xed\
\xcb\x31\x20\xc7\x82\x1c\x13\x72\x6c\x60\x0a\x20\x84\x10\x06\x00\
\x06\x00\x06\x00\x42\x08\xf9\x32\xd9\x3f\xc4\xdc\xb7\x6f\x24\x3a\
\x5f\x28\x5f\xdb\x7d\xb3\x91\xcc\x3d\x67\x24\x3e\xfb\x52\xef\x12\
\xef\x72\x42\xe7\x34\x81\xb4\x7f\x3f\x6a\xd5\x3a\x03\x7b\xcc\xe1\
\xcf\x37\xfe\x7d\xc6\x38\x79\x4e\x8e\x95\xd0\x98\x89\xee\x27\x80\
\x29\x80\x10\x42\x18\x00\x18\x00\x18\x00\x08\x21\xe4\xad\x84\x7f\
\xd2\x3d\x5b\xc6\x95\xaf\xdd\xf2\x55\x23\x81\x99\x6b\x24\x43\x1b\
\x8d\xc7\xa1\x48\x89\xb7\x2d\x9c\x96\x70\xdb\xbe\x6f\x2d\xcb\x4e\
\xed\xd8\xba\x0c\x1f\x43\x17\x53\xe2\x0e\x3f\xfc\x3a\xbf\xcf\x18\
\x3b\x6b\x8d\x31\x54\xd9\x3d\x57\x8e\x29\x39\xb6\x30\x04\x10\x42\
\x08\x03\x00\x03\x00\x03\x00\x21\x84\x72\x96\xf0\x4f\xae\xec\x2c\
\x2c\x5f\xdb\xfd\x2d\x23\x61\x59\x6c\x44\xad\xb3\xae\xed\x9a\x2b\
\xb0\xaa\x3d\xe2\xaa\x3d\xe5\xda\x09\x9c\x6a\x8f\xba\xd3\xae\xf5\
\xf0\xc3\xaf\x78\xfd\xe1\x2d\x33\x8b\xe5\x98\x9b\x5c\xb9\xa3\x10\
\x43\x00\x21\x84\x30\x00\x30\x00\x10\x42\x08\x65\x2c\xe1\x3f\xef\
\xce\xdd\xa7\x4e\xae\xec\xfa\x4f\x23\x01\x59\x5a\xb6\xb6\xab\xd9\
\xdd\x12\x6c\x97\x57\x64\x75\x4b\xbe\x75\x4b\xba\x5d\xff\x7b\xe0\
\x87\x5f\x93\xdf\x18\x83\x72\x2c\xca\x31\x29\xc7\x26\x86\x00\x42\
\x08\x61\x00\x60\x00\x20\x84\x10\x4a\x3b\xe1\xbf\xf4\x49\x31\x5a\
\x9e\x6f\x3e\x69\x6d\xf7\x8d\xe5\x6b\xba\xde\x18\x2e\xe9\x4f\x90\
\x30\xd9\x57\x48\x55\x09\x95\xee\x8a\x6e\xa6\xbb\xc8\x3b\xdd\x03\
\x0e\x3f\xfc\xb9\xe4\xaf\xec\x1a\x2a\x5f\xd3\xfd\xc6\xa4\x35\xdd\
\x37\x4e\x59\xd3\x7d\xb9\x1c\xbb\x18\x02\x08\x21\x84\x01\x80\x01\
\x80\x10\x42\x28\x61\xc2\x6f\xcc\xa5\x87\x96\xad\xeb\x39\xdf\x48\
\xf4\x7f\x33\x7c\x6c\x99\x6c\xda\x97\xe6\x8a\xa8\xdb\x5d\xdb\x5d\
\x6f\x0a\xe7\x30\x01\x83\x1f\x7e\x6f\xf3\xef\x0b\x8d\x61\x39\x96\
\x8d\x31\x2d\xc7\x36\x86\x00\x42\x08\x61\x00\x60\x00\x20\x84\x50\
\x9e\x27\xfd\xef\x7d\x70\xdb\xb1\x93\x2a\x7b\xbe\x54\x5e\xd9\xbd\
\xcc\x48\x50\xba\xd3\xde\x13\xed\x78\x45\xd4\xe1\x8a\xae\xaa\xc9\
\x9a\xe3\x2e\xee\xf0\xc3\xef\x67\xfe\xae\x6e\x39\xc6\xe5\x58\x97\
\x63\x1e\x33\x00\x21\x84\x30\x00\x30\x00\x10\x42\x28\x0f\x12\x7e\
\x19\xe7\xac\xed\x2e\x99\xb4\xb6\xeb\xe7\xe5\x6b\xbb\x1f\x2d\x5f\
\xd3\x7d\x20\x7e\xc2\x62\x0b\xa7\x2b\xa4\xba\x09\x98\xe3\xd7\xd7\
\xfc\xfb\xe1\x87\x3f\x4f\xf8\xcb\x2b\xbb\x0f\x18\xe3\xfe\x51\x39\
\x07\xc8\xb9\xc0\x3e\x3f\x30\x5d\x22\x84\x10\x06\x00\x06\x00\x42\
\x08\xf9\x38\xe9\xbf\xf4\x49\x31\x6a\xf2\xba\x2d\x1f\x99\x54\xd9\
\xfd\xcf\xf2\xca\xae\xcd\xae\x34\x29\x73\xd8\x15\xdd\xf1\xeb\xb9\
\x9e\x40\xc1\x0f\x7f\x7e\xf2\xcb\x39\x41\xce\x0d\x72\x8e\x90\x73\
\x05\x66\x00\x42\x08\x61\x00\x60\x00\x20\x84\x90\xcf\x92\xfe\x8b\
\xee\x13\x47\x95\xad\xed\xfe\x42\x59\x65\xf7\xea\xb2\x35\xdd\x3b\
\x1c\x37\x29\xd3\x2e\x61\x56\x84\x6e\xc2\xa2\x5d\x82\x6d\x0f\xf8\
\xe1\x87\x5f\xc5\x53\x5e\xd9\xbd\xdd\x98\x37\x56\xcb\xb9\x43\xce\
\x21\x98\x01\x08\x21\x84\x01\x80\x01\x80\x10\x42\x1e\x4d\xfa\x27\
\xdd\xb3\x65\x6c\xd9\xad\x5d\x5f\x33\x6e\xde\x6f\x2f\xab\xec\xec\
\x73\xd4\xd5\xdc\x69\x97\x74\xd7\x4b\xae\x5d\x6e\x9a\x06\x3f\xfc\
\xf0\x27\xe7\xaf\xec\xea\x0b\xcd\x25\xc6\x9c\x22\xe7\x16\xcc\x00\
\x84\x10\x06\x00\x06\x00\x06\x00\x42\x08\xe5\x30\xe1\x97\x71\xf6\
\xba\x9d\x27\x96\x55\xf6\x7c\xc7\xb8\x59\xbf\xcf\x88\x7e\xd7\x8e\
\x41\x73\x5a\x62\xec\xfa\xeb\xa9\x56\x58\x5d\x3e\x06\x0e\x7e\xf8\
\xe1\x8f\x3c\x7f\xad\x31\xb7\x84\xe6\x98\x9e\xef\xc8\x39\xe7\x10\
\xfa\x06\x20\x84\x30\x00\x30\x00\x30\x00\x10\x42\x28\x3b\x49\x7f\
\xf9\x7d\xbb\x4e\x2e\x5b\xdb\x7d\x95\x71\x43\xfe\x48\xf9\xda\xee\
\x81\xb4\x56\x18\x6d\x37\xf8\xa5\xe6\xd7\xf2\xd1\xfa\x75\xda\x09\
\x83\xc3\x3d\xcd\xb1\x7f\x4f\xe4\xd1\x95\x15\x56\xf8\xe1\x87\x3f\
\x2d\x7e\x73\xce\x91\x47\x0c\x5e\x25\xe7\x22\xcc\x00\x84\x10\x06\
\x00\x06\x00\x06\x00\x42\x08\xb9\x9c\xf4\x9f\xbd\xae\xe7\x98\x49\
\x6b\xbb\xbf\x5e\xbe\xa6\xeb\x81\xf2\x4a\xe3\x06\xdc\xfd\x63\xc2\
\xf4\x56\x18\x15\x2b\x9a\xa5\xe6\xdf\x92\x7a\x42\xa5\xb9\x87\x1a\
\x7e\xf8\xe1\xcf\x39\xbf\x9c\x8b\xe4\x9c\x24\xe7\x26\x39\x47\x61\
\x06\x20\x84\x30\x00\x30\x00\x30\x00\x10\x42\x28\xcd\xc4\xff\xa2\
\x0d\xe2\x88\xc9\xb7\x6e\xf9\x4c\xf9\xda\xae\xca\x98\x3d\xfd\x4e\
\x9b\x7e\x69\xae\x10\x3a\x5e\x01\xd5\xfd\xfd\xba\x7b\x96\xe1\x87\
\x1f\xfe\xdc\xf2\x1b\x73\x54\xf9\x9a\xae\x4a\x39\x67\xc9\xb9\x0b\
\x23\x00\x21\x84\x01\x80\x01\x80\x01\x80\x10\x42\x8a\xa4\xdf\x98\
\xcf\x0e\x95\xc7\x71\x95\x57\x76\x2f\x30\x12\xff\x6d\xa9\xae\xf8\
\xc5\xae\x38\xea\x96\x0c\xeb\x26\x10\x2e\x3f\xdf\xe1\x31\x69\xf0\
\xc3\x0f\xbf\x77\xf8\xcb\x2b\xbb\xb6\x19\xb1\x40\xce\x65\x72\x4e\
\xc3\x0c\x40\x08\x61\x00\x60\x00\x60\x00\x20\x84\x48\xfa\x2d\x51\
\xb6\x76\xeb\x94\xb2\xb5\xdd\x37\x18\x37\xcf\xad\x65\xb6\x9b\xf8\
\xb8\x25\xc4\xda\x91\xfc\x86\x5e\xb9\x07\xd8\xe1\x8a\xa1\xb2\x24\
\xda\xf6\xfa\xf0\xc3\x0f\x7f\x50\xf8\xbb\x5b\x43\x73\x9b\x31\xc7\
\x1d\xc2\x16\x01\x84\x10\x06\x00\x06\x00\x06\x00\x42\x28\x5f\x93\
\xfe\xf7\x3e\xb8\xed\xd8\xf2\xb5\xdd\xff\x6d\xdc\x20\xbf\xe8\xb8\
\x84\xd7\xe5\xa6\x60\xae\xef\x51\x56\xfd\x3e\xf8\xe1\x87\x3f\xf8\
\xfc\x95\x5d\x2f\xca\x39\x4f\xce\x7d\x98\x01\x08\x21\x0c\x00\x0c\
\x00\x0c\x00\x84\x50\xe0\x13\x7f\x59\x0e\x3b\x69\xdd\xd6\xcb\xca\
\x2b\xbb\x57\x96\xad\xed\xda\x9b\xfe\x9e\xdd\xe4\xdf\x77\xbe\x82\
\xa8\x7a\xbd\xe8\x12\x63\xe5\xef\x53\x26\x14\xf0\xc3\x0f\x7f\xde\
\xf0\x57\x76\xed\x95\x73\xe0\xa4\x35\x5b\x2f\x63\x8b\x00\x42\x08\
\x03\x00\x03\x00\x03\x00\x21\x14\xa8\xa4\x5f\xc6\x94\x3b\x76\x14\
\x94\xaf\xee\x9c\x5a\x5e\xd9\xd5\xe8\x4e\xd3\x30\x67\x2b\x88\xca\
\x63\xc6\x94\xaf\xef\x6e\x09\x32\xfc\xf0\xc3\x9f\x9f\xfc\x72\x4e\
\x94\x73\xa3\x9c\x23\x0f\xa1\x2a\x00\x21\x84\x01\x80\x01\x80\x01\
\x80\x10\xf2\x6b\xd2\x2f\x3b\x61\x4f\x5a\xdb\x79\xa5\x71\x83\xfb\
\x58\x59\x65\xf7\x90\xb3\x3d\xb7\xba\x2b\x7e\xf6\x1b\x7a\x55\x09\
\xb2\xd3\xae\xe1\xaa\x70\xba\xe7\x18\x7e\xf8\xe1\x0f\x34\x7f\x65\
\xd7\x50\x79\x65\xf7\x63\x93\xd6\xf6\x5c\x19\xe7\x14\x01\xcc\x00\
\x84\x10\x06\x00\x06\x00\x06\x00\x42\xc8\x9b\x89\xff\xd9\xeb\xb6\
\x4f\x9c\xb4\xa6\xeb\x3a\xe3\x66\xb6\xd3\xad\x15\xbd\xd2\xd5\x9d\
\x23\x8f\xd6\xaf\xd3\x5d\x91\x73\x9e\x80\x64\x7a\xc5\x13\x7e\xf8\
\xe1\xcf\x57\x7e\x39\x77\x4e\x5a\xd3\x73\x9d\x9c\x4b\x31\x02\x10\
\x42\x18\x00\x18\x00\x18\x00\x08\x21\xcf\x25\xfd\x53\x85\x38\xac\
\xac\xb2\xf3\x53\x65\x95\x5d\xf7\x95\xad\xe9\x1e\x8c\xbd\x61\x8f\
\x3c\xba\x72\x2e\xb7\xe3\xe7\x3b\xbb\xa1\x57\xed\xf9\x85\x1f\x7e\
\xf8\xe1\x77\xce\xdf\x35\x18\x9a\x53\x8d\xb9\x55\xce\xb1\x98\x01\
\x08\x21\x0c\x00\x0c\x00\x0c\x00\x84\x50\x4e\x13\xff\x73\xd6\x74\
\x9f\x56\xbe\xba\xe3\x0f\xd1\x7b\xfb\xb3\x7f\xae\xb8\xfe\x9e\xde\
\xe4\x09\x84\xf5\xa6\x3d\xfe\x8a\x63\x96\xcf\x49\x87\x1f\x7e\xf8\
\xf3\x9a\x7f\xb8\x57\x40\xd7\x1f\xe4\x9c\x8b\x11\x80\x10\xc2\x00\
\xc0\x00\xe0\x8a\x44\x08\x65\x2d\xe9\x97\x31\x65\x6d\xd7\xfb\x8c\
\x1b\xd2\xb5\xe5\x6b\xba\x0e\xc4\xdd\xe3\xaa\x2c\xd9\xb5\xad\xa8\
\x79\x3e\xe1\xd0\x5b\x71\x84\x1f\x7e\xf8\xe1\xcf\x04\xbf\x9c\x73\
\xe5\xdc\x2b\xe7\xe0\x78\x73\x33\x1f\x57\x08\x21\x0c\x00\x0c\x00\
\x84\x10\x72\x25\xf1\x0f\x95\xf9\xaf\xee\xf8\x82\x71\xf3\xf9\xbc\
\xf3\x92\x5c\x67\x37\xe0\xb1\x37\xcc\xf6\x12\x5b\xd5\x8a\x5e\xf2\
\x92\xdc\xcc\x97\x30\xc3\x0f\x3f\xfc\xf0\x3b\xe4\x5f\x63\xcc\xc5\
\xc6\x9c\xcc\xf6\x00\x84\x10\x06\x00\x06\x00\x42\x08\xb9\x96\xf8\
\x5f\x74\x9f\x38\xaa\x7c\x55\xe7\x8f\xcb\x2a\xbb\x6b\xcb\xe4\x8d\
\x67\x78\x65\x6a\xb5\x9b\x2b\x5e\xba\x37\xe4\xaa\x26\x60\x8a\x63\
\xc0\x74\x5f\xcf\xca\x0c\x3f\xfc\xf0\xc3\xef\x25\x7e\x63\x6e\x2e\
\xaf\xec\xfc\xb1\x9c\xab\x31\x02\x10\x42\x18\x00\x18\x00\x08\x21\
\x94\x56\xe2\x2f\xf7\x9a\x96\x55\x76\x5e\x53\xbe\xa6\x73\xab\x6e\
\x53\x2d\xe7\x2b\x68\x9a\xdf\x57\xdc\xa0\x2b\x23\xe6\xe7\x2d\x8f\
\x69\xfc\x3d\xf0\xc3\x0f\x3f\xfc\xd9\xe6\x2f\x5f\x6d\xcc\xd5\xc6\
\x9c\x4d\x9f\x00\x84\x10\x06\x00\x06\x00\x42\x08\xa5\x94\xf4\xcb\
\x28\x5d\xd5\x79\x56\xf9\x9a\xae\x45\xc6\x0d\x66\x7f\xea\x37\xdc\
\xf6\x1b\x66\x45\x09\xac\xf6\x8a\x9a\xde\x0d\x74\xa6\x4b\x84\xe1\
\x87\x1f\x7e\xf8\xbd\xca\x2f\xe7\x6e\x39\x87\xcb\xb9\xfc\x10\xfa\
\x04\x20\x84\x30\x00\x30\x00\x10\x42\x28\xde\x4d\xe1\xa4\xd5\x9d\
\x1f\x2d\xaf\xec\xba\xbf\xac\xb2\x7b\x48\xbf\x49\x95\xea\xdc\x6e\
\x97\xf7\xd0\x2a\x57\xfc\x5c\x3e\xf6\x0b\x7e\xf8\xe1\x87\xdf\x6f\
\xfc\x95\x5d\x43\x72\x4e\x97\x73\x3b\x46\x00\x42\x08\x03\x00\x03\
\x00\x21\x44\xe2\x7f\xe8\xa5\x4f\x8a\x51\x65\x2b\xdb\xbf\x66\xdc\
\x9c\x6e\x28\x5b\xdd\xe9\x60\x4f\x6c\xf4\x0a\x98\xf2\x86\xd9\xf6\
\xf3\xa5\x96\xc7\x78\xcf\xd7\xbd\xa1\x56\x3e\xdf\xfa\x37\xa7\xf0\
\xfb\xe1\x87\x1f\x7e\xf8\x7d\xce\xbf\xa1\x6c\x4d\xfb\xd7\xe4\x9c\
\x8f\x11\x80\x10\xc2\x00\xc0\x00\x40\x08\xe5\x59\xe2\x3f\xe9\x9e\
\x2d\x63\xcb\xd7\x74\xfc\xb2\xac\xb2\xb3\x39\xee\x8a\x93\xed\x06\
\x59\xb9\x27\x56\x77\x45\x2e\xe6\xf5\x15\x7b\x76\x75\x4b\x66\x2d\
\x8f\xa9\xad\x10\xc2\x0f\x3f\xfc\xf0\xe7\x01\x7f\x65\x57\xb3\x9c\
\xfb\xe5\x67\x00\x46\x00\x42\x08\x03\x00\x03\x00\x21\x14\xf0\xc4\
\xbf\x74\x55\xdb\xf8\xb2\x35\xdd\x37\x96\x55\x76\xf7\x96\x6a\x74\
\xb1\x56\xdf\x60\x26\xbf\x41\x76\xbe\x22\x97\x7c\x0f\xaf\xd3\x73\
\xb9\xe1\x87\x1f\x7e\xf8\xf3\x8a\x7f\x4d\x57\xef\x24\xe3\xb3\x40\
\x7e\x26\x60\x04\x20\x84\x30\x00\x30\x00\x10\x42\x01\x4a\xfa\x0f\
\x09\x37\xf6\xab\xec\x5c\x51\xbe\xba\xeb\x40\x99\xf5\xc6\x35\x51\
\x68\xef\xa9\x55\xec\x99\x55\xae\xc8\x65\xf6\xd8\xad\x98\x15\x37\
\xf8\xe1\x87\x1f\x7e\xf8\x85\xfc\x4c\x28\x5f\xdd\xb9\x82\x86\x81\
\x08\x21\x0c\x00\x0c\x00\x84\x50\x00\x12\xff\x29\xab\x5b\xcb\x8c\
\x1b\xc3\x15\x65\x6b\xba\x07\x4b\x75\x6e\x68\x55\x7b\x54\x6d\x37\
\xb4\xea\x15\x2b\xcd\xd7\xb7\xfd\xbc\xdb\x7b\x6a\xe1\x87\x1f\x7e\
\xf8\xe1\xb7\xfe\x7d\x5d\x83\xe5\x95\xdd\x2b\xe4\x67\x06\x46\x00\
\x42\x08\x03\x00\x03\x00\x21\xe4\xb3\xc4\x7f\x72\x65\x67\x61\x79\
\x65\xd7\x2d\xc6\x4d\xdd\x80\x2b\x25\xad\xba\x7b\x56\x95\x7b\x5e\
\x35\x5f\x5f\xf3\xd8\x2d\xd5\x0d\x33\xfc\xf0\xc3\x0f\x3f\xfc\xb1\
\xfc\xe5\xc6\x67\x86\xfc\xec\x90\x9f\x21\x18\x01\x08\x21\x0c\x00\
\x0c\x00\x84\x90\xc7\x13\xff\xd0\x1e\xff\xca\xce\xb9\xb2\xac\xb3\
\x34\x69\x89\xab\x5e\xd7\x6a\xd5\x0d\xb3\x6a\x85\x4c\xb7\x69\x95\
\x72\x05\x4b\x73\x85\x0e\x7e\xf8\xe1\x87\x1f\xfe\xd4\xf9\xcb\xe4\
\x76\xb1\xca\xee\xb9\x09\x7a\x04\x60\x04\x20\x84\x01\x80\x01\x80\
\x01\x80\x10\xca\x65\xe2\x7f\xf6\xd2\xc6\xd3\x8d\x9b\xb6\x19\x65\
\x95\x5d\xfd\xe9\x9d\x6b\x9d\xbc\x29\x95\xf6\x9e\x58\xed\x63\xb2\
\x34\x8f\xb5\xd2\xdd\x53\x0b\x3f\xfc\xf0\xc3\x0f\xbf\x3e\xff\x9a\
\x4e\xe3\x33\xa5\x67\x86\xfc\x8c\xc1\x08\x40\x08\x03\x00\x03\x00\
\x03\x00\x21\x94\xeb\x15\xff\x25\x9d\xa7\xc8\x4e\xce\xc6\x8d\x5a\
\x5f\x99\x4e\x09\xab\xb2\xe9\x55\xf2\xa6\x54\xda\x7b\x62\x55\x37\
\xac\x9a\x7b\x62\xd5\x3c\xf0\xc3\x0f\x3f\xfc\xf0\xbb\xc6\x5f\xd9\
\xd5\x17\x3a\x35\xc0\xf8\xcc\xc1\x08\x40\x08\x03\x00\x03\x00\x03\
\x00\x21\x94\xed\x15\xff\x75\xad\x27\x4e\x5a\xd3\x73\x5d\x79\x65\
\xd7\xee\x78\x2b\x3a\xf6\xd0\x2d\x21\x8d\xfd\x79\xdd\x15\xb2\xe8\
\xd0\x5e\xc1\xd2\x3c\x57\x1b\x7e\xf8\xe1\x87\x1f\xfe\xcc\xf3\xcb\
\xcf\x9c\x49\x6b\xba\xae\x93\x9f\x41\x18\x01\x08\x61\x00\x60\x00\
\x60\x00\x20\x84\x32\x9c\xfc\x17\xaf\xab\x3f\xae\x74\x55\xe7\x5f\
\x8c\x9b\xb7\x5e\xad\x1b\x48\xd5\x8a\x8f\xea\xf9\xb6\x70\xdc\x15\
\x5b\x75\xee\xb5\xcb\x2b\x6a\xf0\xc3\x0f\x3f\xfc\xf0\xbb\xc8\x2f\
\x3f\x83\x8c\xcf\x22\xf9\x99\x84\x09\x80\x10\x06\x00\x06\x00\x06\
\x00\x42\xc8\xe5\xc4\xff\xec\x75\x1b\x8f\x29\x5f\xd3\xf1\xbb\xf2\
\x35\x9d\xdb\xd2\x69\xfa\xa4\xbe\x81\x54\xec\x51\x75\x7a\xc3\xa9\
\x7b\x03\xaa\x28\x61\x85\x1f\x7e\xf8\xe1\x87\x3f\xf7\xfc\xe5\x95\
\x5d\xdb\xca\x57\x75\xfc\xee\xec\x75\x3d\xc7\x60\x04\x20\x84\x01\
\x80\x01\x80\x01\x80\x10\x72\x98\xf8\xbf\x7f\x5d\xeb\x18\x23\xf1\
\xff\x65\xe9\xea\xae\x6e\x47\x5d\xa1\xb5\x8f\xc1\x52\x74\xad\x76\
\xf9\x9c\xea\x98\x92\x53\xb7\xbb\x62\xc3\x0f\x3f\xfc\xf0\xc3\x9f\
\x41\xfe\xae\xee\x52\xe3\xb3\x4a\x7e\x66\x61\x04\x20\x84\x01\x80\
\x01\x80\x01\x80\x10\xd2\x4c\xfc\x2f\x9d\xfa\xe4\xa8\xf2\x55\x9d\
\x3f\x2a\xaf\xec\x6e\x4f\x65\x85\xc9\xf5\x63\xa0\x54\x3f\xef\xb0\
\x44\xd6\xf1\x0a\x19\xfc\xf0\xc3\x0f\x3f\xfc\x9e\xe3\x2f\x5f\xd3\
\xd5\x5e\x6a\x7c\x76\xc9\xcf\x30\x8c\x00\x84\x30\x00\x30\x00\x30\
\x00\x10\x42\x8a\xc4\xdf\x88\xc3\xca\x56\xb6\x5f\x5e\xba\xa6\xeb\
\x1d\x57\xbb\x48\x67\xbb\x44\xd4\xe1\x0d\xa7\xeb\x5d\xb4\xe1\x87\
\x1f\x7e\xf8\xe1\xcf\x1e\xbf\xfc\x0c\x33\x3e\xcb\xe4\x67\x1a\x46\
\x00\x42\x18\x00\x18\x00\x18\x00\x08\xa1\x38\x89\xff\x94\xd5\xad\
\x65\xc6\x4d\xd3\x3d\xbe\x5c\x61\x52\x95\x8c\x2a\x6e\x28\x95\xc7\
\x54\xc1\x0f\x3f\xfc\xf0\xc3\xef\x3f\x7e\xe3\x33\x4d\x7e\xb6\x61\
\x04\x20\x84\x01\x80\x01\x80\x01\x80\x10\x89\xbf\xa5\xb3\x7f\xd9\
\x9a\xee\x1b\x8d\x1b\xc0\xfd\x69\xaf\x08\x39\xec\x52\xad\xda\x83\
\xaa\x7b\x83\xeb\xf6\xef\x87\x1f\x7e\xf8\xe1\x87\xdf\x9f\xfc\xe5\
\xc6\x67\x9b\xfc\x8c\xbb\x28\xfe\x89\x01\x18\x01\x08\x61\x00\x60\
\x00\x60\x00\x20\x94\x1f\x89\xff\x95\xeb\xd6\x1d\x5e\xbe\xaa\xe3\
\x07\x65\xb2\xc1\x9f\xc3\x92\x4e\xc7\x2b\x42\xb9\x0e\xf8\xe1\x87\
\x1f\x7e\xf8\x03\xce\xdf\xd5\x2d\x3f\xf3\xe4\x67\x1f\x46\x00\x42\
\x18\x00\x18\x00\x18\x00\x08\xe5\x53\xf2\x7f\x58\xe9\x9a\xce\x8f\
\x94\xad\xe9\x7c\x3d\x63\x25\x9e\x4e\xcf\xad\x76\xba\x62\xe4\x90\
\x07\x7e\xf8\xe1\x87\x1f\xfe\x80\xf2\x1b\x9f\x7d\xf2\x33\xf0\x10\
\xb6\x05\x20\x84\x01\x80\x01\x80\x01\x80\x50\xd0\x13\xff\x49\x2b\
\x9a\x8a\x4a\x57\x75\xdc\xe6\x76\x09\x67\xd9\xea\xae\x91\xc7\xe1\
\xe8\xb4\x3c\x66\xfe\x06\x53\xf5\xfa\x6e\xdf\x30\xc3\x0f\x3f\xfc\
\xf0\xc3\xef\x73\x7e\xe3\xb3\x50\x7e\x26\x62\x04\x20\x84\x01\x80\
\x01\x80\x01\x80\x50\xd0\x12\xff\x43\xcf\x5e\xb7\xf1\x98\xf2\xd5\
\x1d\xd7\x1b\x37\x3e\xfb\x32\xb1\x42\x13\xf3\x7a\xab\x22\x8f\xd6\
\xaf\xd3\xbe\x81\x5b\x65\x79\x8c\xf3\x7a\x4e\x6f\x28\xe1\x87\x1f\
\x7e\xf8\xe1\xcf\x4b\xfe\x7d\xa5\xc6\x67\xa3\xfc\x8c\x3c\x84\x6d\
\x01\x08\x61\x00\x60\x00\x60\x00\x20\xe4\xf7\xe4\x7f\xea\xd4\xa9\
\x87\x95\xaf\xea\xfc\x76\xd9\x9a\xae\xf6\x6c\xee\xd1\xcc\x74\x49\
\x67\xd6\xcf\xc5\x86\x1f\x7e\xf8\xe1\x87\x3f\xb0\xfc\xe5\xc6\x67\
\xa4\xfc\xac\x94\x9f\x99\x98\x00\x08\x61\x00\x60\x00\x60\x00\x20\
\xe4\xc7\x55\xff\xc3\x4a\xd7\xb4\xbd\xdf\x48\xfc\x5f\x8e\x7b\x03\
\xa6\x58\xa1\xd1\xbe\x81\x53\xac\xd0\x78\x6d\x8f\x28\xfc\xf0\xc3\
\x0f\x3f\xfc\xf0\xdb\xff\xde\x72\xf9\x99\x69\x7c\x76\x1e\xc2\xb6\
\x00\x84\x30\x00\x30\x00\x30\x00\x10\xf2\x4b\xe2\x7f\x4e\x65\xfb\
\x84\xb2\xd5\x1d\xab\x8d\xe4\x7f\xc8\xb5\xa6\x50\xab\x3a\x46\x1e\
\xad\x5f\xa7\xbd\x22\xe3\xb0\x44\x34\xdb\x2b\x62\xf0\xc3\x0f\x3f\
\xfc\xf0\xe7\x09\x7f\xe8\xb3\xb3\x63\xb5\xfc\x2c\xc5\x08\x40\x08\
\x03\x00\x03\x00\x03\x00\x21\xaf\x26\xfe\x72\x9f\xff\xbb\xca\x56\
\x75\xfc\xd1\xb8\x81\xe9\x73\x7a\xc3\xa6\x7b\x83\x96\xe9\x63\xa2\
\xb4\xf7\x84\xc2\x0f\x3f\xfc\xf0\xc3\x0f\xbf\x33\xfe\x3e\xf9\x99\
\x2a\x3f\x5b\x0f\xa1\x3f\x00\x42\x18\x00\x18\x00\x18\x00\x08\x79\
\x69\xd5\xbf\x6c\x45\xeb\x7b\xcb\x57\x77\xbd\x9d\xad\x1b\x3a\xd5\
\xeb\xdb\x43\x55\x62\x6a\xbf\xa1\x1b\xbe\x71\xcb\xdd\x8a\x13\xfc\
\xf0\xc3\x0f\x3f\xfc\xf0\xcb\x08\x7d\xb6\x1a\x9f\xb1\x54\x03\x20\
\x84\x01\x80\x01\x80\x01\x80\x50\xce\x13\x7f\xd9\xb9\xb8\x6c\x55\
\xc7\xf4\xb2\xd5\x5d\x83\xd1\x2b\x20\x7a\x7b\x3c\x43\x37\x5a\x49\
\x56\x4c\xbc\x56\xb2\xa9\x5e\x01\x82\x1f\x7e\xf8\xe1\x87\x1f\x7e\
\xb7\xf8\xbb\x06\xe5\x67\xad\x79\x5a\x00\x46\x00\x42\x18\x00\x18\
\x00\x08\xa1\xac\x26\xfe\xa1\xe4\x7f\xd2\xca\x8e\x7f\x2f\x5f\xd3\
\xd5\x98\x93\x73\x96\x6d\x25\x96\x51\x37\x51\x71\x9b\x2e\xe9\x95\
\x64\x3a\x2e\xe1\x84\x1f\x7e\xf8\xe1\x87\x1f\x7e\x97\xf9\xe5\x67\
\xae\xfc\xec\x4d\x60\x02\x60\x04\x20\x84\x01\x80\x01\x80\x10\x72\
\x7f\xd5\xbf\x7c\x4d\xc7\xc9\xe5\xab\x3a\x56\x3a\xd9\xf3\x18\x73\
\x03\x17\x55\x76\xa9\xbf\xa2\xa2\x5b\x72\xe9\xfe\xeb\xc1\x0f\x3f\
\xfc\xf0\xc3\x0f\x7f\xb6\xf8\x3b\x56\xca\xcf\x62\xaa\x01\x10\xc2\
\x00\xc0\x00\x40\x08\x65\x2c\xf1\x0f\xad\xfa\xaf\xee\xf8\x7a\xd9\
\x9a\xce\x9e\x5c\xef\xf9\x74\xbb\xab\xb3\xee\x1e\x52\xf8\xe1\x87\
\x1f\x7e\xf8\xe1\xcf\x29\xbf\xf1\x59\x2c\x3f\x93\xc3\x9f\xcf\x18\
\x01\x08\x61\x00\x60\x00\x20\x84\x5c\x4b\xfe\xa7\xac\xee\x28\x28\
\x5f\xdd\xf9\xa0\x5b\x2b\x2c\xba\x2b\x2a\xaa\x15\x12\xe7\x2b\x2c\
\xba\x2b\x38\xf0\xc3\x0f\x3f\xfc\xf0\xc3\x9f\x7b\x7e\xf9\xd9\x2c\
\x3f\xa3\x31\x01\x10\xc2\x00\xc0\x00\x40\x08\x39\x4e\xfc\xaf\x5c\
\xb7\xee\xf0\xb2\x95\x1d\x3f\x37\x6e\x32\x76\xeb\x74\x45\x76\xfb\
\xdc\xe6\x4c\x97\x78\xaa\x57\x84\xf4\xba\x42\xc3\x0f\x3f\xfc\xf0\
\xc3\x0f\x7f\xb6\xf8\xcb\x56\x77\xed\x2e\x5b\xdd\xf1\x73\xf9\x99\
\x8d\x11\x80\x10\x06\x00\x06\x00\x42\x28\xad\xe4\x7f\xf2\xaa\xd6\
\x73\x8d\x9b\x8a\x17\x33\xb1\x27\x52\xf7\x06\xcb\xed\x26\x4e\xce\
\x6f\xf0\xe0\x87\x1f\x7e\xf8\xe1\x87\xdf\x6b\xfc\x5d\x2f\xca\xcf\
\x6e\x4c\x00\x84\x30\x00\x30\x00\x10\x42\x29\x27\xfe\x97\x2e\x6d\
\x1c\x5d\xb6\xaa\xe3\xda\xf2\xd5\x5d\x07\xdc\x6a\x92\x94\xe9\xe7\
\x6b\x97\x8c\xae\xb2\x3c\xae\xb2\xfd\x9b\x07\x78\xe0\x87\x1f\x7e\
\xf8\xe1\x87\x3f\x2d\xc3\x61\x55\xd7\x01\xf9\x19\x5e\x68\x7c\x96\
\x63\x04\x20\x84\x01\x80\x01\x80\x10\x4a\x9a\xfc\x97\x2f\x6d\xf9\
\x7f\x65\xab\x3b\x36\xab\x56\x20\xec\x37\x58\xaa\xa6\x49\xee\xaf\
\x88\xe8\xde\x40\xa9\x7e\xbf\xde\xf7\xe1\x87\x1f\x7e\xf8\xe1\x87\
\xdf\xcb\xfc\xe5\x6b\x3a\x37\x97\xaf\x6c\xf9\x7f\x98\x00\x08\x61\
\x00\x60\x00\x20\x84\x62\x12\xff\x8b\xd6\xd5\x1f\x57\xb6\xb2\x63\
\x6e\xd9\xea\xae\xa1\x78\x2b\x22\x8e\xcf\x69\xd6\x6e\xe2\xe4\xf6\
\xb1\x4b\x8a\x2e\xcf\x96\x47\xf8\xe1\x87\x1f\x7e\xf8\xe1\x0f\x04\
\xff\x1a\xe3\x33\xdd\xf8\x6c\x97\x9f\xf1\x18\x01\x08\x61\x00\x60\
\x00\x20\x44\xe2\x3f\xbc\xea\xbf\xac\xf9\x63\xc6\x8d\x42\x6b\x59\
\xd2\x92\x4a\x7b\xd8\x57\x40\x6c\x2b\x16\xe6\xd7\x09\x6f\xa8\x6c\
\x25\x98\xd6\x9f\x49\x6f\x85\x46\x73\x4f\xa7\xb2\x04\x14\x7e\xf8\
\xe1\x87\x1f\x7e\xf8\x83\xc1\x5f\xb6\xaa\xa3\xb5\x7c\x55\xf3\xc7\
\x30\x01\x10\xc2\x00\xc0\x00\x40\x28\x8f\x57\xfd\xcf\x5e\xb7\xf1\
\x5d\x65\xab\xda\x6f\x30\x6e\x14\x06\x9d\xee\x99\xcc\x74\xd7\x66\
\x65\xc9\xa3\xc3\x1b\x2a\xf8\xe1\x87\x1f\x7e\xf8\xe1\x0f\x36\x7f\
\xd7\xa0\xf1\xef\x37\xc8\xcf\x7e\x8c\x00\x84\x30\x00\x30\x00\x10\
\xca\xb3\xe4\xbf\x6c\x45\xd3\x14\xe3\x06\xe2\x35\xf7\xf6\x40\x46\
\xaf\x38\xd8\x43\xb9\xa2\x61\x5b\x31\xd1\xbf\x81\xb3\xfd\xbe\x98\
\xd7\x8b\x3c\xa6\xb7\x47\x13\x7e\xf8\xe1\x87\x1f\x7e\xf8\x03\xc1\
\xff\x9a\xbc\x07\xc0\x04\x40\x08\x03\x00\x03\x00\xa1\x3c\x48\xfc\
\x43\xc9\xff\xca\x8e\xab\x8c\x9b\x83\xbe\xe4\x37\x20\xc9\x6f\x98\
\xb4\xbb\x28\xdb\xf6\x58\xc6\xdc\xe0\x28\x4a\x26\x55\x37\x4c\xfa\
\x2b\x32\xaa\x1b\x30\xf8\xe1\x87\x1f\x7e\xf8\xe1\x0f\x2c\x7f\x5f\
\xd9\xca\xb6\xab\xc2\xf7\x05\x18\x01\x08\x61\x00\x60\x00\x20\x14\
\xc0\xe4\xbf\x64\x5e\xdd\xa9\xc6\x4d\xc8\x3d\xe9\xdc\x40\xe8\xaf\
\x38\x44\xdf\xe0\xa8\x4a\x2c\x95\x7b\x18\x15\x37\x68\xea\xe7\xeb\
\xdd\x70\xc1\x0f\x3f\xfc\xf0\xc3\x0f\x7f\xd0\xf9\xcb\x57\x77\xdd\
\x2d\xef\x0d\x30\x01\x10\xc2\x00\xc0\x00\x40\x28\x60\xab\xfe\x93\
\x56\xb6\xfe\xbb\xf1\x61\xdf\x91\xea\x0d\x87\xd3\x92\x4a\xdd\x15\
\x17\xe5\x8a\x87\xb2\xcb\xb3\xe2\x06\x4d\xb3\x69\x12\xfc\xf0\xc3\
\x0f\x3f\xfc\xf0\xe7\x03\xbf\xbc\x37\x28\x31\xee\x11\xa8\x06\x40\
\x08\x03\x00\x03\x00\xa1\x00\x24\xff\xe3\xa7\xbd\x30\xa6\x6c\x55\
\xc7\x74\x79\xbc\x5f\xb2\x63\x8e\x74\x4b\x16\x75\x57\x40\xd4\x2b\
\x24\xce\x5e\x4f\x97\x07\x7e\xf8\xe1\x87\x1f\x7e\xf8\xe1\x37\xbf\
\x27\x8f\x0b\x34\xee\x15\xe4\x3d\x03\x26\x00\x42\x18\x00\x18\x00\
\x08\xf9\x74\xd5\x7f\xf2\xd2\xfa\x73\xcb\x57\x77\xbd\x95\x52\x49\
\xa2\xe3\x3d\x8a\x7a\x25\x8c\xfa\x37\x60\xc9\x4b\x1e\x1d\x97\x64\
\xc2\x0f\x3f\xfc\xf0\xc3\x0f\x7f\x9e\xf3\xcb\x7b\x06\x79\xef\x40\
\x35\x00\x42\x18\x00\x18\x00\x08\xf9\x2c\xf9\x2f\x5b\xd5\xfe\x53\
\xe3\xc3\x7c\x5f\xba\x5d\x88\x75\x9b\x10\x39\xed\x5a\xac\xbd\x02\
\xa2\x38\xd7\x59\xfb\x5c\x65\xf8\xe1\x87\x1f\x7e\xf8\xe1\x87\x5f\
\x7e\x6f\x9f\xbc\x87\xc0\x04\x40\x08\x03\x00\x03\x00\x21\x1f\x24\
\xff\x53\x16\x6c\x3a\xc3\xf8\x20\x7f\x28\xe6\x03\x5d\x11\xfa\x25\
\x89\xb6\x3d\x90\xba\x2b\x28\x8a\xdf\xef\xf8\xd8\x24\xf8\xe1\x87\
\x1f\x7e\xf8\xe1\x87\xdf\x09\xff\x43\xf2\x9e\x02\x13\x00\x21\x0c\
\x00\x0c\x00\x84\x3c\xba\xea\x5f\xba\xa2\xf9\x33\xa5\xab\xba\xba\
\x53\x29\x11\x54\x9f\x63\xec\xac\x44\xd2\xed\xef\xbb\xdd\xd4\x09\
\x7e\xf8\xe1\x87\x1f\x7e\xf8\xe1\x57\xf1\x1b\xf7\x14\xc6\xbd\x05\
\xd5\x00\x08\x61\x00\x60\x00\x20\xe4\xa1\xe4\xff\xbc\x7f\xbe\x75\
\x74\xf9\xaa\xce\x8a\x5c\xae\x88\xa8\x7f\xde\xe1\x9e\x4b\xd5\x8a\
\x49\x8e\x57\x84\xe0\x87\x1f\x7e\xf8\xe1\x87\x3f\xb8\xfc\xed\x15\
\xf2\x5e\x03\x13\x00\x61\x00\x60\x00\x60\x00\x20\x94\xeb\x55\xff\
\xe5\x4d\x17\x18\x1f\xd4\x1b\x9d\xae\x50\x28\x6f\x70\x9c\xee\x89\
\x74\xb9\x0b\xb2\xdb\x2b\x34\xf0\xc3\x0f\x3f\xfc\xf0\xc3\x0f\x7f\
\x52\xfe\x8d\xf2\x9e\x83\x6a\x00\x84\x01\x80\x01\x80\x01\x80\x50\
\x8e\x92\xff\xf2\x55\x6d\xdf\x36\x3e\x90\xf7\x66\x63\x0f\xa3\xf3\
\x1b\x8e\xe4\x5d\x8c\xdd\x5e\xf1\x80\x1f\x7e\xf8\xe1\x87\x1f\x7e\
\xf8\x5d\xe6\x37\xee\x39\xca\x57\x75\x7e\x1b\x13\x00\x61\x00\x60\
\x00\x60\x00\x20\x94\xc5\xe4\xbf\x74\xd6\x83\x47\xca\x72\x3c\x57\
\x6f\x20\x56\x76\x8c\x3c\x5a\xbf\x4e\xf5\x06\x43\x79\xc3\xa1\xfb\
\xfa\x2b\x2d\x8f\x2b\xcd\x1b\x8f\x95\x1d\x99\xbb\x81\x82\x1f\x7e\
\xf8\xe1\x87\x1f\x7e\xf8\x53\xe4\x37\xee\x41\x8c\x7b\x11\x4c\x00\
\x84\x01\x80\x01\x80\x01\x80\x50\x86\x57\xfd\x4b\x17\xd5\x8e\x2f\
\x5b\xdd\xf5\x82\xd3\x3d\x83\xba\x37\x30\xba\xe1\xf6\x1e\x4a\xa7\
\x7b\x1c\xe1\x87\x1f\x7e\xf8\xe1\x87\x1f\x7e\x17\xf9\xe5\xbd\x88\
\x71\x4f\x42\x35\x00\xc2\x00\xc0\x00\xc0\x00\x40\x28\x53\xc9\xff\
\xd2\xd6\x4b\x4b\x57\x75\x76\xa5\xb3\x82\x10\xfb\x7c\xcd\x12\xc0\
\x98\x15\x09\xcb\x63\x0a\x2b\x16\xba\xaf\x1f\xf3\xf7\x3a\x5c\x41\
\x81\x1f\x7e\xf8\xe1\x87\x1f\x7e\xf8\x5d\xe6\x5f\x6d\xdc\x93\x2c\
\x6d\xbc\x14\x13\x00\x61\x00\x60\x00\x60\x00\x20\xe4\x6e\xf2\x7f\
\x78\xe9\xca\xb6\x5f\x96\xaf\xee\x1a\x70\x6b\x8f\xa1\xfd\x86\xc2\
\x7e\x43\x93\xe9\xae\xc2\xee\x1f\x9b\x04\x3f\xfc\xf0\xc3\x0f\x3f\
\xfc\xf0\x67\x9b\x5f\xde\x9b\x94\x1b\xf7\x28\xf2\x5e\x05\x13\x00\
\x61\x00\x60\x00\x60\x00\x20\x94\x7e\xf2\x1f\x72\xd3\x27\x2d\x7e\
\x6e\x6c\xe9\xaa\xf6\xb5\xca\xa6\x3f\xaa\x15\x0a\xa7\x7b\x14\x15\
\x37\x0c\xaa\xdf\xaf\x7b\x03\xa2\xdd\x15\x19\x7e\xf8\xe1\x87\x1f\
\x7e\xf8\xe1\xcf\x19\x7f\xd9\xca\xf6\x4a\x79\xcf\x92\xa0\x1a\x00\
\x21\x0c\x00\x0c\x00\x0c\x00\x84\x14\xab\xfe\x87\x4d\x5e\x5e\x5f\
\x5e\xb6\xaa\xeb\x9d\x74\x1c\x7b\xe5\x8a\x44\xcc\xeb\x39\x6b\x32\
\xe4\x76\xd3\x21\xf5\xdf\x0b\x3f\xfc\xf0\xc3\x0f\x3f\xfc\xf0\x7b\
\x8b\xbf\xeb\x1d\x79\xef\x72\x08\x5b\x02\x10\x06\x00\x06\x00\x06\
\x00\x42\x5a\xc9\xff\xe1\xa5\xcb\x5b\x3e\x57\xba\xba\xb3\x37\xdd\
\xae\xc4\x4e\x4b\xfe\x94\x4d\x84\xb4\xf7\x44\xea\x95\x18\xaa\xf7\
\x30\xc2\x0f\x3f\xfc\xf0\xc3\x0f\x3f\xfc\x9e\xe3\x5f\x65\xdc\xbb\
\x18\xf7\x30\x87\xb0\x25\x00\x61\x00\x60\x00\x60\x00\x20\xa4\x4e\
\xfe\x2f\x9d\x3a\x75\x54\xd9\xaa\x8e\x6b\x8d\xe4\x7f\x48\xab\xcb\
\xaf\xfd\x03\xde\x16\xda\xc7\x0e\x69\xfe\xbc\xf6\xdf\xe7\xf2\x9e\
\x4b\xf8\xe1\x87\x1f\x7e\xf8\xe1\x87\xdf\x23\xfc\xab\xbb\x86\xe4\
\xbd\x8c\xbc\xa7\xc1\x04\x40\x18\x00\x18\x00\x18\x00\x08\xc5\x26\
\xff\xc3\x25\xff\x73\x36\x9f\x54\xba\xa2\x63\x7d\x3a\x7b\xf0\xdc\
\x3e\x26\x48\xb9\x82\xa0\xba\x41\xd0\xdd\x53\xa8\xf9\x7a\xf0\xc3\
\x0f\x3f\xfc\xf0\xc3\x0f\xbf\xc7\xf9\x8d\x7b\x1a\x79\x6f\x73\x08\
\x7d\x01\x10\x06\x00\x06\x00\x06\x00\x22\xf1\xb7\x1d\xf1\xb7\xa4\
\xe9\xc2\xf2\x55\x5d\x0d\x69\x37\xfd\xb1\x47\x86\x9b\x14\x39\x6d\
\x4a\xe4\xb4\x0b\x32\xfc\xf0\xc3\x0f\x3f\xfc\xf0\xc3\xef\x7d\x7e\
\xe3\x7b\x0d\xf2\x1e\xe7\x10\xfa\x02\x20\x0c\x00\x0c\x00\x0c\x00\
\x44\xf2\x3f\xbc\xdf\xbf\x6c\x45\xcb\x77\x8c\x0f\xcb\xbd\x4e\x56\
\x14\x54\x25\x81\x8e\x57\x14\x34\x5f\x4f\x77\xc5\xc3\xe9\x8a\x0a\
\xfc\xf0\xc3\x0f\x3f\xfc\xf0\xc3\xef\x51\xfe\xd5\x9d\x7b\xe5\xbd\
\xce\x21\xf4\x05\x40\x18\x00\x18\x00\x18\x00\x28\x4f\x93\xff\xe1\
\x55\xff\x59\x0f\x1e\x59\xbe\xaa\xb3\x22\x13\xc7\x10\xe9\xee\xd9\
\xcb\x78\x89\xa3\xcb\x37\x18\xf0\xc3\x0f\x3f\xfc\xf0\xc3\x0f\xbf\
\xdf\xf8\xdb\x2b\xe4\xbd\xcf\x21\x6c\x09\x40\x18\x00\x18\x00\x18\
\x00\x28\xff\x4a\xfe\x6b\x4f\x29\x5f\xdd\xf9\x6c\xe4\x03\x34\xf2\
\x68\xfd\x3a\x53\x4d\x7d\x94\xe1\xf4\x1c\x63\xd5\x0d\x49\xcc\x0d\
\x04\xfc\xf0\xc3\x0f\x3f\xfc\xf0\xc3\x1f\x74\xfe\xb2\x95\x1d\xcf\
\xca\x7b\x20\xb6\x04\x20\x0c\x00\x0c\x00\x0c\x00\x94\x37\xc9\xbf\
\x3c\x23\xb7\x6c\x75\x57\x4d\x76\x4b\xf2\xa2\x6f\x30\x86\x9f\xe7\
\xa4\xab\x70\xf2\xd7\xcb\x78\x93\x23\xf8\xe1\x87\x1f\x7e\xf8\xe1\
\x87\xdf\x9f\xfc\xab\x3a\x6a\xe4\xbd\x10\x26\x00\xc2\x00\xc0\x00\
\xc0\x00\x40\x41\x4f\xfe\x0f\x2f\xbb\xa5\xe1\xc3\xe5\xab\x3a\xb6\
\x6a\x3b\xfc\x9a\x1f\xc8\x31\xaf\xaf\x6a\x0a\xa4\xf8\xfd\xba\xc7\
\x1a\xc5\xae\x00\x38\x5c\xe1\x80\x1f\x7e\xf8\xe1\x87\x1f\x7e\xf8\
\x03\xc3\x5f\xb6\xb2\x63\xab\xbc\x27\x3a\x84\xbe\x00\x08\x03\x00\
\x03\x00\x03\x00\x05\x2c\xf9\x0f\xbb\xdb\x87\x97\xaf\x68\xf9\xaa\
\xf1\xc1\xb7\xcf\x8d\x92\xbe\x4c\x1f\x2b\xa4\x7d\x2e\xb0\xdb\xc7\
\x1e\xc1\x0f\x3f\xfc\xf0\xc3\x0f\x3f\xfc\x41\xe7\xdf\x27\xef\x8d\
\x2c\x26\x00\x7d\x01\x10\x06\x00\x06\x00\x06\x00\x0a\x46\xf2\x5f\
\xba\xa2\xed\xf7\x65\xab\xbb\x86\xd2\xde\x93\xa7\x19\x4e\x3f\xa0\
\x75\x57\x2c\x9c\xae\x60\xc0\x0f\x3f\xfc\xf0\xc3\x0f\x3f\xfc\x79\
\xc8\xbf\xaa\x73\x48\xde\x23\x61\x02\x20\x0c\x00\x0c\x00\x0c\x00\
\x14\x88\xe4\xff\xec\xa9\xeb\xde\x55\xba\xa2\x7d\xa1\xd3\x3d\x74\
\xaa\x0f\x64\xb7\x6f\x38\xb4\x6f\x20\x34\x9b\x10\xc1\x0f\x3f\xfc\
\xf0\xc3\x0f\x3f\xfc\xf0\x87\xf9\xcb\x57\x75\x2c\x94\xf7\x4c\x98\
\x00\x08\x03\x00\x03\x00\x03\x00\xf9\x2d\xf1\x1f\xd9\xef\x5f\xbc\
\x60\xc3\x71\xa5\x2b\x3a\xd6\xe7\xe2\x03\x5a\x77\x8f\x60\xa6\x57\
\x2c\xe0\x87\x1f\x7e\xf8\xe1\x87\x1f\x7e\xf8\x93\xbe\xbe\x71\xcf\
\x24\xef\x9d\x0e\xa1\x2f\x00\xc2\x00\xc0\x00\xc0\x00\x40\xfe\x4b\
\xfe\x37\x4e\x2c\x5f\xd5\xf5\xa6\x57\x3e\x90\xdd\x7f\x3d\xa7\x5d\
\x80\xe1\x87\x1f\x7e\xf8\xe1\x87\x1f\x7e\xf8\xa3\xf9\xe5\xbd\x93\
\xbc\x87\xc2\x04\x40\x18\x00\x18\x00\x18\x00\xc8\x37\xc9\x7f\xe9\
\x92\xda\x0b\xcb\x56\x76\xb4\x69\x75\xe9\xf5\xd8\x9e\xc2\x4c\xdf\
\x30\xc0\x0f\x3f\xfc\xf0\xc3\x0f\x3f\xfc\xf0\xc7\xfd\x19\x79\x0f\
\x65\xdc\x4b\x61\x02\x20\x0c\x00\x0c\x00\x0c\x00\xe4\xf9\xe4\xbf\
\x7c\x45\xeb\x27\xcb\x57\x75\xed\x72\xfc\x81\x69\x79\x2c\xb3\xfd\
\x5b\x3a\x8e\x7c\x59\xf8\xc3\x3c\xc5\xd7\xd3\xfd\x7b\x5c\xbf\x61\
\x80\x1f\x7e\xf8\xe1\x87\x1f\x7e\xf8\xf3\x96\xbf\x7c\x65\xe7\xae\
\xf2\x15\x4d\x9f\xc4\x04\x40\x18\x00\x18\x00\x18\x00\xc8\x6b\xc9\
\x7f\xa4\xd3\xff\xb2\x96\x1f\x96\xae\xea\x3c\xe8\x87\x2e\xc1\xea\
\x73\x7f\xad\x37\x11\xfa\x2b\x16\xf0\xc3\x0f\x3f\xfc\xf0\xc3\x0f\
\x3f\xfc\x8e\xf8\xe5\x3d\x95\x71\x6f\x75\x08\x27\x04\x20\x0c\x00\
\x0c\x00\x0c\x00\xe4\xa5\xe4\xff\xca\x2b\xaf\x3c\xdc\xf8\xf0\xba\
\x31\xea\x03\x54\xd3\x71\xd7\x75\xd8\xdd\x7e\x7d\xd7\x6f\x20\xe0\
\x87\x1f\x7e\xf8\xe1\x87\x1f\x7e\xf8\x5d\xe0\x2f\x5b\xd9\x7e\xa3\
\xbc\xd7\xc2\x04\x40\x18\x00\x18\x00\x18\x00\x28\xe7\xc9\xff\x45\
\x0b\x36\x1c\x55\xba\xaa\x63\x9d\xdb\x25\x7d\x19\xef\x0a\x9c\xe1\
\xbf\x07\x7e\xf8\xe1\x87\x1f\x7e\xf8\xe1\x87\xdf\xb5\xdf\x67\xdc\
\x6b\xc9\x7b\x2e\x4c\x00\x84\x01\x80\x01\x80\x01\x80\xb2\x9d\xf8\
\x8f\xec\xf7\x2f\x9a\xf1\xce\x69\xe5\xab\xba\x9e\x4f\xa7\x84\x4f\
\x79\xce\xae\xc7\x3f\xa0\x9d\x96\x30\xc2\x0f\x3f\xfc\xf0\xc3\x0f\
\x3f\xfc\xf0\x6b\xf2\x3f\x2f\xef\xbd\x0e\xa1\x2f\x00\xc2\x00\xc0\
\x00\x40\x28\xdb\xc9\x7f\xc9\x2d\x1b\x4b\x4b\x57\x76\xd6\x26\x2c\
\x59\xcb\xb4\xe3\x9f\xe1\x0f\x6c\x65\x49\x9e\xc3\xef\xc3\x0f\x3f\
\xfc\xf0\xc3\x0f\x3f\xfc\xf0\xeb\xf3\x77\xd6\xca\x7b\x30\x4c\x00\
\x84\x01\x80\x01\x80\x50\xd6\x92\xff\xd2\xf9\xb5\x67\xd9\x8f\xf9\
\x73\xfb\x03\xdc\xe9\x07\x68\xae\x3f\xa0\xe1\x87\x1f\x7e\xf8\xe1\
\x87\x1f\x7e\xf8\x33\xf1\xf7\x85\xee\xc1\x8c\x7b\x31\x4c\x00\x84\
\x01\x80\x01\x80\x50\xa6\x92\xff\x48\xa7\xff\x5b\x6a\x2f\x28\x5b\
\xd9\xd9\xed\xf6\x07\x72\x4c\xac\xb0\x3c\xae\xb0\xfd\xdb\xb0\x03\
\x3e\xf2\x68\xfd\x3a\xed\x0f\x65\xe5\xef\xcb\xec\x0d\x09\xfc\xf0\
\xc3\x0f\x3f\xfc\xf0\xc3\x0f\x7f\xea\xfc\x5d\xdd\xf2\x9e\xec\x10\
\x4e\x08\x40\x18\x00\x18\x00\x08\x65\x2c\xf9\x5f\x5c\xfb\xfe\xd2\
\x55\x1d\xdb\x53\xfa\x80\x5b\x11\x79\xcc\xc4\x07\xaa\xe3\x92\xc0\
\x4c\xff\x7e\xf8\xe1\x87\x1f\x7e\xf8\xe1\x87\x1f\xfe\x4c\xf2\xcb\
\x7b\x32\xe3\xde\x0c\x13\x00\x61\x00\x60\x00\x20\xe4\x7a\xf2\x5f\
\xb2\xb8\xee\xa3\xe5\x2b\x3b\x77\x65\xac\x64\xce\xe6\x78\x5b\x3f\
\x44\xbd\x50\xa2\x67\x0f\xf8\xe1\x87\x1f\x7e\xf8\xe1\x87\x1f\xfe\
\x5c\xf3\x97\x19\xf7\x66\xf2\x1e\x0d\x13\x00\x61\x00\x60\x00\x20\
\xe4\x5a\xf2\x5f\xbe\xbc\xf5\x8a\xd2\x55\x1d\x7b\xb3\xea\xa0\xeb\
\x3a\xf8\x1e\x5f\x71\x80\x1f\x7e\xf8\xe1\x87\x1f\x7e\xf8\xe1\xcf\
\x08\xbf\x71\x8f\x26\xef\xd5\x30\x01\x10\x06\x00\x06\x00\x42\x8e\
\x93\xff\xb2\x65\xad\x5f\x34\x3e\x58\xf6\xab\xf6\xa4\xa9\x3f\xa0\
\xda\x47\x1e\x43\x11\xfe\x3a\xcd\x3d\x70\xae\x37\xd9\x51\xdc\x40\
\xc0\x0f\x3f\xfc\xf0\xc3\x0f\x3f\xfc\xf0\x7b\x95\x5f\xde\xab\x95\
\xad\x68\xfd\x02\x26\x00\xc2\x00\xc0\x00\x40\x28\xed\xe4\xbf\x74\
\x45\xdb\x37\xcb\x57\x75\x0e\xa4\xd5\xa5\xd6\xe9\x07\x66\xa6\x9b\
\xec\x64\xba\x4b\x2f\xfc\xf0\xc3\x0f\x3f\xfc\xf0\xc3\x0f\x7f\x16\
\xf9\xe5\x3d\x5b\xe9\xf2\xd6\x6f\x60\x02\x20\x0c\x00\x0c\x00\x84\
\x74\x93\xff\x51\x65\x4b\x5b\xae\x2e\x5d\xd9\x39\x38\xf2\x01\x16\
\x72\xae\x93\x38\xd8\xd6\x7f\x8b\xf3\x7d\xc7\x1f\x98\xba\x7b\xe4\
\x14\x7f\x8f\x76\x57\x60\xf8\xe1\x87\x1f\x7e\xf8\xe1\x87\x1f\x7e\
\xcf\xf3\x77\x0c\x96\x2d\x6f\xbb\x4a\xde\xcb\x61\x02\x20\x0c\x00\
\x0c\x00\x84\x54\xc9\xbf\x74\x8c\x47\x95\x2e\x6f\xfb\xa5\xdf\xf6\
\xc4\x69\x37\xd5\x51\x95\xfc\xc1\x0f\x3f\xfc\xf0\xc3\x0f\x3f\xfc\
\xf0\xfb\x95\xdf\xb8\x97\x33\x4d\x80\xc3\x31\x01\x10\x06\x00\x06\
\x00\x42\x89\x93\xff\x65\xad\x7f\x49\xeb\x03\x33\xc6\x31\x8f\x8e\
\xd8\xd7\x53\xec\x89\xd3\xfd\x00\x57\x39\xf4\x99\xbe\x61\x80\x1f\
\x7e\xf8\xe1\x87\x1f\x7e\xf8\xe1\xf7\x12\xff\x8a\xd6\xbf\x60\x02\
\x20\x0c\x00\x0c\x00\x84\x12\x26\xff\x65\xcb\x5b\x6f\xcc\x9a\x63\
\xad\xdb\xe4\x46\xb3\xc4\x4e\x79\x6c\x8f\xd3\x12\x41\xf8\xe1\x87\
\x1f\x7e\xf8\xe1\x87\x1f\x7e\x8f\xf3\xcb\x7b\x3b\x4c\x00\x84\x01\
\x80\x01\x80\x48\xfe\xa3\x92\xff\x4b\x2f\xbd\x74\x54\xf9\xf2\xb6\
\x8a\xa4\x1f\xa0\xba\x8e\x7b\xa6\xf7\xc4\xe9\x7e\xa0\x2a\xbe\xaf\
\xbc\x81\x80\x1f\x7e\xf8\xe1\x87\x1f\x7e\xf8\xe1\xf7\x23\xbf\x71\
\x8f\x27\xef\xf5\x30\x01\x10\x06\x00\x06\x00\xca\xdf\xc4\x7f\x24\
\xf9\x3f\xfb\xca\xa9\xef\x2a\x5b\xd1\xbe\x34\xb6\x6c\x4d\xaf\xa4\
\xce\xe9\x07\x9a\xea\x58\x1e\xed\xa6\x3f\x51\x0c\xfa\x25\x7b\xf0\
\xc3\x0f\x3f\xfc\xf0\xc3\x0f\x3f\xfc\x41\xe1\x97\xf7\x7a\x17\xfd\
\xf7\x7f\x1f\x91\xc0\x04\xc0\x08\x40\x18\x00\x18\x00\x28\x1f\x92\
\xff\xc2\xa9\x4b\x47\x97\xaf\xea\x58\x97\x56\xc9\x9a\x3d\x62\x3e\
\x60\x15\x25\x76\xda\x5d\x76\x35\x3f\x40\x15\x3c\x8e\x4b\xf6\xe0\
\x87\x1f\x7e\xf8\xe1\x87\x1f\x7e\xf8\xfd\xc4\x6f\xdc\xf3\xc9\x7b\
\x3f\x4c\x00\x84\x01\x80\x01\x80\xf2\x34\xf9\x2f\x5d\xd1\x76\x6f\
\xba\x1f\x60\x2a\xc7\x5a\xf5\x01\xe9\xfc\x03\xd8\xf6\x81\xa9\x74\
\xfc\x75\x57\x08\xe0\x87\x1f\x7e\xf8\xe1\x87\x1f\x7e\xf8\x83\xc6\
\xdf\x7e\x2f\x26\x00\xc2\x00\xc0\x00\x40\x79\x96\xfc\xcb\x12\x30\
\x23\xf9\x5f\x57\xa6\xf5\x01\xa7\xea\x5a\x1b\xfd\x01\x63\xfd\x99\
\x94\xf6\xd0\x69\x7e\x80\xc5\xbc\xbe\xa2\xe4\x4e\xb7\x0b\x2f\xfc\
\xf0\xc3\x0f\x3f\xfc\xf0\xc3\x0f\x7f\x10\xf9\x65\xf5\x27\xdb\x01\
\x10\x06\x00\x06\x00\xca\x93\xe4\x5f\x36\x81\x09\xed\xf9\x57\x75\
\x99\xd5\xdd\x43\xa7\x5b\x02\xe7\xfa\x31\x3c\x0e\xbb\xfa\xc2\x0f\
\x3f\xfc\xf0\xc3\x0f\x3f\xfc\xf0\xe7\x09\xbf\xbc\x17\x4c\xd2\x18\
\x10\x13\x00\x61\x00\x60\x00\xa0\x20\x24\xff\x46\x8c\x92\x9d\x60\
\x53\x6a\x7a\xe3\xb8\x89\x8e\xd3\x3d\x72\xc9\x3f\x90\xb5\xcf\xc5\
\xb5\xf3\xc0\x0f\x3f\xfc\xf0\xc3\x0f\x3f\xfc\xf0\xe7\x33\xbf\x71\
\x4f\x78\x48\xe2\x23\x02\x31\x01\x10\x06\x00\x06\x00\xf2\x7b\xf2\
\x2f\xcf\x82\x4d\xbb\x6b\xad\xa2\x49\x8d\xb2\x64\xce\xe9\x07\xaa\
\xd3\x26\x3b\xba\x7b\xf0\xe0\x87\x1f\x7e\xf8\xe1\x87\x1f\x7e\xf8\
\x03\xce\x2f\xef\x0d\x31\x01\x10\x06\x00\x06\x00\x0a\xe2\xca\xff\
\xb2\xd6\xbf\x44\x3b\xc0\x76\x87\xd8\x16\x4e\x3f\xe0\x74\xcf\xc9\
\x55\xfc\x7e\xc7\x4d\x7c\x54\x7f\x1f\xfc\xf0\xc3\x0f\x3f\xfc\xf0\
\xc3\x0f\x7f\x3e\xf2\x1b\xf7\x88\x98\x00\x08\x03\x00\x03\x00\x05\
\xab\xec\xff\x97\xea\x92\x31\xcd\xd0\xde\x13\x97\xdc\xe1\xd6\x2e\
\x69\x73\xbd\x64\x0e\x7e\xf8\xe1\x87\x1f\x7e\xf8\xe1\x87\x3f\x4f\
\xf9\x8d\x7b\x45\x4c\x00\x84\x01\x80\x01\x80\x82\x50\xf6\xbf\xb4\
\xe5\x6a\x37\xf6\x9c\x29\x1d\x73\xc7\x8e\xb4\xe6\x9e\xbc\x2c\xef\
\xb9\x83\x1f\x7e\xf8\xe1\x87\x1f\x7e\xf8\xe1\x0f\x32\x7f\xd9\xd2\
\xc6\xab\x31\x01\x10\x06\x00\x06\x00\xf2\x9f\x01\x30\x92\xfc\x97\
\x2f\x6d\xfe\x66\xe9\x8a\xce\xc1\x74\x3e\x60\xf4\xbb\xd0\xaa\xce\
\xa9\x55\x94\xb8\xe9\x76\xe5\xb5\xbd\xbe\xfa\xd8\x1d\xf8\xe1\x87\
\x1f\x7e\xf8\xe1\x87\x1f\x7e\xf8\x13\xf3\x77\x0e\xca\x7b\xc7\x24\
\x26\x00\xc2\x00\xc0\x00\xc0\x00\x40\x5e\x4d\xfe\xcb\x16\xd7\x7f\
\xd1\xf8\x00\x18\x48\xd9\x41\x56\x3a\xd6\x0a\xc7\xdb\xe9\x07\xaa\
\xd2\xf1\x76\xb8\xa7\x0e\x7e\xf8\xe1\x87\x1f\x7e\xf8\xe1\x87\x1f\
\xfe\xa4\xfc\xf2\xde\xb1\x6c\x59\xd3\x17\x31\x01\x10\x06\x00\x06\
\x00\xf2\xd5\xca\x7f\xd3\x27\xcb\x56\xb6\xef\xcf\xe8\x07\x86\xee\
\x9e\x38\xcd\x92\x36\xe7\x7b\xf6\x32\xfc\x81\x09\x3f\xfc\xf0\xc3\
\x0f\x3f\xfc\xf0\xc3\x1f\x40\x7e\x79\x0f\x29\xef\x25\x31\x01\x10\
\x06\x00\x06\x00\xf2\x41\xf2\x5f\xb2\xb8\xee\xa3\xa5\x2b\xdb\xf7\
\x6a\x7f\x80\x39\xfe\xc0\x50\x85\x9e\x63\x9e\xf5\x0f\x70\xf8\xe1\
\x87\x1f\x7e\xf8\xe1\x87\x1f\x7e\xf8\x87\x1f\x57\x75\xec\x95\xf7\
\x94\x98\x00\x08\x03\x00\x03\x00\x79\x38\xf9\x2f\x5d\x5c\xfb\xfe\
\xb2\x15\x9d\xbb\xdc\x29\x39\x73\xb9\x2b\xae\xe3\x26\x37\x6e\x3b\
\xe8\xf0\xc3\x0f\x3f\xfc\xf0\xc3\x0f\x3f\xfc\xf0\x27\x7a\xbd\xd0\
\x3d\xa5\x71\x6f\x89\x09\x80\x30\x00\x30\x00\x90\x17\x93\xff\x05\
\x9b\x2e\x2c\x5d\xd9\xbe\x3d\x7b\x7b\xd4\x74\x1d\x6e\x5d\x87\x5a\
\xd3\x21\xcf\xfa\x1e\x3d\xf8\xe1\x87\x1f\x7e\xf8\xe1\x87\x1f\xfe\
\x80\xf3\xcb\x7b\x4b\xe3\x1e\x13\x13\x00\x61\x00\x60\x00\x20\x2f\
\x25\xff\x73\x36\x9e\x5d\xba\xb2\xa3\xdb\xdd\x0f\x28\xa7\x25\x65\
\xee\x3a\xde\xea\x2e\xb7\x6e\x7f\x40\xc3\x0f\x3f\xfc\xf0\xc3\x0f\
\x3f\xfc\xf0\xc3\x1f\xba\xc7\x34\xee\x35\x31\x01\x30\x00\x30\x00\
\x30\x00\x90\x07\x92\xff\xe2\x99\x6f\x94\x95\xad\xe8\x68\x73\xfd\
\x1c\x59\xe5\xeb\xb9\xbc\xc7\xcd\xf1\xeb\xc1\x0f\x3f\xfc\xf0\xc3\
\x0f\x3f\xfc\xf0\xc3\x9f\x09\xfe\xb2\x15\xed\x6d\xf2\x9e\x13\x13\
\x00\x03\x00\x03\x00\x03\x00\xe5\x26\xf9\x97\x31\xaa\xf0\xc6\x57\
\x4e\x2f\x5d\xd9\x5e\x9b\x99\x92\x34\x45\xc9\x98\xe5\xb1\xcc\xf6\
\x6f\x99\xf9\x00\x72\xfb\x03\x19\x7e\xf8\xe1\x87\x1f\x7e\xf8\xe1\
\x87\x1f\xfe\x94\xf9\x57\x76\xd6\xca\x7b\x4f\xd3\x04\x38\x0c\x13\
\x00\x03\x00\x03\x00\x03\x00\x65\x2f\xf9\x3f\xfc\xbc\x7f\x3e\x7c\
\x74\xe9\x8a\xb6\x17\xdc\xdb\x43\xe6\xd0\x51\x5e\xde\x1e\x79\xb4\
\x7e\xed\x5a\xc9\x9d\xdb\x0e\x38\xfc\xf0\xc3\x0f\x3f\xfc\xf0\xc3\
\x0f\x3f\xfc\x7a\xaf\xd7\xfe\x82\xbc\x07\xb5\x54\x01\x60\x02\x60\
\x00\x60\x00\x60\x00\xa0\x4c\x27\xff\x97\x5e\x7a\xe9\xa8\xd2\xe5\
\x6d\xb7\x39\x9b\xd0\xb3\x5d\xe2\x96\xe9\x0f\x2c\xf8\xe1\x87\x1f\
\x7e\xf8\xe1\x87\x1f\x7e\xf8\x33\xce\x6f\xdc\x83\xca\x7b\x51\x4c\
\x00\x0c\x00\x0c\x00\x0c\x00\x94\x85\xe4\x5f\x96\x5d\x95\x2d\x6f\
\xfd\xa7\x72\x82\x8f\x71\xa4\x2d\x8f\xf1\xc2\xfa\x9c\xb8\x0e\x76\
\x96\x3f\xb0\x94\x7f\x3f\xfc\xf0\xc3\x0f\x3f\xfc\xf0\xc3\x0f\x3f\
\xfc\xb9\xe0\x97\xf7\xa2\xb6\x7e\x00\x98\x00\x18\x00\x18\x00\x18\
\x00\x28\x13\xc9\x7f\xe9\xd2\xa6\x1f\xe5\xc4\x11\xd6\xfd\x80\xd0\
\xfe\x00\xcb\x75\x89\x1b\xfc\xf0\xc3\x0f\x3f\xfc\xf0\xc3\x0f\x3f\
\xfc\x29\xf3\x1b\xf7\xa4\x98\x00\x18\x00\x18\x00\x18\x00\x28\x33\
\x06\xc0\xf0\xca\xff\xc2\x9a\x4f\x97\xad\xe8\x18\x48\xe9\x03\x45\
\x77\x4f\x9a\xe3\x0f\x38\xdb\xf3\xdd\xfe\xfd\xba\x1f\xa8\xf0\xc3\
\x0f\x3f\xfc\xf0\xc3\x0f\x3f\xfc\xf0\x67\x8c\x5f\xde\x93\xca\x7b\
\xd3\x43\x38\x19\x00\x03\x00\x03\x00\x03\x00\xb9\x9f\xfc\x97\xcc\
\xdd\x7c\x51\xd9\x8a\xce\x5d\xee\x95\x8c\x65\xfb\x98\x1a\xdd\xd7\
\x73\xda\x84\x07\x7e\xf8\xe1\x87\x1f\x7e\xf8\xe1\x87\x1f\xfe\x4c\
\xfe\xbd\x65\x2b\x3a\x76\xc9\x7b\x54\x4c\x00\x0c\x00\x0c\x00\x0c\
\x00\xe4\x62\xf2\x5f\x34\xe7\xf5\x02\x79\xfe\x6a\xc9\xf2\xf6\xf4\
\x3f\x40\x9c\x3a\xd6\xba\x7b\xca\x6c\x7f\x4f\x89\xf9\xf3\xf2\xd1\
\xfa\x75\xa2\x0f\x9c\x30\x6b\xe4\xf9\x91\x47\xf8\xe1\x87\x1f\x7e\
\xf8\xe1\x87\x1f\x7e\xf8\xbd\xc1\x2f\xef\x51\xe5\xbd\x2a\x26\x00\
\x06\x00\x06\x00\x06\x00\x72\x21\xf9\x9f\xf8\xf7\xfb\x4f\x28\x5b\
\xde\xf6\x96\x7e\x89\x99\xee\x9e\x2e\x97\xf7\xa8\xd9\xff\x3e\x7b\
\x64\xbc\xc4\x0e\x7e\xf8\xe1\x87\x1f\x7e\xf8\xe1\x87\x1f\xfe\x6c\
\xf0\x97\xad\x68\x7f\x4b\xde\xb3\x62\x02\x60\x00\x60\x00\x60\x00\
\x20\x07\xc9\x7f\xe1\x77\xa6\x8e\x36\x26\xd5\xf5\xe9\xec\xe9\x8a\
\x75\x90\x93\x3b\xce\xaa\x92\xb2\x12\xcb\x63\x5c\x47\xda\xe9\x07\
\x8a\xf6\x1e\x38\xf8\xe1\x87\x1f\x7e\xf8\xe1\x87\x1f\x7e\xf8\x3d\
\xc4\xbf\x5e\xde\xbb\x62\x02\x60\x00\x60\x00\x60\x00\x20\xbd\xe4\
\xff\x30\x73\xe2\x3c\xa2\x74\x79\xeb\xa2\xb4\xf7\x6c\xe9\x7e\xa0\
\x28\x1d\x6a\x87\x5d\x65\x75\x9b\xd2\x38\xdd\xb3\x06\x3f\xfc\xf0\
\xc3\x0f\x3f\xfc\xf0\xc3\x0f\x7f\x76\xf9\x8d\x7b\x57\x79\x0f\x6b\
\xde\xcb\x72\x32\x00\x06\x00\x06\x00\x06\x00\x4a\x21\xf9\x0f\x1f\
\xf7\xf7\x07\x67\x13\xb8\xcd\x81\x76\xea\x30\xab\x7e\x9f\x2a\x6c\
\xaf\x17\xbb\x27\x4e\xe5\xa8\xc3\x0f\x3f\xfc\xf0\xc3\x0f\x3f\xfc\
\xf0\xc3\xef\x79\x7e\xe3\x1e\xf6\x10\x8e\x07\xc4\x00\xc0\x00\xc0\
\x00\x40\x49\x93\xff\xe8\xe3\xfe\x96\x34\x7e\xad\x74\x65\xe7\x50\
\xf2\x26\x32\xf6\xa6\x30\x7a\x8e\xb4\xe3\x0f\x20\xa7\x8e\xb5\x66\
\xd7\x5a\xf8\xe1\x87\x1f\x7e\xf8\xe1\x87\x1f\x7e\xf8\x7d\xc0\x6f\
\xdc\xc3\xca\x7b\xd9\x24\x5b\x01\x30\x01\x30\x00\x30\x00\x30\x00\
\x58\xfd\x1f\x49\xfe\xe7\xd7\x7c\xd8\x98\x68\xf7\x29\x4b\xb2\x1c\
\x3b\xc0\xaa\x3d\x6a\xba\x4d\x6d\xa2\x5f\x2f\x66\x0f\x9a\xe5\xd1\
\x95\x92\x34\xf8\xe1\x87\x1f\x7e\xf8\xe1\x87\x1f\x7e\xf8\xbd\xca\
\xbf\xaf\xc8\xb8\xa7\xa5\x1f\x00\x06\x00\x06\x00\x06\x00\x4a\x96\
\xfc\x4f\x7f\x6d\x4a\xd9\xca\x8e\x2d\x69\x75\x79\x75\xf9\x03\x24\
\xb6\xe9\x8b\xad\x89\x8c\xd3\xbf\x4f\xf5\x01\x04\x3f\xfc\xf0\xc3\
\x0f\x3f\xfc\xf0\xc3\x0f\xbf\x6f\xf9\xe5\x3d\xad\xbc\xb7\xc5\x04\
\xc0\x00\xc0\x00\xc0\x00\x20\xf9\x8f\x93\xfc\x17\x5d\xff\xd2\x69\
\xa5\xcb\xdb\x6a\x5d\xeb\x32\xeb\xf8\x03\x47\xe1\x20\xbb\xbc\xe7\
\xcc\xf5\x2e\xbb\xf0\xc3\x0f\x3f\xfc\xf0\xc3\x0f\x3f\xfc\xf0\xe7\
\x98\xbf\xbd\x56\xde\xe3\x62\x02\x60\x00\x60\x00\x60\x00\x90\xfc\
\x5b\x92\xff\xf1\xff\x33\x6d\x8c\x31\x49\x3e\xa7\xd3\x84\x25\xe6\
\x03\xc3\x5e\x62\xa6\x72\x74\x15\x25\x69\x31\x7b\xc4\x1c\x97\xb0\
\x39\x74\xbc\xe1\x87\x1f\x7e\xf8\xe1\x87\x1f\x7e\xf8\xe1\xf7\x23\
\xff\x73\xf2\x5e\x17\x13\x00\x03\x00\x03\x00\x03\x20\xdf\x93\xff\
\x91\xe3\xfe\x4a\x96\xb5\xcc\x8b\x9d\x60\x35\x1d\xe5\x4c\x1f\x03\
\xa3\xf8\x80\x8a\x6d\x2a\x93\xbc\x64\x4c\xfd\x81\x04\x3f\xfc\xf0\
\xc3\x0f\x3f\xfc\xf0\xc3\x0f\x7f\x10\xf8\xcb\x8c\x7b\xdd\x43\x38\
\x1e\x10\x03\x00\x03\x00\x03\x20\xcf\x93\x7f\xe9\x80\x1e\x51\xb6\
\xa4\xf1\xbb\x19\x39\x86\xc5\xed\x63\x5e\x74\x9b\xca\x28\x4b\xc6\
\x32\x7c\x0c\x0d\xfc\xf0\xc3\x0f\x3f\xfc\xf0\xc3\x0f\x3f\xfc\x9e\
\xe1\x97\xf7\xbc\xa6\x09\xc0\xf1\x80\x18\x00\x18\x00\x18\x00\x79\
\x63\x00\x58\x93\xff\x51\xc5\xf3\xab\x2e\x36\x26\xc9\xbd\x6e\x94\
\x6c\x65\xbb\x44\xcc\xf5\x0f\x24\xf8\xe1\x87\x1f\x7e\xf8\xe1\x87\
\x1f\x7e\xf8\x83\xcb\xbf\xb2\x63\xaf\xbc\xf7\xb5\x6d\x05\x38\x0c\
\x03\x00\x03\x00\x03\x00\x03\x20\x2f\xf6\xfd\x17\x5d\xff\xd8\x69\
\x65\xcb\xdb\x1b\xdd\x73\x60\x1d\x96\x78\x29\x4a\xc8\x3c\xb7\x87\
\x0e\x7e\xf8\xe1\x87\x1f\x7e\xf8\xe1\x87\x1f\x7e\x5f\xf1\x97\xad\
\xe8\x68\x94\xf7\xc0\xf4\x03\xc0\x00\xc0\x00\xc0\x00\xc8\xab\xe4\
\xbf\xf4\x8a\x2b\x8e\x34\x26\xc1\xf5\xc9\x8f\x5d\x51\x74\x81\x55\
\x84\xae\x03\xec\xb8\x69\x8d\xc3\xdf\x0f\x3f\xfc\xf0\xc3\x0f\x3f\
\xfc\xf0\xc3\x0f\x7f\x5e\xf0\xaf\x97\xf7\xc2\x98\x00\x18\x00\x18\
\x00\x18\x00\x79\x91\xfc\xcb\xbd\x4f\xa5\x4b\x9a\xff\xe6\xb4\x44\
\x2c\xe3\x8e\xb3\xee\x07\x84\xe6\x07\x14\xfc\xf0\xc3\x0f\x3f\xfc\
\xf0\xc3\x0f\x3f\xfc\x79\xca\x6f\xdc\x0b\x1f\x12\x69\x0a\x88\x09\
\x80\x01\x80\x01\x80\x01\x10\xb8\xe4\x3f\xd2\xf1\x7f\x61\xdd\xe7\
\x4b\x56\x74\x0c\x39\xde\x93\xe5\x34\x34\x3f\x40\xb4\xff\x1e\xdd\
\x0f\x28\xf8\xe1\x87\x1f\x7e\xf8\xe1\x87\x1f\x7e\xf8\xf3\x83\xdf\
\xb8\x17\x96\xf7\xc4\x87\x70\x32\x00\x06\x00\x06\x00\x06\x40\xc0\
\x0c\x80\xe8\x8e\xff\xd3\x5f\x9b\x62\x4c\x78\xbd\xa5\x6e\x4e\xe4\
\x19\x73\x78\x33\xdc\xa5\x16\x7e\xf8\xe1\x87\x1f\x7e\xf8\xe1\x87\
\x1f\xfe\xfc\xe5\x37\xee\x89\xe5\xbd\xf1\x21\x89\x4f\x06\x40\x18\
\x00\x18\x00\x18\x00\xfe\x2d\xfd\x2f\xfc\xc5\xd2\xe3\x8d\xc9\xee\
\x5f\xe9\x76\x6d\x75\xbd\xab\xab\x66\x38\xfe\xfb\x1c\x76\xad\x85\
\x1f\x7e\xf8\xe1\x87\x1f\x7e\xf8\xe1\x87\x3f\x70\xfc\xff\x92\xf7\
\xc8\x6c\x05\xc0\x00\xc0\x00\xc0\x00\x08\xda\xbe\xff\x77\x95\x2e\
\x6b\xb9\x35\xa7\x8e\x6e\xb6\x4b\xcc\xbc\xe6\x68\xc3\x0f\x3f\xfc\
\xf0\xc3\x0f\x3f\xfc\xf0\xc3\xef\x3d\x7e\xe3\x1e\x59\xde\x2b\x63\
\x02\x60\x00\x60\x00\x60\x00\x04\xa6\xe9\x5f\xc9\x92\xa6\x5f\xe7\
\xda\xa1\xd5\xff\xf9\x8e\x91\xc7\xe1\x68\xb7\x3c\x66\xa0\xeb\x2d\
\xfc\xf0\xc3\x0f\x3f\xfc\xf0\xc3\x0f\x3f\xfc\x79\xc9\x2f\xef\x95\
\x69\x0a\x88\x01\x80\x01\x80\x01\x10\x88\xa6\x7f\xc5\xf3\x37\x7e\
\xac\x6c\x45\xc7\x40\xf6\x3f\x30\xac\x93\x76\xec\x04\xee\xbe\x03\
\x9c\xfc\xf7\xc1\x0f\x3f\xfc\xf0\xc3\x0f\x3f\xfc\xf0\xc3\x0f\x7f\
\xbc\xdf\x2f\xef\x95\xe5\x3d\x33\x4d\x01\x31\x00\x30\x00\x30\x00\
\x7c\xbd\xfa\x5f\x74\xd3\xf3\x05\x25\xcb\x3a\xba\x4a\x96\x99\x13\
\xdc\x32\x2f\x97\x68\xb9\xfb\x01\x66\x65\x86\x1f\x7e\xf8\xe1\x87\
\x1f\x7e\xf8\xe1\x87\x1f\x7e\xc5\xf6\x87\x2e\x79\xef\x4c\x15\x00\
\x06\x00\x06\x00\x06\x80\x2f\x93\xff\x71\xff\x3d\xf5\xa8\xd2\xe5\
\x6d\x2f\x66\x6b\x82\xb6\x4f\xc8\xf6\xd0\x75\x98\x43\x13\xb7\x83\
\x0f\xb0\x6c\x7f\x40\xc1\x0f\x3f\xfc\xf0\xc3\x0f\x3f\xfc\xf0\xc3\
\xef\x77\xfe\xb6\x17\xe5\x3d\x34\x26\x00\x06\x00\x06\x00\x06\x80\
\xef\x9a\xfe\x95\x2c\x6b\x99\xa7\x55\xe2\xe5\xd0\x31\xf6\x5a\x68\
\x97\xb8\xc1\x0f\x3f\xfc\xf0\xc3\x0f\x3f\xfc\xf0\xc3\x0f\xff\xd2\
\x96\x79\x34\x05\xc4\x00\xc0\x00\xc0\x00\xf0\x55\xd3\xbf\xd2\x5b\
\xea\xbf\x97\xf1\x09\x56\xf3\x03\x23\xd3\xcf\xcf\xfa\x07\x0c\xfc\
\xf0\xc3\x0f\x3f\xfc\xf0\xc3\x0f\x3f\xfc\xc1\xe4\x37\xee\xa5\x69\
\x0a\x88\x01\x80\x01\x80\x01\xe0\x55\x03\xe0\x30\x8b\x01\x70\x44\
\xf1\xec\x77\x2e\x2e\x59\xde\xbe\xd7\xeb\x13\xb2\xf6\xef\x77\x79\
\xcf\x17\xfc\xf0\xc3\x0f\x3f\xfc\xf0\xc3\x0f\x3f\xfc\xf0\xc7\x7d\
\xfe\x8a\xf6\xbd\xf2\x9e\xda\x34\x01\x0e\x8f\xd3\x14\x10\x61\x00\
\x60\x00\xa0\xdc\xaf\xfe\x97\xfe\x74\xd5\xb1\x65\xcb\xdb\x37\xe5\
\xc2\x41\xf5\x5a\xd3\x19\xf8\xe1\x87\x1f\x7e\xf8\xe1\x87\x1f\x7e\
\xf8\xe1\x4f\x97\x3f\x74\x4f\x6d\xdc\x5b\x53\x05\x80\x01\x80\x01\
\x80\x01\xe0\xd9\x7d\xff\x65\x4b\x9b\xe7\xbb\x35\x41\x96\x2c\x6b\
\x1b\x79\xb4\x7e\x9d\xb9\x12\x31\x67\xbf\xcf\xed\x0f\x08\xf8\xe1\
\x87\x1f\x7e\xf8\xe1\x87\x1f\x7e\xf8\xf3\x9b\x5f\xde\x5b\xd3\x0f\
\x00\x03\x00\x03\x00\x03\xc0\x9b\xfb\xfe\x17\xd5\x7e\x2e\x9b\x13\
\xaa\xd7\x1d\x66\xf8\xe1\x87\x1f\x7e\xf8\xe1\x87\x1f\x7e\xf8\xe1\
\x77\xcc\x6f\xdc\x63\xd3\x0f\x00\x03\x00\x03\x00\x03\xc0\x0b\xc9\
\xff\x61\xe1\xe4\xbf\xe4\xba\x87\x27\x94\xae\xe8\xe8\x8e\x76\x30\
\x55\x0e\x67\xf4\xf7\xed\xa1\x7a\xbe\xd3\x3d\x56\xba\xbf\xdf\xe9\
\xeb\xc3\x0f\x3f\xfc\xf0\xc3\x0f\x3f\xfc\xf0\xc3\x0f\xbf\x36\xbf\
\xbc\xc7\x36\xee\xb5\x2d\x26\xc0\x61\x98\x00\x18\x00\x18\x00\x28\
\xa7\xa5\xff\xa5\x4b\x5b\xd7\x6b\xbb\x99\xcb\x2c\x8f\xcb\x6c\xff\
\x96\xc6\xf3\x63\x1c\xd7\x65\xed\x23\x8f\x29\xbd\xbe\xd3\xbf\x0f\
\x7e\xf8\xe1\x87\x1f\x7e\xf8\xe1\x87\x1f\x7e\xf8\x33\xc1\x6f\xdc\
\x6b\xb3\x15\x00\x03\x00\x03\x00\x03\xc0\x1b\xc9\xff\x2d\xf5\xff\
\x93\xca\x04\xa6\x5b\x12\xe5\x76\x09\x95\xd3\x3d\x67\x4e\x3f\x60\
\xe0\x87\x1f\x7e\xf8\xe1\x87\x1f\x7e\xf8\xe1\x87\x3f\x6d\x7e\xe3\
\x9e\x1b\x13\x00\x03\x00\x03\x00\x03\x20\xa7\xfb\xfe\xcb\x2a\xde\
\x38\xdf\x98\x90\xf6\xa5\x32\xe1\xea\x96\x58\xa9\x1d\x5f\xcd\x3d\
\x60\xb6\xd7\x2b\xb1\x3c\x66\x62\x0f\x19\xfc\xf0\xc3\x0f\x3f\xfc\
\xf0\xc3\x0f\x3f\xfc\xf0\xbb\xc8\xbf\xaf\x70\xfa\x1b\xe7\xd3\x0f\
\x00\x03\x00\x03\x00\x03\x20\x5b\x06\x40\xd4\xbe\xff\x93\xbf\x77\
\xc3\xd8\x92\x65\xad\x6f\x47\x26\xd4\x88\x2b\x9a\x5e\xd7\x56\x4d\
\x07\xd6\xfe\xfa\x31\x13\xbc\xd3\xbf\xc7\x3e\x81\xb7\x59\x1e\x63\
\x1d\x60\xf8\xe1\x87\x1f\x7e\xf8\xe1\x87\x1f\x7e\xf8\xe1\xcf\x28\
\xff\xb2\xb6\xb7\xe5\x3d\x78\x92\x7e\x00\x08\x03\x00\x03\x00\x65\
\xa6\xf4\xbf\x6c\x69\xf3\x2c\x57\xf7\x3c\x39\xfd\xbe\xd3\x92\x2f\
\xa7\x7b\xc6\xe0\x87\x1f\x7e\xf8\xe1\x87\x1f\x7e\xf8\xe1\x87\x3f\
\xc3\xfc\x65\x8b\x9b\x67\xb1\x15\x00\x03\x00\x03\x00\x65\x35\xf9\
\x2f\x9e\xbb\xe9\x53\xa5\xcb\x3b\x86\xc2\x65\x54\xf1\x1c\xd0\x68\
\xd7\x34\x9d\x3d\x57\xba\x5d\x54\x93\x3b\xb4\x31\xa1\x6a\x22\xa3\
\xfa\x7b\x2c\x8f\xf0\xc3\x0f\x3f\xfc\xf0\xc3\x0f\x3f\xfc\xf0\xc3\
\x9f\x15\xfe\x15\x1d\x43\xf2\x5e\x1c\x13\x00\x03\x00\x03\x00\x65\
\xb2\xf4\x7f\x64\xdf\xff\x84\xa9\xf7\x8c\x2b\x5b\xd1\xd1\xe1\xd4\
\xf1\x74\xdc\x14\xc5\xa1\x63\xab\x5b\x52\xe6\x76\x17\x59\xf8\xe1\
\x87\x1f\x7e\xf8\xe1\x87\x1f\x7e\xf8\xe1\x4f\x87\xbf\x6c\x79\x47\
\x87\xbc\x27\x4f\xd2\x0f\x00\x61\x00\x60\x00\x20\xc7\xab\xff\x72\
\x82\x39\xb2\x74\x59\xeb\x7d\x69\xed\x89\x52\x4d\xd8\xba\x7b\xb8\
\x34\x9b\xba\xa8\x1c\x5c\xdd\x92\x32\xf8\xe1\x87\x1f\x7e\xf8\xe1\
\x87\x1f\x7e\xf8\xe1\xcf\x1d\x7f\xeb\x7d\xf2\xde\xdc\xbc\x47\xa7\
\x0a\x00\x03\x00\x03\x00\xb9\x5f\xfa\x5f\xba\xa8\xe1\xc7\xe9\xef\
\xc9\xd2\x73\x70\x75\xbb\xbc\xda\x5f\xdf\x1e\xba\x4d\x63\x74\x7f\
\x1e\x7e\xf8\xe1\x87\x1f\x7e\xf8\xe1\x87\x1f\x7e\xf8\xb3\xc9\x2f\
\xef\xcd\xd9\x0a\x80\x01\x80\x01\x80\x32\x91\xfc\x1f\x51\x32\xf3\
\xad\x73\x4a\x97\x75\xf4\x25\x74\x40\x35\xbb\xb6\x2a\x1d\x55\xa7\
\xe7\xb0\xea\x96\x70\xd9\x9f\x6f\x0b\xbb\xc3\x0c\x3f\xfc\xf0\xc3\
\x0f\x3f\xfc\xf0\xc3\x0f\x3f\xfc\xb9\xe5\x37\xee\xcd\x8d\x7b\xf4\
\x43\x38\x1a\x10\x03\x00\x03\x00\xb9\xb0\xef\x7f\xe4\xc8\xbf\xd3\
\xbe\xf9\xeb\xa3\x8d\x49\xe6\x75\xad\x09\x57\x15\x0e\xbb\xa0\x2a\
\x4b\xac\x62\x26\x70\xbd\x92\x2c\xc7\x1f\x38\xf0\xc3\x0f\x3f\xfc\
\xf0\xc3\x0f\x3f\xfc\xf0\xc3\x9f\x61\xfe\xd2\x65\x6d\xaf\xcb\x7b\
\xf5\x43\x38\x1a\x10\x03\x00\x03\x00\xb9\x56\xfa\xbf\xb8\xe9\xe6\
\x4c\x9f\xd3\x1a\x53\x72\xe5\xf0\x9c\x55\xfd\x73\x55\x35\x3f\x10\
\xe0\x87\x1f\x7e\xf8\xe1\x87\x1f\x7e\xf8\xe1\x87\xdf\x0b\xfc\xc6\
\xbd\x3a\x5b\x01\x30\x00\x30\x00\x90\x2b\xc9\x7f\x51\xc5\xe6\x4f\
\x94\x2c\xeb\x18\x8c\x69\x9a\xa2\x08\xa7\x4d\x50\x74\x1d\x56\xdd\
\xa6\x31\xaa\x09\x3e\xe6\x18\x17\xf8\xe1\x87\x1f\x7e\xf8\xe1\x87\
\x1f\x7e\xf8\xe1\xf7\x24\x7f\xfb\xa0\xbc\x67\xc7\x04\xc0\x00\xc0\
\x00\x40\xe9\x94\xfe\x8f\xec\xfb\x1f\xf7\xab\x35\x27\x97\x2d\x6b\
\x6b\x4b\xa7\x44\x4a\x35\x21\xeb\xfe\xbc\xeb\x4d\x5d\x1c\x76\x6d\
\x85\x1f\x7e\xf8\xe1\x87\x1f\x7e\xf8\xe1\x87\x1f\x7e\xaf\xf0\xcb\
\x7b\x76\x79\xef\x7e\x08\x47\x03\x62\x00\x60\x00\xa0\x34\x56\xff\
\x87\x8f\xfc\x5b\xdc\xbc\xd0\xab\x7b\xa8\xb4\x1d\x5f\xdd\x3d\x58\
\x1e\xdf\x43\x06\x3f\xfc\xf0\xc3\x0f\x3f\xfc\xf0\xc3\x0f\x3f\xfc\
\x56\xfe\xb2\x25\xcd\x0b\x0e\xe1\x68\x40\x0c\x00\x0c\x00\x94\x4e\
\xe9\x7f\xc9\xec\xb7\x2e\x2b\x59\xde\x3e\xe4\x9a\x03\xaa\xeb\x70\
\xea\x3a\xb4\x9a\x13\xb6\xee\xef\x87\x1f\x7e\xf8\xe1\x87\x1f\x7e\
\xf8\xe1\x87\x1f\x7e\x4f\xf3\x1b\xf7\xee\xf2\x1e\x9e\xad\x00\x18\
\x00\x18\x00\x48\x27\xf9\x3f\xe2\xe4\xef\xdd\x30\xb6\x64\x69\x5b\
\x95\xab\x5d\x56\x1d\x3a\xb8\xba\x25\x55\xda\xe7\xb8\xba\xcd\x03\
\x3f\xfc\xf0\xc3\x0f\x3f\xfc\xf0\xc3\x0f\x3f\xfc\xd9\xe6\x37\xee\
\xe1\xe5\xbd\xfc\x21\x1c\x0d\x88\x01\x80\x01\x80\x52\x2d\xfd\x2f\
\x5e\xdc\xf8\x77\xc7\x8e\x69\x96\x27\x54\xa7\x4d\x59\x5c\x77\x8c\
\xe1\x87\x1f\x7e\xf8\xe1\x87\x1f\x7e\xf8\xe1\x87\x3f\x17\xfc\xc6\
\xbd\x3c\x5b\x01\x30\x00\x30\x00\x50\x4a\xa5\xff\xa5\xd3\x37\x5c\
\x58\xb6\xac\xe3\x80\xdb\x7b\x94\xdc\x9e\x30\x9d\x3a\xa8\xba\x25\
\x5f\xf0\xc3\x0f\x3f\xfc\xf0\xc3\x0f\x3f\xfc\xf0\xc3\xef\x07\xfe\
\xd0\xbd\xbc\x71\x4f\xcf\x56\x00\x0c\x00\x0c\x00\x94\xb4\xf4\xbf\
\xf0\xd2\x4b\x47\x97\x2d\x6d\x7d\x25\x95\x09\x4c\x15\xba\x8e\x65\
\xae\x1d\x5a\xdd\x09\x1c\x7e\xf8\xe1\x87\x1f\x7e\xf8\xe1\x87\x1f\
\x7e\xf8\x3d\xcb\xbf\xb4\xe5\x15\x79\x6f\xcf\x56\x00\x0c\x00\x0c\
\x00\x94\xb0\xf4\xbf\x64\x61\xdd\xaf\xdd\x2a\xb9\x72\x7b\x82\xcb\
\xf4\xef\x73\x3a\x81\xc3\x0f\x3f\xfc\xf0\xc3\x0f\x3f\xfc\xf0\xc3\
\x0f\xbf\x97\xf8\xe5\xbd\x3d\x5b\x01\x30\x00\x30\x00\x48\xfe\xe3\
\x96\xfe\x17\xff\xed\xb1\xf2\xb2\xe5\x1d\xbb\xd3\x9d\x30\x75\x1d\
\xd1\x92\xa5\x6d\x23\x8f\xd6\xaf\x73\xd5\x45\xd5\xe9\xef\x83\x1f\
\x7e\xf8\xe1\x87\x1f\x7e\xf8\xe1\x87\x1f\x7e\x2f\xf1\x97\x2e\x6f\
\xdf\x2d\xef\xf1\xd9\x0a\x80\x01\x80\x01\x80\x01\x10\x55\xfa\x2f\
\x9d\xc1\xd2\xa5\xad\xeb\x75\x26\x20\x75\xb4\x59\x1e\xdb\x6c\xff\
\x96\x46\x53\x14\xc5\x84\xa9\xed\x90\x3a\x9c\x80\xe1\x87\x1f\x7e\
\xf8\xe1\x87\x1f\x7e\xf8\xe1\x87\xdf\xf3\xfc\xc6\x3d\xbe\xa5\x0a\
\x20\x9e\x09\x80\x30\x00\x30\x00\xf2\xaf\xf4\xbf\xe6\x3b\xda\x25\
\x45\x4b\x2d\x8f\xf1\x26\x50\xdb\x84\x15\xf5\x33\x19\x70\x74\xdd\
\x3e\x47\x15\x7e\xf8\xe1\x87\x1f\x7e\xf8\xe1\x87\x1f\x7e\xf8\x03\
\xc1\x6f\xdc\xeb\xb3\x15\x00\x03\x00\x03\x80\xe4\x3f\x54\xfa\x3f\
\xfe\x8f\xeb\xce\x2c\x5d\xde\xbe\x25\xb6\x71\x88\x62\x82\xcb\xf6\
\x39\xa9\x9a\x0e\xa9\xd3\x09\x17\x7e\xf8\xe1\x87\x1f\x7e\xf8\xe1\
\x87\x1f\x7e\xf8\x83\xc0\x5f\xb6\xbc\x63\x8b\xbc\xe7\x67\x2b\x00\
\x06\x00\x06\x00\xa5\xff\x47\x96\x2d\x69\x59\x93\x4e\xc9\x92\xdb\
\x7b\x9c\x72\x3d\xe1\xc2\x0f\x3f\xfc\xf0\xc3\x0f\x3f\xfc\xf0\xc3\
\x0f\x7f\x50\xf9\xe5\x3d\x3f\x5b\x01\x30\x00\x30\x00\xf2\xbc\xf4\
\xbf\xa8\xe2\x5f\x9f\x49\x77\x02\x53\x4d\xa0\x25\x96\x47\x37\x26\
\xe0\x98\xd7\x5f\x1a\x79\x4c\xc9\xf1\xd5\x75\x88\xe1\x87\x1f\x7e\
\xf8\xe1\x87\x1f\x7e\xf8\xe1\x87\x3f\x40\xfc\xf2\xde\x9f\xad\x00\
\x18\x00\x18\x00\xf9\x5a\xfa\xff\x5f\xd3\x4e\x34\x26\x84\xe6\x54\
\x27\x38\xa5\xa3\xe9\xd0\xf1\xb4\x87\xee\xeb\xbb\xfd\xf7\xc2\x0f\
\x3f\xfc\xf0\xc3\x0f\x3f\xfc\xf0\xc3\x0f\x7f\xc0\xf8\x9b\x65\x0e\
\xc0\x56\x00\x0c\x00\x0c\x80\xfc\x28\xfd\x3f\x2c\xaa\xeb\xff\x2d\
\x4d\xb3\xdd\xdc\x43\xe5\xd4\x41\x75\x7c\x4c\x8b\xc3\x2e\xa9\xf0\
\xc3\x0f\x3f\xfc\xf0\xc3\x0f\x3f\xfc\xf0\xc3\x1f\x78\x7e\x23\x07\
\xb0\x6d\x05\x38\x8c\xad\x00\x18\x00\x18\x00\x41\x2f\xfd\x9f\xf6\
\xda\xff\x2b\x59\xd6\x3e\x68\x9d\xe0\x62\xf7\x20\x45\x1e\xe3\xee\
\x89\x8a\x99\x70\xa2\x9f\x6f\x2f\x51\xd2\x76\x4c\xed\x13\xb2\xc2\
\x21\x55\x96\x48\xd9\xc3\x36\xc1\xc3\x0f\x3f\xfc\xf0\xc3\x0f\x3f\
\xfc\xf0\xc3\x0f\x7f\xf0\xf9\xdb\x07\x65\x2e\xc0\x56\x00\x0c\x00\
\x0c\x80\x3c\x29\xfd\x3f\xe5\xca\x1f\x1d\x63\x4c\x0c\xef\xb8\x7d\
\xec\x89\xfb\x8e\x6a\xe4\x31\xb5\x09\xd8\xdd\x73\x5c\xe1\x87\x1f\
\x7e\xf8\xe1\x87\x1f\x7e\xf8\xe1\x87\x3f\x98\xfc\x6d\xef\xc8\x9c\
\x80\xad\x00\x18\x00\x18\x00\xf9\x50\xfa\xbf\xa8\x76\x6a\x2a\x0e\
\xa1\xfe\x1e\x23\x67\x0e\xa8\xee\x1e\x28\xfd\x26\x2e\xc9\xff\x3e\
\xf8\xe1\x87\x1f\x7e\xf8\xe1\x87\x1f\x7e\xf8\xe1\xcf\x17\xfe\xe2\
\x45\xf5\xff\xc7\x56\x00\x0c\x00\x0c\x80\xa0\x37\xfe\x9b\xba\xbe\
\xb4\x74\x59\x47\x5f\x2a\x8e\xa3\xd3\x2e\xa3\xba\x25\x4a\x6e\x37\
\x61\x51\x4e\xa8\xf0\xc3\x0f\x3f\xfc\xf0\xc3\x0f\x3f\xfc\xf0\xc3\
\x9f\xb7\xfc\xed\x7d\x32\x37\xa0\x0a\x00\x03\x00\x03\x20\x58\xab\
\xff\x23\xc9\xbf\x11\xa3\xcb\x16\xb7\x54\x66\x6a\x4f\x92\x7e\x17\
\x53\x5d\x47\x56\xe5\xb0\xea\xee\xd9\x82\x1f\x7e\xf8\xe1\x87\x1f\
\x7e\xf8\xe1\x87\x1f\xfe\x3c\xe6\x5f\xdc\x54\x29\x73\x84\x24\x26\
\x00\xc2\x00\xc0\x00\xf0\xd9\xea\xff\x48\xe9\x7f\xe1\xb4\xd7\x3f\
\x52\xba\xbc\x7d\x28\xdd\x09\xcc\xf1\x39\xa5\x8e\x4b\xac\x74\x8f\
\x45\xd1\x6c\x8a\x02\x3f\xfc\xf0\xc3\x0f\x3f\xfc\xf0\xc3\x0f\x3f\
\xfc\xf9\xc4\xbf\xac\x7d\x48\xe6\x08\x71\xb6\x02\x50\x05\x80\x01\
\x80\x01\xe0\xeb\xd2\xff\xf1\xe3\xc7\x94\x2e\x6b\x7d\x35\x6a\x82\
\x08\x7f\x2d\x1f\xad\x5f\xa7\xe9\x78\xaa\x1c\x4b\x95\x23\xa9\xef\
\x78\x3a\xec\x9a\x0a\x3f\xfc\xf0\xc3\x0f\x3f\xfc\xf0\xc3\x0f\x3f\
\xfc\xf9\xce\xbf\xa4\xe5\x55\x99\x2b\xb0\x15\x00\x03\x00\x03\x20\
\x18\xa5\xff\xc3\xc7\xfe\xcd\xad\xfe\xbe\xfe\x84\xa1\x37\x01\xc5\
\xe9\x2e\xaa\xb5\xe7\x49\xdf\xf1\xb4\x4d\xb0\x4b\x2d\x8f\xe1\xe7\
\x2c\x75\x32\x61\xc2\x0f\x3f\xfc\xf0\xc3\x0f\x3f\xfc\xf0\xc3\x0f\
\x7f\xf0\xf9\x65\xae\x60\xab\x02\x60\x2b\x00\x06\x00\x06\x80\x0f\
\x57\xff\x43\xc9\xff\x99\xdf\xfa\xdb\x49\x25\x4b\x5b\x3b\x32\xed\
\x30\x3a\xdd\x13\x95\xe9\x9f\x87\x1f\x7e\xf8\xe1\x87\x1f\x7e\xf8\
\xe1\x87\x1f\x7e\xf8\xe3\xf1\xb7\x76\xc8\x9c\xc1\x62\x02\x50\x05\
\x80\x01\x80\x01\xe0\xd7\xc6\x7f\x25\x0b\xeb\x6f\x48\xc9\x91\xb4\
\x3c\xa6\xe2\x20\xea\x96\x50\x29\x27\x5c\xdb\xef\xd7\x2d\xc9\x72\
\xec\xc8\xc2\x0f\x3f\xfc\xf0\xc3\x0f\x3f\xfc\xf0\xc3\x0f\x7f\x9e\
\xf2\xcb\x9c\x81\x86\x80\x18\x00\x18\x00\x7e\x6f\xfc\x37\xf5\xe1\
\xc9\xc6\x20\xdf\x17\x6f\x42\x73\xda\x94\xc4\x69\xb8\x5d\x92\x15\
\xf3\x7c\xc5\x84\x0e\x3f\xfc\xf0\xc3\x0f\x3f\xfc\xf0\xc3\x0f\x3f\
\xfc\xf0\x8f\xfc\x3d\xfb\x0a\xff\xf6\xf0\x64\x1a\x02\x62\x00\x60\
\x00\xf8\xb4\xf1\x9f\x11\x63\x4a\x16\x35\xde\xe9\x5a\x09\x92\xae\
\x43\xaa\x39\x81\x66\xba\xcb\x29\xfc\xf0\xc3\x0f\x3f\xfc\xf0\xc3\
\x0f\x3f\xfc\xf0\xc3\x9f\x84\xdf\xc8\x1d\x64\x0e\x41\x43\x40\x0c\
\x00\x0c\x00\x7f\x94\xfe\x5b\x57\xff\x47\x17\xcd\x78\xe3\xf2\xa8\
\x09\x44\xb3\xc4\x48\xdb\x41\x54\x4d\x90\x2e\xbf\x9e\xf6\x04\x0a\
\x3f\xfc\xf0\xc3\x0f\x3f\xfc\xf0\xc3\x0f\x3f\xfc\xf0\x27\x7d\xbe\
\xcc\x21\xcc\xad\x00\xd6\x2a\x80\xc3\x30\x00\x30\x00\x30\x00\x3c\
\xdc\xf8\x6f\xdc\x45\x17\x1d\x55\xba\xa4\xf5\x4d\xad\x92\x24\x97\
\x27\x1c\xd5\xeb\xab\xf7\x4c\xb9\xdb\xf4\x04\x7e\xf8\xe1\x87\x1f\
\x7e\xf8\xe1\x87\x1f\x7e\xf8\xe1\x4f\xce\x5f\x66\xe4\x10\x32\x97\
\xa0\x21\x20\x06\x00\x06\x80\x8f\x1a\xff\x95\xce\xaf\xfe\x91\xf3\
\x63\x50\xf4\x1c\x45\xa7\xbf\xcf\x71\xc9\x95\xad\x29\x0b\xfc\xf0\
\xc3\x0f\x3f\xfc\xf0\xc3\x0f\x3f\xfc\xf0\xc3\x9f\x06\xbf\x91\x4b\
\xd0\x10\x10\x03\x00\x03\xc0\x27\xab\xff\xa7\x7e\x7f\xc6\x69\xc6\
\xc0\xed\x89\x71\x1c\x15\xe1\xb5\x12\x27\xc7\x13\x30\xfc\xf0\xc3\
\x0f\x3f\xfc\xf0\xc3\x0f\x3f\xfc\xf0\xc3\x9f\x0e\x7f\x8f\xcc\x29\
\xa8\x02\xc0\x00\xc0\x00\xf0\xfe\xea\xff\x98\xe2\x45\xf5\xd3\x33\
\x53\x22\xd4\x3e\xf2\x68\xfd\xda\x35\x47\x33\xc3\x25\x58\xf0\xc3\
\x0f\x3f\xfc\xf0\xc3\x0f\x3f\xfc\xf0\xc3\x0f\x7f\x6a\x21\x73\x0a\
\x45\x43\x40\x0c\x00\x0c\x00\x0c\x80\x5c\x1f\xfb\x37\xe1\xfa\x27\
\xcf\x29\x5b\xd6\xb6\x3f\x25\x47\xd0\xb6\x07\x49\x55\x42\xe4\x74\
\x4f\x93\xd3\x09\xd5\xe9\x04\x0a\x3f\xfc\xf0\xc3\x0f\x3f\xfc\xf0\
\xc3\x0f\x3f\xfc\xf0\xa7\xc6\x5f\x6a\xe4\x14\x32\xb7\xe0\x58\x40\
\x0c\x00\x0c\x00\x2f\x1f\xfb\xb7\xb8\xf9\xfe\x54\x27\x30\x5d\xc7\
\x52\x77\x82\x73\xdc\x64\x25\xc3\xcf\x87\x1f\x7e\xf8\xe1\x87\x1f\
\x7e\xf8\xe1\x87\x1f\x7e\xf8\x93\xbd\x5e\xf3\xfd\x1c\x0b\x88\x01\
\x80\x01\xe0\xd1\x63\xff\x8a\x67\xbc\xf6\xe9\xd2\x0c\x96\x30\x65\
\x7e\x4f\x54\xf4\xdf\x57\x3a\xf2\x75\x66\x5e\x1f\x7e\xf8\xe1\x87\
\x1f\x7e\xf8\xe1\x87\x1f\x7e\xf8\xe1\x57\x6c\x05\x30\x72\x0c\x8e\
\x05\xc4\x00\xc0\x00\xf0\x58\xe3\xbf\xd3\xce\xfb\xc4\xd1\x25\x4b\
\x5a\x36\x66\xb2\x64\x48\xd7\x51\x8c\xf9\xf9\x25\x91\xc7\x50\x2c\
\xb5\x3c\x66\x64\xcf\x16\xfc\xf0\xc3\x0f\x3f\xfc\xf0\xc3\x0f\x3f\
\xfc\xf0\xc3\xef\xe8\xfb\x46\x8e\x21\x73\x8d\x7c\x6f\x08\x88\x01\
\x80\x01\xe0\xa9\x63\xff\x8a\xe7\x57\xfd\x5c\xd7\x41\x74\xda\xf4\
\x44\xd5\x65\x54\x7b\x0f\x95\xe2\xe7\xd5\x13\x16\xfc\xf0\xc3\x0f\
\x3f\xfc\xf0\xc3\x0f\x3f\xfc\xf0\xc3\xef\x36\xbf\xcc\x35\xf2\xfd\
\x58\x40\x0c\x00\x0c\x00\xcf\xac\xfe\x8f\xbf\x72\xea\x89\xa5\x4b\
\x5b\x3b\x63\x06\xb8\xd5\x65\x5c\x12\xed\x42\xa6\xe5\x78\xda\x5e\
\x2f\xc6\xc1\x54\x7c\x3f\xdb\x25\x58\xf0\xc3\x0f\x3f\xfc\xf0\xc3\
\x0f\x3f\xfc\xf0\xc3\x0f\xbf\x1b\xfc\xad\x9d\x32\xe7\xc8\xe7\x2a\
\x00\x0c\x00\x0c\x00\xcf\x1c\xfb\x57\xba\xa0\xfa\x77\x69\x35\x09\
\x51\x94\x24\x39\x3d\x67\x34\xd3\xe7\xaa\x3a\x6e\x92\x02\x3f\xfc\
\xf0\xc3\x0f\x3f\xfc\xf0\xc3\x0f\x3f\xfc\xf0\xa7\xf4\xfa\xc5\x46\
\xce\x91\xcf\xc7\x02\x62\x00\x60\x00\x78\xe2\xd8\xbf\x71\x5f\x9b\
\x7a\xb2\x31\x20\x7b\x52\x72\x28\x35\x27\x04\x95\x63\x18\x13\x4a\
\x07\xd4\xd9\x9e\x28\xc7\x0e\x2d\xfc\xf0\xc3\x0f\x3f\xfc\xf0\xc3\
\x0f\x3f\xfc\xf0\xc3\x9f\x2e\x7f\x8f\xcc\x3d\xf2\xf5\x58\x40\x0c\
\x00\x0c\x00\x4f\xac\xfe\x17\xcf\xaf\xfd\x4b\xaa\x8e\x64\x8c\x43\
\xe9\xf2\x04\xa4\xfd\x7d\x5d\x07\x52\xf3\xf9\xf0\xc3\x0f\x3f\xfc\
\xf0\xc3\x0f\x3f\xfc\xf0\xc3\x0f\xbf\x7b\xfc\x32\xf7\xc8\xd7\x2a\
\x00\x0c\x00\x0c\x80\x9c\x1f\xfb\x77\xca\x77\x6e\x3c\xbd\x6c\x69\
\xdb\xb6\x4c\x75\x0d\x55\x96\x34\x29\xf7\x44\xb5\x46\x1e\xad\x5f\
\x67\x68\x0f\x13\xfc\xf0\xc3\x0f\x3f\xfc\xf0\xc3\x0f\x3f\xfc\xf0\
\xc3\x9f\x39\xfe\xd2\x25\x6d\xdb\x64\x0e\x92\x8f\xc7\x02\x62\x00\
\x60\x00\xe4\x6a\xf5\xff\x08\xb3\xec\x66\x4c\xc9\x82\xda\xeb\x93\
\x3a\x7a\xb6\x50\x4e\x20\xf6\x09\x2d\x34\x71\x45\x26\xb0\x52\x73\
\x02\x4b\x7b\x4f\x54\xa6\xf7\x5c\xc1\x0f\x3f\xfc\xf0\xc3\x0f\x3f\
\xfc\xf0\xc3\x0f\x3f\xfc\x19\xe5\x97\x39\x88\x59\x05\x90\xa8\x21\
\x20\x06\x00\x06\x00\x06\x80\xdb\xc7\xfe\x8d\xbf\x7a\xde\x99\xc6\
\x00\xec\xd5\x99\x40\xb4\xf7\x14\xa9\x42\xb3\x2b\x6a\xcc\x04\xa4\
\x98\xb0\xf4\xbb\xac\xc2\x0f\x3f\xfc\xf0\xc3\x0f\x3f\xfc\xf0\xc3\
\x0f\x3f\xfc\x19\xe6\xef\x95\xb9\x48\xbe\x1d\x0b\x88\x01\x80\x01\
\x90\xcb\xd5\xff\xa3\x4a\xe6\xd7\xfc\x53\x55\x62\x14\x3b\x60\x35\
\x4b\x92\x2c\xae\x5f\x5a\x25\x4c\x0e\x8f\x31\x51\x97\x48\xc1\x0f\
\x3f\xfc\xf0\xc3\x0f\x3f\xfc\xf0\xc3\x0f\x3f\xfc\xd9\xe6\x97\xb9\
\x88\xcc\x49\xf2\xa9\x0a\x00\x03\x00\x03\x20\x67\xab\xff\xe3\x7e\
\xbe\x60\x62\xe9\x92\xf6\xdd\x76\x47\x51\x55\x12\xa4\x74\x20\x35\
\x9b\x90\xc4\xbe\x5e\xf4\x84\xa1\x2a\x99\x8a\x99\x90\xa2\xca\x8e\
\xf4\x1d\x55\xf8\xe1\x87\x1f\x7e\xf8\xe1\x87\x1f\x7e\xf8\xe1\x87\
\x3f\xf3\xfc\x65\xcb\xda\x77\xcb\x9c\x24\x9f\xaa\x00\x30\x00\x30\
\x00\x72\xb7\xfa\xbf\xb0\x7e\x46\x5a\x25\x47\xba\x5d\x49\x55\x25\
\x49\x9a\xc7\x8a\x38\x9f\x60\x15\x5d\x4b\xe1\x87\x1f\x7e\xf8\xe1\
\x87\x1f\x7e\xf8\xe1\x87\x1f\xfe\xec\xf0\x1b\x39\x49\x3e\x55\x01\
\x60\x00\x60\x00\xe4\x64\xf5\xbf\xe0\xd7\xeb\x8a\x4a\x96\xb4\xf7\
\xa5\xd6\xd4\x43\xd7\x61\xd4\x2d\x11\x72\x38\x21\x29\x7f\x3e\xf9\
\xdf\x0f\x3f\xfc\xf0\xc3\x0f\x3f\xfc\xf0\xc3\x0f\x3f\xfc\xf0\xe7\
\x8a\xbf\xbd\x4f\xe6\x26\xf9\x52\x05\x80\x01\x80\x01\x90\x93\xd5\
\xff\xe2\x45\xf5\x73\x33\x55\xe2\xa3\xee\x2a\x1a\xdd\x15\x54\x7b\
\x0f\x91\x6a\x02\xcb\xb2\x63\x0a\x3f\xfc\xf0\xc3\x0f\x3f\xfc\xf0\
\xc3\x0f\x3f\xfc\xf0\x3b\xe0\x37\x72\x93\x7c\xa9\x02\xc0\x00\xc0\
\x00\xc8\xfa\xea\xff\x99\xbf\x5f\x5b\x5e\xb6\xb4\xad\xdf\x2d\x47\
\x4f\xf7\xd8\x0f\xdd\x63\x4d\xdc\xfe\xfd\xaa\x09\x15\x7e\xf8\xe1\
\x87\x1f\x7e\xf8\xe1\x87\x1f\x7e\xf8\xe1\xcf\x1e\xbf\xf1\x75\xff\
\x99\xbf\xbf\xb3\x3c\x1f\xaa\x00\x30\x00\x30\x00\x32\x99\xfc\xc7\
\x5f\xfd\x5f\xd8\x70\x4b\x89\x46\x13\x12\xa7\x8e\x63\xec\x04\xa1\
\x38\x57\x54\xd7\x91\x74\x78\x4e\x29\xfc\xf0\xc3\x0f\x3f\xfc\xf0\
\xc3\x0f\x3f\xfc\xf0\xc3\x9f\x63\xfe\x45\x0d\xb7\x28\xaa\x00\x0e\
\xc5\x00\xc0\x00\xc0\x00\xd0\x5b\xfd\x1f\x33\xf1\xf7\x77\x9f\x55\
\xba\xa4\xed\x40\x94\xe3\xa7\x68\xd2\xa1\x2a\x49\x52\x3a\x8c\x31\
\x8e\xa1\x62\x4f\x91\x72\x82\x50\xbd\x7e\x72\x47\x52\xf5\xfb\xe0\
\x87\x1f\x7e\xf8\xe1\x87\x1f\x7e\xf8\xe1\x87\x1f\xfe\xec\xf2\xcb\
\x1c\x45\xe6\x2a\x32\x67\x09\x72\x15\x00\x06\x00\x06\x40\x56\x57\
\xff\x4b\x16\x35\x2e\x57\x95\xf8\xa8\x8f\x1d\x49\xee\xe8\x39\x76\
\x38\x35\x9b\x90\xe8\x1e\x63\x02\x3f\xfc\xf0\xc3\x0f\x3f\xfc\xf0\
\xc3\x9f\x49\xfe\xb3\x97\xb7\x8b\x4f\xde\xd5\x25\xbe\xbd\x7e\x8b\
\xf8\xe5\xd3\xdb\xc4\xf5\x2f\xef\x10\x15\x6f\xee\x12\x8b\xde\xd9\
\x25\x16\xff\x6b\xb7\x58\x2a\x63\xe3\x6e\x31\xe3\xf5\x9d\xe2\xff\
\x5e\xd8\x21\x7e\xfa\xe4\x36\x71\xe5\xfd\x3d\xe2\xfc\x55\xed\xbc\
\xff\xf0\xe7\x37\xbf\x91\xab\x04\xbd\x0a\x00\x03\x00\x03\x20\x6b\
\xab\xff\xe3\xa7\x3e\x74\x5e\xe9\x92\xf6\x01\xf5\x1e\x21\xbd\xa6\
\x1d\xfa\x25\x45\xf6\xb0\x3b\x80\xc9\x1d\x4b\x75\x49\x94\xca\xf1\
\x84\x1f\x7e\xf8\xe1\x87\x1f\x7e\xf8\xe1\x77\xce\x3f\x69\x59\x9b\
\xf8\xf4\xdd\xdd\xe2\xf7\xcf\x6d\x17\x2b\x37\xef\x16\x2f\xb4\xf7\
\x8b\x8e\x3d\x07\xc5\xd0\xd0\x90\x48\x47\xf2\xe7\x9a\x77\x0d\x88\
\x87\x9b\xf6\x86\x8c\x81\x0f\xdd\xda\xc1\xfb\x0f\x7f\x5e\xf1\x97\
\x2e\x69\x1b\x90\x39\x4b\x90\xab\x00\x30\x00\x30\x00\xb2\xb6\xfa\
\x5f\xba\xa8\x61\x6d\x4a\xe7\x74\xc6\x84\xc3\xa6\x22\xaa\xd0\xec\
\x52\xaa\x3c\x57\x54\xf7\xd8\x14\xf8\xe1\x87\x1f\x7e\xf8\xe1\x87\
\x1f\xfe\x14\xf8\x2f\x5c\xd5\x26\xae\x7a\x6c\x6b\x68\x15\xff\xcd\
\x9e\xfd\xa2\xff\x60\x7a\x89\xbe\x8e\xfe\xb5\x75\xbf\xb8\xe1\xd5\
\x5e\x71\x81\xac\x0e\xe0\xfd\x87\x3f\x1f\xf8\x8d\x9c\x25\xc8\x55\
\x00\x18\x00\x18\x00\xd9\xd9\xfb\x7f\xcd\xc3\x17\x19\x83\x6c\x30\
\xb5\x01\xac\x72\xe8\x32\x3d\x61\xd8\x1d\xcc\xe8\x70\xfa\x7a\xf0\
\xc3\x0f\x3f\xfc\xf0\xc3\x0f\x3f\xfc\xa9\xf0\x4f\x5a\xda\x2a\xbe\
\xf1\xd0\x96\x50\xc2\xbf\x79\xdb\x81\xb4\x57\xf6\xdd\x50\xdf\x81\
\x41\xb1\x6c\xe3\x6e\x71\xe9\x6d\x9d\xbc\xff\xf0\x07\x9c\xbf\x6d\
\x50\xe6\x2e\x41\xad\x02\xc0\x00\xc0\x00\xc8\xd4\xea\xff\xa8\xa8\
\xbd\xff\x0b\x1a\xd6\x66\x6c\x4f\x91\xc3\x26\x23\xce\x1d\x4b\xc5\
\xef\x57\x1d\x6b\x02\x3f\xfc\xf0\xc3\x0f\x3f\xfc\xf0\xc3\x6f\x3e\
\xff\x3d\x6b\x3a\xc4\x6f\x9e\xd9\x2e\x1e\x6c\xdc\x2b\x76\xed\x1f\
\x14\x5e\xd3\xfe\x83\x43\x62\xce\x1b\x3b\xc5\x94\xe5\xbc\xff\xf0\
\x07\x98\x7f\x41\x4c\x15\xc0\xa8\xa0\x54\x01\x60\x00\x60\x00\x64\
\x7c\xf5\xff\xcc\xdf\xaf\x2d\x8f\x74\xfe\x4f\xc7\xd1\xd3\x9b\x70\
\xd4\x13\x88\xd7\xf6\x44\xc1\x0f\x3f\xfc\xf0\xc3\x0f\x3f\xfc\xf9\
\xcc\x2f\xf7\xf1\xdf\xfc\xda\x4e\xf1\x7a\xf7\x7e\x31\x98\xc3\x55\
\x7e\x1d\x35\xed\x1c\x08\x55\x27\xf0\xfe\xc3\x1f\x44\xfe\xd2\x25\
\xad\x07\xce\xfc\xfd\x9d\xe5\x41\xac\x02\xc0\x00\xc0\x00\xc8\xc2\
\xea\x7f\xdd\x4c\xbd\x73\x45\x93\x97\x20\xa9\x27\x10\x67\x3f\xef\
\x74\x42\x73\x7e\xae\x2a\xfc\xf0\xc3\x0f\x3f\xfc\xf0\xc3\x1f\x74\
\xfe\xcf\xdd\xd3\x2d\x16\xbe\xbd\x4b\xb4\xef\x1e\x10\x7e\xd5\xc1\
\xc1\x21\xf1\xab\xa7\xb7\xf1\xfe\xc3\x1f\x48\x7e\x99\xc3\x04\xb1\
\x0a\x00\x03\x00\x03\x20\xa3\xab\xff\xa7\x7c\x67\xea\xe9\xc6\x00\
\xea\x75\xd7\x51\xd4\x9d\xb0\x9c\x4e\x10\x7a\x5d\x4d\x33\xef\xa8\
\xc2\x0f\x3f\xfc\xf0\xc3\x0f\x3f\xfc\x7e\xe4\x97\x47\xf3\x55\xbc\
\xb9\x33\xb4\x7a\x1e\x14\xc9\x8a\x85\xdf\x3e\xbb\x8d\xf7\x1f\xfe\
\x20\xf2\xf7\xca\x5c\x26\x68\x55\x00\x18\x00\x18\x00\x19\x5d\xfd\
\x2f\x9e\xbb\xf9\xf7\xfa\x25\x3d\x4e\x27\x24\x67\x25\x43\x6e\x3b\
\x9e\xf0\xc3\x0f\x3f\xfc\xf0\xc3\x0f\x7f\xfe\xf2\x5f\x7e\x47\x97\
\x98\xf9\xfa\x4e\x51\xb7\xe3\x80\x08\xaa\x64\x25\xc0\x67\xef\xe9\
\xe6\xfd\x87\x3f\x70\xfc\x32\x97\x09\x5a\x15\x00\x06\x00\x06\x40\
\xc6\x56\xff\x4f\xb8\xe8\xe3\xc7\x19\x83\xa7\x45\xd9\x15\xd4\xfc\
\xba\x74\xf8\xec\x4d\x73\xdf\x8d\x7b\x5d\x3d\xd5\xe7\x82\xba\xfb\
\xf7\xe9\x4e\x60\xf0\xc3\x0f\x3f\xfc\xf0\xc3\x0f\x7f\xb0\xf8\x3f\
\x74\x6b\x47\xe8\xe8\xbc\xcd\xdb\xf6\x8b\x7c\xd1\x3b\x5b\xf6\x8b\
\xb2\xa5\xbc\xff\xf0\x07\x8e\xbf\x45\xe6\x34\x41\xaa\x02\xc0\x00\
\xc0\x00\xc8\xdc\xea\xff\xac\x37\xbf\x97\xda\x00\xd7\xec\x2a\xea\
\xba\xa3\xe8\xac\xe9\x88\xf2\x18\x12\xf8\xe1\x87\x1f\x7e\xf8\xe1\
\x87\x3f\xf0\xfc\xef\x5e\xd9\x26\x7e\xfb\xec\x76\xf1\x42\xc7\xbe\
\x9c\x1e\xd7\x97\x4b\x5d\xfb\xd2\x0e\xae\x7f\xf8\x03\xc7\x2f\x73\
\x9a\x20\x55\x01\x60\x00\x60\x00\x64\x64\xf5\xdf\x88\x63\x4a\x17\
\xb7\xbc\x99\xd2\xb9\xa2\x19\x76\x18\x63\xbb\x7a\x46\x1e\xad\xbf\
\xdb\xbd\x3d\x50\x9a\xe7\xaa\xc2\x0f\x3f\xfc\xf0\xc3\x0f\x3f\xfc\
\xbe\xe4\x9f\xb4\xb4\x4d\xfc\xe0\xd1\x2d\xe2\x81\x86\x3e\xd1\x3f\
\x90\x9f\x49\xbf\x55\x1d\x7b\x06\x44\xd9\x52\xae\x7f\xf8\x83\xc5\
\x5f\xba\xb8\xe9\x4d\x99\xdb\x04\xa5\x0a\x00\x03\x00\x03\xc0\x4d\
\x03\x20\xb2\xfa\xff\xcf\x97\x3f\xe5\x9e\xc3\xa8\x3b\xa0\x9d\x4d\
\x20\xba\x13\x84\xfa\xf7\xc3\x0f\x3f\xfc\xf0\xc3\x0f\x3f\xfc\x41\
\xe2\xff\xd2\x7d\x3d\x62\xe5\xa6\xdd\x62\xfb\xbe\x83\x02\x45\xeb\
\xea\xc7\xb6\x72\xfd\xc3\x1f\x38\xfe\x02\x23\xb7\xb1\x55\x01\x60\
\x00\x60\x00\xe4\x9d\x01\x90\x74\xf5\xbf\x64\x51\xe3\xfa\x6c\x35\
\xf1\xc8\xf4\x04\x97\xed\x2e\xa8\xf0\xc3\x0f\x3f\xfc\xf0\xc3\x0f\
\xbf\xf7\xf8\x3f\xb2\xae\x53\x4c\x7b\xad\x57\x34\x06\xa8\x83\x7f\
\x26\xf4\x5c\xfb\x3e\xae\x7f\xf8\x83\xc7\x6f\xe4\x36\x41\xa9\x02\
\xc0\x00\xc0\x00\x70\x7d\xf5\x7f\xe2\x35\x0f\x5f\x54\xb2\xb4\x6d\
\x28\xe5\xa6\x1e\xf6\x12\xa0\xc5\xad\x23\x8f\xa1\x58\x62\x79\xcc\
\xca\x9e\xa2\x4c\xef\x79\x82\x1f\x7e\xf8\xe1\x87\x1f\x7e\xf8\xfd\
\xc0\x2f\xf7\xf5\xff\xfe\xb9\xed\xe2\x95\xce\xfe\xbc\xdd\xd7\xaf\
\x2b\xf9\xff\xe9\x92\xd5\x1d\x5c\xff\xf0\x07\x8b\x7f\x69\xfb\x90\
\xcc\x71\x82\x50\x05\x80\x01\x80\x01\xe0\xe6\xea\xff\xe8\xd0\xea\
\xff\x82\xda\x15\x51\x03\xc8\x3a\x88\x17\x9b\x03\x69\x71\x06\x1d\
\x41\xeb\xef\x88\xf7\xfb\x62\xbe\x1f\x3d\xc1\x28\xf7\x28\xc5\x4c\
\x50\x0a\x1e\xf8\xe1\x87\x1f\x7e\xf8\xe1\x87\xdf\x37\xfc\xa5\x46\
\x7c\x7b\x7d\x8f\xb8\xa7\xae\x4f\xec\x63\x5f\x7f\x5a\xfa\xd9\x93\
\x5b\xb9\xfe\xe1\x0f\x1e\xff\x82\xba\x15\x66\x15\xc0\x68\x3f\x57\
\x01\x60\x00\x60\x00\xb8\xbb\xfa\xff\x3f\x4b\x8a\x8d\x41\xd2\xef\
\xa4\x84\xc7\x79\x53\x10\xdd\x26\x23\x99\xee\x2a\x0a\x3f\xfc\xf0\
\xc3\x0f\x3f\xfc\xf0\x7b\x9d\xff\xe3\xb7\x77\x89\x79\x6f\xed\x12\
\x9d\x7b\xd8\xd7\xef\x54\xeb\xaa\xf7\x70\xfd\xc3\x1f\x38\xfe\xd2\
\x25\xad\xfd\x32\xd7\xf1\x7b\x15\x00\x06\x00\x06\x80\x1b\x47\xff\
\x85\x57\xff\x8f\x2e\x9a\x5f\x75\xa3\xd2\xf1\x53\x39\x74\xda\x0e\
\xa2\xe6\x00\x8e\x79\x3d\x9b\x03\xa8\xf8\x7d\xca\x3d\x44\xf0\xc3\
\x0f\x3f\xfc\xf0\xc3\x0f\xbf\x2f\xf8\xdf\xbd\x42\x96\xf8\x6f\x13\
\x1b\xba\xfa\xc9\xda\x5d\x54\xfb\xee\x01\xae\x7f\xf8\x03\xc9\x5f\
\x32\xbf\xe6\x46\x99\xf3\xd8\xaa\x00\x7c\x75\x24\x20\x06\x00\x06\
\x80\x1b\xe5\xff\xa1\xd5\xff\xd3\x3e\x7f\xf5\xa9\xc6\xe0\xd8\xa6\
\x76\xf4\x54\x4d\x37\x6c\xe1\xb8\xa4\xc7\x69\x13\x12\xb7\x1d\x4d\
\xf8\xe1\x87\x1f\x7e\xf8\xe1\x87\x3f\x97\xfc\x5f\x7f\xb0\x47\xdc\
\x59\xdb\x27\xf6\x0e\x0c\x92\xad\x67\x48\xef\x09\xf5\x01\xe0\xfa\
\x87\x3f\x58\xfc\xa5\x4b\x5a\xb7\xc9\x9c\xc7\x52\x05\xe0\xbb\x6d\
\x00\x18\x00\x18\x00\xee\xad\xfe\xcf\xda\xf8\xab\x74\x1c\x35\x6d\
\x87\x4e\x55\x82\x64\x9b\x10\xac\xfb\x96\x52\x69\x32\xa2\xfe\xfd\
\xaa\x3d\x47\xf0\xc3\x0f\x3f\xfc\xf0\xc3\x0f\xbf\xd7\xf8\x3f\xb4\
\xb6\x43\x4c\x7f\x6d\xa7\x68\xd9\x45\x17\xff\x6c\xe8\xeb\x0f\xf4\
\x70\xfd\xc3\x1f\x48\xfe\xa2\x8a\x8d\xbf\xf2\x73\x15\x00\x06\x00\
\x06\x80\x1b\xab\xff\x63\x4e\x2c\x2d\x3d\xb6\xf4\x96\xe6\x86\x94\
\x4a\x74\x34\x1d\x3b\xe5\x39\x9f\xba\x25\x45\x0a\xc7\x4f\xfb\x98\
\x10\xe5\xef\x87\x1f\x7e\xf8\xe1\x87\x1f\x7e\xf8\x73\xc1\x3f\x79\
\x59\x9b\xf8\xc9\x13\x5b\xc5\xd3\xad\xfb\xc4\x20\x5d\xfc\xb3\xaa\
\xbf\xbe\xb8\x83\xeb\x1f\xfe\x40\xf2\x97\x2e\x6e\x69\x90\xb9\x8f\
\x79\x24\xa0\xef\xaa\x00\x30\x00\x30\x00\xd2\x35\x00\x46\x99\x8d\
\x2f\x42\xab\xff\xc5\xd3\x5f\xfb\x7a\xda\x7b\x82\x74\xf7\xfc\x28\
\x26\x10\x65\xd3\x0f\xfb\xcf\xdb\x43\xd3\x11\x54\x96\x38\xc1\x0f\
\x3f\xfc\xf0\xc3\x0f\x3f\xfc\x59\xe5\xbf\xe2\xce\x2e\xb1\xf4\x5f\
\xbb\xc5\xf6\x7d\x34\xf4\xcb\x95\x2a\x37\xef\xe6\xfa\x87\x3f\xb0\
\xfc\xc5\xd3\xdf\xf8\xba\xa5\x0a\xe0\x88\x38\x55\x00\x18\x00\x18\
\x00\xbe\x37\x00\x12\x1d\xfd\x27\x9d\xaf\x63\x4a\x17\x35\xbf\x9c\
\x76\x49\x8e\xf6\x00\x55\x4c\x08\xaa\x70\x7a\x0c\x89\xee\x9e\x23\
\xf8\xe1\x87\x1f\x7e\xf8\xe1\x87\x3f\xe3\xfc\xe7\x2d\x6f\x13\x7f\
\x78\x76\xbb\x78\xa3\x9b\x86\x7e\x5e\xd0\xb3\x6d\xfb\xb8\xfe\xe1\
\x0f\x2c\x7f\xe9\x2d\xcd\x2f\x9b\x47\x02\x8e\xf1\xdb\x91\x80\x18\
\x00\x18\x00\xce\x8f\xfe\xbb\xe1\x99\x8f\x39\x1a\xb0\xae\x37\xed\
\xd0\x3c\x27\x54\xfb\xef\xd5\x9c\x80\xe0\x87\x1f\x7e\xf8\xe1\x87\
\x1f\xfe\x8c\xf1\x5f\x79\x7f\x4f\xe8\xd8\xb9\xbe\x03\x34\xf4\xf3\
\x92\xaa\xb7\x1f\xe0\xfa\x87\x3f\xd0\xfc\x32\x07\xf2\xe3\x91\x80\
\x18\x00\x18\x00\x8e\x57\xff\x4b\x16\x36\xde\xa9\xd7\xe5\x53\x51\
\xf2\xa3\x5b\x92\xe3\x70\xc2\xd1\x2f\x61\xd2\xfc\x79\xf8\xe1\x87\
\x1f\x7e\xf8\xe1\x87\xdf\x55\xfe\x8b\x56\xb5\x8b\x6b\x5f\xda\x21\
\x6a\x8c\x24\x13\x79\x53\x3b\xfa\x07\xb9\xfe\xe1\x0f\x36\xff\xa2\
\xfa\x3b\xfc\x58\x05\x80\x01\x80\x01\xe0\x68\xf5\x7f\xc2\x4f\x17\
\x94\x94\x2e\x6e\x3d\xa0\x55\x72\xe3\xb0\x69\x88\x76\x57\x4f\xdd\
\xa6\x25\x4e\x1d\x4f\xf8\xe1\x87\x1f\x7e\xf8\xe1\x87\x3f\x23\xfc\
\xf2\xf8\xbe\xfb\xea\xfb\x44\xff\x41\x1a\xfa\xf9\x41\x53\x96\x72\
\xfd\xc3\x1f\x5c\x7e\x99\x03\xc9\x5c\xc8\x6f\x55\x00\x18\x00\x18\
\x00\x3a\x47\xff\x1d\x6e\x3b\xfa\xef\x98\xa2\x8a\x4d\xd7\x38\x1f\
\x60\x0e\x8f\x0d\xc9\x76\x89\x93\xeb\x13\x0c\xfc\xf0\xc3\x0f\x3f\
\xfc\xf0\xc3\x9f\x88\xff\xbd\x95\x1d\xe2\x9f\x1b\x7a\x45\xd3\x4e\
\x8e\xef\xf3\x9b\x3e\x50\xd9\xce\xf5\x0f\x7f\xa0\xf9\x8b\x2a\xaa\
\xae\x31\xab\x00\x46\xdb\xaa\x00\x3c\x7b\x24\x20\x06\x00\x06\x40\
\xda\xab\xff\xf2\xf8\x0b\x63\x20\xb4\x68\x0f\x68\x5b\x28\x1d\x3d\
\xb7\xc3\xed\x09\x09\x7e\xf8\xe1\x87\x1f\x7e\xf8\xe1\x77\x95\xbf\
\xd4\x88\xef\xae\xef\x11\x0f\x37\xee\x15\x03\x83\xac\xf6\xfb\x55\
\x97\xae\xeb\xe0\xfa\x87\x3f\xd8\xfc\xb7\xb4\xb4\x98\x47\x02\xfa\
\xa6\x0a\x00\x03\x00\x03\x20\xd5\xd5\xff\xc3\x6c\xab\xff\x47\x17\
\xdd\xfc\xf2\x95\x99\x69\x0a\xe2\xb4\x69\x88\xa2\x6b\xa9\x6a\x8f\
\x91\xdb\x8e\x22\xfc\xf0\xc3\x0f\x3f\xfc\xf0\xc3\x9f\x12\xbf\x5c\
\x31\x9e\xf6\xda\x4e\xd1\xb6\x9b\xd5\xfe\x20\xe8\xf2\xdb\x3b\xb9\
\xfe\xe1\x0f\x3c\x7f\xd1\xcd\x1b\xae\xb4\x1c\x09\xf8\xae\x38\x47\
\x02\x1e\x8a\x01\x80\x01\xe0\x37\x03\xc0\xda\xfc\xef\x48\xd3\xe1\
\x1a\x5b\xb2\xb0\x61\xbd\x2b\x4d\x39\x9c\x36\xfd\xd0\x74\xfc\xac\
\x47\x8f\xa4\xe5\x38\xba\xdd\x94\x04\x7e\xf8\xe1\x87\x1f\x7e\xf8\
\xf3\x98\xbf\xcc\x78\x8d\xef\x3f\xb2\x45\x3c\xd6\xbc\x57\x1c\x64\
\xb5\x3f\x50\xba\xe2\xce\x4e\xae\x7f\xf8\x83\xcf\x6f\xe4\x44\x32\
\x37\xb2\x54\x01\x78\xba\x19\x20\x06\x00\x06\x40\xaa\x06\xc0\x28\
\xb3\xa4\x25\xb4\xfa\x3f\xe1\xd7\x2b\xce\x29\x59\xdc\x36\x98\xd6\
\x39\x9b\xba\x25\x45\x6e\x9f\x03\x9a\xed\x63\x4f\xe0\x87\x1f\x7e\
\xf8\xe1\x87\x1f\xfe\x18\xfe\x0f\xae\xed\x10\x33\x5e\xeb\x15\x1d\
\x7b\x0e\x92\x29\x07\x54\x9f\xbb\xa7\x9b\xeb\x1f\xfe\x3c\xe0\x6f\
\x1b\x94\xb9\x91\xa5\x0a\xe0\x88\x38\x55\x00\x18\x00\x18\x00\x9e\
\x37\x00\x92\x1f\xfd\x57\x51\x7d\x53\xc6\xf6\xe8\x64\xba\x64\x48\
\xd7\x51\x74\x7b\xc2\x81\x1f\x7e\xf8\xe1\x87\x1f\xfe\x3c\xe5\x67\
\xb5\x3f\xbf\xf4\xa5\x7b\xbb\xb9\xfe\xe1\xcf\x0f\xfe\x8a\xcd\x37\
\xf9\xe5\x48\x40\x0c\x00\x0c\x00\xed\xe6\x7f\xc7\xbe\xff\xdf\x4e\
\x34\x2e\xf4\xee\x74\x8f\xf1\x70\xdc\x64\x24\xd7\x0e\xa7\xd2\xf1\
\x84\x1f\x7e\xf8\xe1\x87\x1f\x7e\xf8\xad\xcf\xf9\x60\x65\x87\x98\
\xf1\x7a\xaf\x68\x67\x6f\x7f\x5e\xe9\x6b\x0f\xf4\x70\xfd\xc3\x9f\
\x2f\xfc\x5d\x32\x47\xf2\x43\x33\x40\x0c\x00\x0c\x00\xed\xd5\xff\
\xc2\xe9\xaf\x7d\x27\x9b\x03\xb4\xd8\xf2\x58\x6c\x4e\x16\xc5\xd9\
\x9c\x40\x72\x5c\x82\x04\x3f\xfc\xf0\xc3\x0f\x3f\xfc\x7e\xe4\x97\
\x9d\xfc\xbf\xf7\xf0\x16\xf1\x28\xab\xfd\x79\xab\x6f\x3e\xd4\xc3\
\xf8\x87\x3f\x6f\xf8\x0b\x6f\x7e\xed\x3b\x7e\xa8\x02\xc0\x00\xc0\
\x00\xd0\x5a\xfd\x1f\x6e\xfe\xd7\xf8\x94\x97\x27\x0c\xbf\x4d\x70\
\xf0\xc3\x0f\x3f\xfc\xf0\xc3\x1f\x24\xfe\xf7\xad\x69\x17\x37\x6f\
\x60\xb5\x1f\x89\x90\x01\xc4\xf8\x87\x3f\x6f\xf8\x8d\x1c\xc9\xd6\
\x0c\xf0\x08\x0c\x00\x0c\x00\x3f\x1a\x00\x51\x47\xff\x85\x9a\xff\
\x2d\x6d\x1f\x72\xb5\x64\x26\xd3\x7b\x8a\xbc\x36\x01\xc1\x0f\x3f\
\xfc\xf0\xc3\x0f\x7f\x00\xf9\xbf\xb3\xbe\x47\x3c\xdc\xb8\x57\x0c\
\xb0\xda\x8f\x4c\xfd\xf7\x23\x5b\x18\xff\xf0\xe7\x0f\xff\x92\xb6\
\x21\x5b\x33\xc0\x77\x79\xb1\x19\x20\x06\x00\x06\x40\xaa\x47\xff\
\xc9\x52\x96\xb1\xc5\x15\x9b\xff\xee\x74\x40\xc6\x94\xf4\x58\x1e\
\xcd\x4e\x9a\x96\xc7\xf0\x20\x6b\xf3\xef\x84\x01\x3f\xfc\xf0\xc3\
\x0f\x3f\xfc\x01\xe5\xbf\x64\x75\xbb\xb8\xf1\xd5\x5e\xd1\xb2\x8b\
\xd5\x7e\x14\xab\x6f\x59\xb6\x00\x30\xfe\xe1\xcf\x07\x7e\x99\x2b\
\x99\x55\x00\x63\xbc\x7a\x24\x20\x06\x00\x06\x40\xca\x47\xff\x9d\
\x78\xe2\x89\xc7\x16\xdf\xd2\xd2\x1c\x33\x60\x73\xdd\x25\x34\xc3\
\x13\x98\x72\xc2\x82\x1f\x7e\xf8\xe1\x87\x1f\xfe\x3c\xe3\xff\xfa\
\x03\x3d\xe2\xbe\xfa\x3e\x71\x80\xd5\x7e\x94\xa9\x53\x00\x18\xff\
\xf0\xfb\x91\xdf\xc8\x95\x64\xce\xe4\xe5\x23\x01\x31\x00\x30\x00\
\x52\x6e\xfe\x57\xf4\x8f\x67\x3f\xe3\x07\x87\x51\xdf\x71\x8c\x39\
\xcb\x33\xda\x81\x8c\xfa\x37\xf8\xe1\x87\x1f\x7e\xf8\xe1\xcf\x4f\
\xfe\x0b\x57\xb6\x89\xeb\x5e\xda\x21\xea\x7b\x0f\x90\xd9\xa2\x94\
\x74\xc5\x9d\x9d\x8c\x7f\xf8\xf3\x8e\x5f\xe6\x4c\x5e\x6e\x06\x88\
\x01\x80\x01\x90\x6a\xf3\xbf\x63\x4b\xe6\xd7\xdd\x9a\x1d\x17\x4f\
\x77\x00\x66\x78\xc2\xca\x7a\xc0\x0f\x3f\xfc\xf0\xc3\x0f\xbf\x77\
\xf8\xaf\xbc\xaf\x5b\xdc\x59\xbb\x47\xf4\x0f\xb0\xda\x8f\xf4\xf4\
\x91\x5b\x3b\x18\xff\xf0\xe7\x1f\xbf\x91\x33\xc9\xdc\xc9\xab\xcd\
\x00\x31\x00\x30\x00\x52\x6a\xfe\x77\xe2\x17\xfe\x77\x7c\xc9\x92\
\xd6\xbd\x99\x18\x80\xba\x0e\x9d\xbe\xa3\x97\x69\x47\x12\x7e\xf8\
\xe1\x87\x1f\x7e\xf8\x83\xc5\x7f\xde\xf2\x36\xf1\xe7\xe7\xb7\x8b\
\xcd\xdb\xf6\x93\xc5\xa2\xb4\x25\x7b\x44\x30\xfe\xe1\xcf\x3b\x7e\
\x23\x67\x92\xb9\x93\x57\x9b\x01\x62\x00\x60\x00\xa4\xd4\xfc\xaf\
\x70\xfa\x1b\xbf\xc8\xda\x80\xcc\xb1\x43\x58\x7c\x4b\xe4\xd1\xfa\
\x35\xfc\xf0\xc3\x0f\x3f\xfc\xf0\x07\x9d\xff\x33\x77\x75\x89\x35\
\x9b\x77\x8b\x3d\x07\x06\xc9\x5e\x91\x63\x9d\xb5\x8c\xf1\x0f\x7f\
\x7e\xf2\xcb\xdc\xc9\xab\xcd\x00\x31\x00\x30\x00\x92\x95\xff\x8f\
\x36\x9d\xab\xe3\x4a\x16\x35\xbd\xea\xdf\x92\x22\x82\x20\x08\x82\
\x20\x12\x85\x4c\xd2\x7e\xf3\xf4\x36\xf1\x46\x77\x3f\x19\x2b\x72\
\x4d\x07\x07\x87\x18\x5f\x44\xfe\x86\x91\x3b\xc9\x1c\xca\xd6\x0c\
\x10\x03\x00\x03\xc0\x33\x06\xc0\xa1\x96\x88\x69\xfe\x37\xfe\x8f\
\x77\xbd\xc7\x51\x13\x0e\xa5\xa3\x96\xdc\xa1\xd3\x76\xe4\x34\x9f\
\x9f\xe9\x80\x1f\x7e\xf8\xe1\x87\x1f\x7e\x2f\xf2\x5f\x7e\x7b\xa7\
\x58\xf2\xce\x2e\xd1\xdb\xcf\x6a\x3f\x72\x5f\x3b\xfb\x0f\x32\xfe\
\xe1\xcf\x6b\x7e\x99\x43\x25\x68\x06\x78\x68\x2e\x4d\x00\x0c\x00\
\x0c\x00\x55\xf3\xbf\xb1\x45\x73\x36\xcf\xf4\xd2\x80\x72\x1c\xb7\
\x58\x1e\x6f\xb1\xfd\x9b\x0f\x26\x14\xf8\xe1\x87\x1f\x7e\xf8\xe1\
\x4f\x97\x7f\xd2\x92\x56\xf1\x93\xc7\xb7\x8a\x17\xda\xf7\x91\xa1\
\xa2\x8c\xaa\x73\xf7\x40\x86\x4b\xc2\x19\xff\xf0\x7b\x9b\xbf\xa8\
\x62\xf3\x4c\x73\x1b\x80\xa7\x9a\x01\x62\x00\x60\x00\x24\x6d\xfe\
\x77\xc2\x09\x27\x1c\x57\xba\xa8\xa5\xdd\xd5\x01\xa3\x39\x00\xdd\
\x7f\xbe\xe6\x1e\x22\xb7\x27\x0c\xf8\xe1\x87\x1f\x7e\xf8\xe1\xcf\
\x32\xff\x87\xd6\x76\x88\x39\x6f\xec\x14\x3d\x7d\x07\xc9\x4c\x51\
\x56\x54\xb5\xad\x5f\x14\x2d\x6a\x61\xfc\xc3\x9f\xb7\xfc\x25\x46\
\x0e\x25\x73\x29\xaf\x35\x03\xc4\x00\xc0\x00\x48\xda\xfc\xaf\xe0\
\xfa\x67\x3e\xe5\xbd\x92\xa1\x60\x07\xfc\xf0\xc3\x0f\x3f\xfc\xf0\
\xbb\xc1\x5f\x6a\xc4\xf7\x1e\xde\x22\x1e\x6b\xde\x2b\x06\x87\x38\
\xc2\x0f\x65\x57\xcf\xb7\xf5\x19\xd7\x6f\x0b\xe3\x1f\xfe\xbc\xe6\
\x97\xb9\x94\xd7\x9a\x01\x62\x00\x60\x00\x24\x2b\xff\x3f\xb6\x68\
\x5e\xcd\xb2\xd8\x01\xda\x32\xf2\x68\xfd\x3a\x6b\x03\x5a\xe1\xc8\
\xb9\xee\x40\xc2\x0f\x3f\xfc\xf0\xc3\x0f\xbf\x8f\xf8\x2f\x59\xd5\
\x2e\x6e\x7c\xa5\x57\xb4\xee\x1a\x20\x0b\x45\x39\xd3\xbd\x35\xbb\
\x8c\x6b\xb2\x99\xf1\x0f\x7f\x5e\xf3\x17\xcd\xad\x59\x26\x73\x2a\
\x2f\x6d\x03\xc0\x00\xc0\x00\x88\x57\xfe\x1f\x6a\xfe\x37\xf6\xa2\
\x4b\x4f\x2e\xb9\xa5\x65\x7b\xcc\x80\xb1\x87\xe6\x00\x72\x5c\xe2\
\xe3\xf6\xcf\xeb\xbe\x3e\xfc\xf0\xc3\x0f\x3f\xfc\xf0\x7b\x90\xff\
\x2b\xf7\x77\x8b\x7b\xeb\xfa\xc4\xfe\x83\xac\xf6\xa3\xdc\x6b\xe9\
\xdb\x3b\x92\x57\x00\x30\xfe\xe1\xcf\x07\x7e\x23\x97\x92\x39\x55\
\x9c\x66\x80\x18\x00\x18\x00\x39\x31\x00\x12\x95\xff\x87\x9a\xff\
\x15\xde\xf8\xc2\xd7\xd2\x71\xec\x54\x0e\x9c\x7e\x57\x4f\x3d\xc7\
\x4d\x35\x80\x43\x3f\x7b\x4b\xe2\xd7\x73\xea\x58\xc2\x0f\x3f\xfc\
\xf0\xc3\x0f\x7f\xb6\xf8\xdf\xbd\xa2\x4d\xfc\xdf\x0b\xdb\x45\xf5\
\xf6\x03\x64\x9c\xc8\x53\xfa\xe7\xcb\x5b\xa3\x7a\x00\x30\xfe\xe1\
\xcf\x57\x7e\x99\x53\xd9\x9a\x01\xe6\x74\x1b\x00\x06\x00\x06\x80\
\x75\xf5\xff\x88\x70\xf3\x3f\x79\x6e\x65\xf1\xfc\xba\x3b\x72\xe2\
\xb8\x39\x2d\xf9\xb1\x3c\x66\xc5\x11\x84\x1f\x7e\xf8\xe1\x87\x1f\
\xfe\x2c\xf3\x7f\xea\xae\x2e\xb1\x7a\xf3\x6e\xb1\xe7\x00\x47\xf8\
\x21\x6f\xea\xd7\x4f\x74\x89\xe2\x45\xcd\x8c\x7f\xf8\xf3\x9e\x5f\
\xe6\x54\x32\xb7\xb2\x34\x03\x3c\x22\x97\x55\x00\x18\x00\x18\x00\
\x87\x5a\x56\xff\x47\xca\xff\x4f\xbc\xe2\xfb\xe3\x8b\x6f\x69\xeb\
\x4b\x65\x40\x29\x1d\x3a\xd5\x80\xd1\x74\xe8\x1c\x0f\x50\x45\x49\
\x8f\x95\x19\x7e\xf8\xe1\x87\x1f\x7e\xf8\xbd\xc2\x3f\x65\x69\xab\
\xf8\xd5\x53\xdb\xc4\x6b\xdd\xfd\x64\x97\xc8\xf3\xfa\xd6\x7d\xed\
\xc3\x06\x00\xe3\x1f\xfe\xbc\xe7\x6f\xeb\x93\xb9\x55\x9c\x6d\x00\
\x87\x63\x00\x60\x00\x78\xa6\xf9\x5f\xe1\xcd\xaf\x5e\x95\xb9\x73\
\x35\x1d\x96\xf4\x64\xf8\xf5\x32\x7f\xae\x28\xfc\xf0\xc3\x0f\x3f\
\xfc\xf0\xa7\xfe\xf7\x7e\x74\x5d\x87\x58\xf8\xf6\x2e\xb1\x7d\x1f\
\x47\xf8\x21\xff\xe8\xdf\x6e\x6d\x0e\x35\x01\x64\xfc\xc3\x0f\x7f\
\xab\x90\xb9\x95\x57\x9a\x01\x62\x00\x60\x00\x58\x9b\xff\x45\xca\
\xff\x17\xd4\x3f\x9a\x70\x80\x59\x5c\xba\x8c\x9c\x0b\xaa\x6a\xb2\
\xe1\x72\xd3\x10\xf5\x9e\x20\xf8\xe1\x87\x1f\x7e\xf8\xe1\xcf\x2e\
\x7f\x99\xf1\xef\xff\xfd\xc8\x16\xf1\x54\xeb\x3e\x31\xc4\x11\x7e\
\xc8\x87\x7a\xf7\xe2\x7a\x51\xbc\xa8\x89\xf1\x0f\x3f\xfc\x32\x16\
\x36\x3c\x6a\xdb\x06\x90\xb3\x66\x80\x18\x00\xf9\x6d\x00\xd8\x9b\
\xff\xc9\x92\x94\xb1\xa7\x7e\xfb\xda\x92\xd2\x5b\xda\x06\x5c\xdb\
\x03\xe3\xd0\x21\x2c\x1e\x19\x9c\xe9\x4d\x20\xca\x92\xa2\x0c\xf3\
\xc0\x0f\x3f\xfc\xf0\xc3\x0f\x7f\xaa\xfc\xef\x59\xdd\x2e\x6e\x7a\
\x75\x87\x68\xdf\xcd\x11\x7e\xc8\xbf\xea\x3b\x30\x28\x0a\xe7\xd6\
\x86\x0c\x00\xc6\x3f\xfc\xf0\xb7\x8a\xd2\xc5\x6d\x03\x32\xc7\x32\
\x9b\x01\x8e\x49\xd0\x0c\x10\x03\x00\x03\x20\x37\xe5\xff\xc5\xd3\
\x5f\xff\xa5\x93\x3d\x3e\x9e\x9f\x70\x34\x1d\x47\xf8\xe1\x87\x1f\
\x7e\xf8\xe1\xcf\x34\xff\x57\xef\xef\x16\xf7\xd5\xf7\x89\x03\x83\
\xac\xf6\x23\xff\xab\x6e\xfb\x7e\x51\x38\xaf\x56\x14\x2d\x6c\x64\
\xfc\xc3\x0f\xbf\xf9\x3c\x99\x63\x79\x61\x1b\x00\x06\x00\x06\x80\
\xb5\xfc\x5f\x36\xa6\x38\xbe\x64\x7e\xc3\x93\x8e\xce\xbd\x74\xda\
\xf4\xc3\x5e\x62\xa3\x72\xf4\x14\x25\x39\xda\x7b\x84\x9c\x9e\xfb\
\x09\x3f\xfc\xf0\xc3\x0f\x3f\xfc\x29\xf0\x9f\xb7\xbc\x55\xfc\xdf\
\xf3\x1c\xe1\x87\x82\xa7\xa7\x5b\xfa\x42\x06\x40\xf1\xc2\x66\xc6\
\x3f\xfc\xf0\x87\xbf\x5e\xd8\xf0\xa4\xcc\xb5\xcc\x9c\x2b\x67\xdb\
\x00\x30\x00\xf2\xcf\x00\x38\x34\x41\xf9\xbf\x74\xa2\xc6\x9e\xf6\
\xcd\x6b\x8b\x8c\x0b\x74\xc0\x91\xe3\x95\xe9\x01\xe9\xf0\xf5\x54\
\xcf\x77\xec\xf8\xc1\x0f\x3f\xfc\xf0\xc3\x0f\x7f\x92\xbf\xf7\x8a\
\x3b\x3a\x39\xc2\x0f\x05\x5a\x6b\x36\xf6\x0e\x1b\x00\x8b\x5a\x18\
\xff\xf0\xc3\x6f\xbe\x96\xdc\x06\x70\xda\x37\xff\x54\x64\x6e\x03\
\x38\x2a\xc1\x36\x80\x43\x31\x00\x30\x00\xb2\x55\xfe\x2f\x1b\x52\
\x1c\x5b\x34\xed\xb5\x9f\x28\x07\x98\xaa\x09\x86\x6e\x09\x8e\xd3\
\x09\xc2\xa9\x83\xa7\xfb\xf7\xc0\x0f\x3f\xfc\xf0\xc3\x0f\xbf\xe6\
\xeb\x4d\x5e\xda\x2a\x7e\xf1\xc4\x56\xb1\xa1\x8b\x23\xfc\x50\xf0\
\x75\xe3\x4b\x5b\x63\x0c\x00\xe6\x3f\xf8\xe1\x6f\x15\x45\x37\xbf\
\xf6\x63\x73\x1b\xc0\xd1\xb9\xda\x06\x80\x01\x90\xdf\x06\x40\xb8\
\xfc\x7f\x4c\xb8\xfc\xbf\x78\x7e\xfd\x23\x09\x07\x4e\x9a\x03\xd6\
\xe9\x00\xca\x74\x89\x90\x72\xc2\x80\x1f\x7e\xf8\xe1\x87\x1f\xfe\
\x34\xf9\x3f\x7c\x6b\x87\x98\xf7\xe6\x4e\xb1\x75\x2f\x47\xf8\xa1\
\xfc\xd1\x4f\x1f\xed\x14\x85\x73\x6b\x2c\x0d\xdd\x98\xff\xe0\x87\
\x3f\xf4\xb5\x91\x6b\x59\xb6\x01\x8c\xc9\xc5\x36\x00\x0c\x80\xfc\
\x34\x00\xe2\x96\xff\x9f\xf0\x99\x9f\x4f\x2c\xbd\xa5\xb5\xdf\x75\
\x07\x4c\xe9\xc0\xb5\x44\x1e\xad\x5f\x67\xeb\xd8\x0f\xdd\x92\x25\
\xf8\xe1\x87\x1f\x7e\xf8\xe1\x4f\xc2\x6f\x7c\x96\x8a\xef\xae\xdf\
\x22\x1e\x6f\xde\x2b\x06\x39\xc2\x0f\xe5\xa1\x3e\x7f\x47\xeb\xf0\
\x29\x00\xcc\x7f\xf0\xc3\x1f\xf5\xbd\xd2\xc5\xad\xfd\x32\xe7\x52\
\x6c\x03\xc0\x00\xc0\x00\xc8\x68\xf9\xff\x68\xb3\x04\xe5\xb8\x89\
\x37\xbd\xf4\xdf\xf1\x2e\x70\x75\x57\xcb\xe8\x01\x5c\x6c\x79\x74\
\xc3\x11\x54\x3e\x7f\xe4\xeb\xd4\x7e\xbf\x72\x4f\x10\xfc\xf0\xc3\
\x0f\x3f\xfc\xf0\xa7\xc1\x7f\xd1\xca\x36\xf1\x8f\x97\x77\x88\xe6\
\x9d\x1c\xe1\x87\xf2\x5b\x17\x2f\xad\x1f\xde\x02\xc0\xfc\x07\x3f\
\xfc\x31\xbf\x4f\xe6\x5c\x32\xf7\x32\x73\xb0\xd1\xd9\xde\x06\x80\
\x01\x90\xbf\x06\x40\xbc\xf2\xff\xfb\x32\x71\x8c\x86\xe3\x63\x37\
\xdc\x2e\xe1\x71\xb8\x27\x08\x7e\xf8\xe1\x87\x1f\x7e\xf8\xad\xf1\
\x85\x7b\xba\xc5\x1d\x35\x7b\x44\xff\x41\x56\xfb\x11\xda\x7b\x60\
\x30\x94\xfc\xcb\x0a\x00\xe6\x3f\xf8\xe1\x8f\xb3\x5d\x61\x5e\xfd\
\x7d\xb9\xdc\x06\x80\x01\x90\x7f\x06\x40\xdc\xf2\xff\x93\x2e\xbb\
\xf2\x4c\xe3\x82\xec\x8b\x76\xd3\xd2\x75\xe4\x34\xf7\xe4\x64\x79\
\xcf\x51\xec\xdf\x13\x79\x84\x1f\x7e\xf8\xe1\x87\x1f\xfe\x54\x7e\
\xff\x59\x4b\x5b\xc5\xef\x9e\xd9\x26\xde\xd9\xb2\x9f\x8c\x0f\x21\
\x8b\xaa\xb6\xf6\x87\x92\x7f\x69\x02\x30\xff\xc1\x0f\x7f\xbc\xe7\
\xb7\xf5\xc9\xdc\x2b\x57\xdb\x00\x30\x00\xf2\xc7\x00\x48\x5a\xfe\
\x5f\x78\xc3\x8b\xdf\x4e\x7d\xcf\x8c\xde\x80\x89\xd9\xe3\x63\x7b\
\xbe\xba\xc4\x46\xe5\xf0\x45\x97\x00\xa9\xff\x1e\xa7\xe7\x94\xc2\
\x0f\x3f\xfc\xf0\xc3\x9f\xaf\xfc\x97\xad\xeb\x10\x4b\xde\xd9\x25\
\x76\xf6\x73\x84\x1f\x42\xf1\xf4\x68\xe3\x9e\x50\xf2\x5f\x34\xbf\
\x96\xf9\x0f\x7e\xf8\x13\x3c\x5f\xe6\x5e\xb9\xda\x06\x80\x01\x90\
\x9f\x06\x40\x6c\xf9\xff\xdc\x9a\x3b\xdc\xea\xa2\xa9\xfa\x79\xd7\
\xbb\x7a\x2a\xc2\xfe\xf3\xf6\xd0\xfe\xfb\xe0\x87\x1f\x7e\xf8\xe1\
\xcf\x2b\xfe\x32\x83\xf1\xea\x47\xb7\x88\xe7\xda\xf6\x89\x21\x9a\
\xfa\x21\x94\x54\x4b\xde\xda\x11\x3a\x01\xa0\x68\x5e\x3d\xf3\x1f\
\xfc\xf0\x27\xfa\x7b\xe6\xd6\xdc\x9e\xab\x6d\x00\x18\x00\xf9\x65\
\x00\xc4\x2d\xff\x3f\xa6\xf4\x82\x53\x4a\x6e\x69\xe9\x4d\x7d\xdf\
\x8c\xc2\x71\x73\xba\x27\x48\x35\x01\x28\x4b\x7e\x14\x0e\x9d\xe3\
\x80\x1f\x7e\xf8\xe1\x87\x3f\x1f\xf8\xdf\xbb\xba\x5d\x4c\xdb\xd0\
\x2b\x3a\xf6\xd0\xd4\x0f\xa1\x54\xf5\xd7\xe7\x7a\x42\x5b\x00\x8a\
\x16\x34\x30\xff\xc1\x0f\x7f\x42\xfe\x96\x5e\x99\x83\xe5\x62\x1b\
\x00\x06\x40\x7e\x18\x00\xc9\xbb\xff\xff\xf5\xf1\xcf\x24\x75\xa8\
\x1c\x3a\x66\x6a\x07\x4f\xd1\xc5\xd3\xa1\xe3\xe7\x74\x8f\x10\xfc\
\xf0\xc3\x0f\x3f\xfc\xf9\xc5\xff\x95\xfb\xbb\xc5\x7d\xf5\x7d\xe2\
\xc0\x20\xab\xfd\x08\xe9\xea\x07\x0f\x76\x0c\xf7\x00\x30\x0d\x00\
\xe6\x3f\xf8\xe1\x8f\xcf\x2f\x73\xb0\x5c\x6c\x03\xc0\x00\xc8\x3f\
\x03\x20\xb6\xfc\x7f\xce\xa6\x39\x4e\x1c\xb1\x6c\x97\xf4\x64\xfa\
\xf5\xe0\x87\x1f\x7e\xf8\xe1\xcf\x3f\xfe\x73\x97\xb5\x89\x3f\x3f\
\xb7\x5d\x54\x6f\x3b\x40\x06\x87\x90\x03\x5d\x71\x6b\x73\x74\x05\
\x00\xf3\x1f\xfc\xf0\xc7\x7d\x7e\x91\x91\x83\xe5\x62\x1b\x00\x06\
\x40\xfe\x18\x00\x71\xcb\xff\x8d\x38\xb1\x78\x61\x63\x8d\x9e\xc3\
\xa5\x57\x62\xa3\x3f\x40\x93\x97\xd8\xe4\x7e\x4f\x10\xfc\xf0\xc3\
\x0f\x3f\xfc\x41\xe1\xbf\xfc\xb6\x0e\xb1\x7c\xe3\x2e\xb1\x6b\x3f\
\x4d\xfd\x10\x72\x43\xe7\xde\x52\x3f\x6c\x00\x2c\x6c\x64\xfe\x83\
\x1f\xfe\x64\x7f\xef\xc2\xe6\x1a\x99\x8b\x65\x7b\x1b\x00\x06\x40\
\xf0\x0d\x80\x78\xe5\xff\x47\x86\xcb\xff\xcf\xf8\xd9\xb2\x8b\x32\
\xef\xb8\xe9\xed\x99\xd1\x1d\xa0\xaa\x12\xa2\xe2\x45\x96\xc7\x45\
\xe6\xcf\x2f\xca\xa6\xe3\x08\x3f\xfc\xf0\xc3\x0f\xbf\x97\xf8\xcb\
\x17\xb7\x8a\x1f\x3d\xb6\x55\xbc\xd0\xbe\x8f\x6c\x0d\x21\x17\xb5\
\xb3\xff\xe0\x70\xf9\xbf\x11\xc5\xa6\x01\xc0\xfc\x07\x3f\xfc\x89\
\xf9\x65\x2e\x66\xd9\x06\x70\x64\x36\xb6\x01\x60\x00\xe4\x97\x01\
\x10\x2e\xff\x1f\x1d\x2e\xff\x2f\x9a\xfe\xc6\x1f\x55\x7b\x6e\xb4\
\xbb\x5a\x3a\xed\xb2\x99\xf1\xd0\xdb\x73\x04\x3f\xfc\xf0\xc3\x0f\
\x7f\x30\xf8\xdf\xb3\xaa\x4d\xdc\x4c\x53\x3f\x84\x32\xa6\x8d\x5b\
\xfa\x43\x27\x00\xc8\x08\x27\x60\xcc\x7f\xf0\xc3\x9f\xf8\xf5\x64\
\x2e\x66\xd9\x06\x30\x3a\x1b\xdb\x00\x30\x00\xf2\xc3\x00\x48\x54\
\xfe\x7f\x42\xf1\xfc\xfa\x67\x5c\xef\x7a\xa9\xeb\xa8\x59\x5c\xb9\
\xe1\xaf\x23\x8f\x71\x4b\x80\x1c\x3f\x5f\xd7\x01\x84\x1f\x7e\xf8\
\xe1\x87\xdf\xcf\xfc\x57\xde\xdb\x25\xee\xa9\xdb\x23\xf6\x1f\xa4\
\xa9\x1f\x42\x99\xd4\xc3\x0d\xbb\x23\x15\x00\x8a\xb9\x86\xf9\x0f\
\x7e\xf8\x8d\xc7\x79\x75\xcf\xc8\x9c\x2c\x9b\xdb\x00\x30\x00\x82\
\x6d\x00\x24\x2a\xff\x97\x17\xd7\xb1\xc7\x7f\xf2\xc7\x05\xc6\x85\
\x7c\x20\xc6\xa1\x52\x0e\x18\x9b\x83\x66\x19\x84\x51\xe5\x36\x59\
\x3a\x07\xd4\xf5\xd7\x83\x1f\x7e\xf8\xe1\x87\xdf\xf7\xfc\x67\x2d\
\x6d\x15\xbf\x7b\x66\x9b\xd8\xb8\x75\x3f\x59\x19\x42\x59\xd2\xe2\
\x37\xb7\x8f\x54\x00\x30\xff\xc1\x0f\xbf\xfa\xef\x2d\xbd\xa5\xf5\
\x80\xcc\xc9\x64\x6e\x66\x31\x00\x32\xba\x0d\x00\x03\x20\x7f\x0c\
\x80\x98\xf2\xff\xc2\x1b\x9e\xff\x6e\x66\x9a\x6e\xa8\x1c\xb3\xec\
\x36\xf9\x50\x37\xed\x80\x1f\x7e\xf8\xe1\x87\x3f\x28\xfc\x1f\xbd\
\xb5\x43\xdc\xf2\xf6\x2e\xd1\xdb\x4f\x53\x3f\x84\xb2\xad\xa9\xcf\
\xf6\x84\x92\xff\xa2\xf9\x75\xcc\x7f\xf0\xc3\x9f\xe2\xef\x93\x39\
\x59\x36\xb7\x01\x60\x00\xe4\x87\x01\x60\x2d\xff\x1f\x13\x2e\xff\
\x2f\xaa\xa8\x5e\xeb\x86\xc3\xa6\x72\xcc\xec\xdf\x57\x39\x64\xaa\
\x12\xa1\xd8\x9f\x8f\x1e\xe0\x76\x47\x4e\x55\xf2\x03\x3f\xfc\xf0\
\xc3\x0f\xbf\xff\xf9\xbf\xbb\xbe\x47\x3c\xd1\xbc\x57\x0c\x0d\x51\
\xe6\x8f\x50\xae\xf4\x5f\x0f\xb4\x0f\x9f\x00\x30\xbf\x81\xf9\x0f\
\x7e\xf8\x53\xe4\x97\x39\x99\x65\x1b\xc0\x18\xdb\x36\x00\x0c\x00\
\x0c\x80\xb4\xf7\xff\x47\x95\xff\x8f\x1d\x3b\xf6\xa4\x92\x85\xcd\
\x5b\x52\x1a\x20\x9a\x7b\x6e\xb4\xbb\x7e\x6a\x96\xdc\xe8\xef\xc1\
\x49\x5e\xb2\x03\x3f\xfc\xf0\xc3\x0f\xbf\x3f\xf9\xcf\x5f\xd1\x26\
\xae\x7f\x69\x87\x68\xda\x49\x53\x3f\x84\xbc\xa0\x4f\xac\x6d\x36\
\x2b\x00\xea\x99\xff\xe0\x87\x3f\x45\x7e\x99\x93\xc9\xdc\x4c\xb1\
\x0d\x00\x03\x00\x03\x20\xed\xf2\xff\xd0\xf1\x7f\xe3\x7f\x77\xdb\
\xa5\xe9\x3a\x58\x4a\x87\xcb\x16\xea\xd7\x73\xd6\xc4\x43\xf7\xf7\
\xeb\x4e\x40\xf0\xc3\x0f\x3f\xfc\xf0\x7b\x8b\xff\x93\x77\x74\x89\
\xca\xcd\xbb\xc5\xde\x01\xca\xfc\x11\xf2\x92\xa6\x2c\xa8\x15\x85\
\x15\x35\xa2\xd0\x34\x00\x98\xff\xe0\x87\x3f\x35\x7e\x99\x9b\x59\
\x8e\x03\xcc\xe8\x36\x00\x0c\x80\xe0\x1b\x00\x87\x5b\x0c\x80\x91\
\xf2\xff\xc2\xe9\x6f\x4c\x4d\xdf\xc1\xd2\x3b\x46\xc3\xe9\x80\x53\
\x97\x0c\xe9\xee\xe1\x71\xb6\x27\x08\x7e\xf8\xe1\x87\x1f\xfe\xec\
\xf3\x97\x2d\x6e\x11\x3f\x7d\x7c\xab\x78\xa5\xb3\x9f\x2c\x0b\x21\
\x0f\x6a\x4b\xdf\x80\xd9\x00\xb0\x56\x14\x2f\x6c\x62\xfe\x83\x1f\
\x7e\x0d\x7e\x99\x9b\xd9\xb6\x01\xbc\x2b\x53\xdb\x00\x30\x00\x82\
\x6d\x00\xc4\x2d\xff\x37\xe2\xc4\xe2\xf9\xf5\x4f\x27\x76\xac\x9c\
\x1e\xab\xa1\x2a\xb9\xb1\xbf\xbe\x3d\x9c\x95\x0c\x39\x77\xec\xe0\
\x87\x1f\x7e\xf8\xe1\xf7\x0a\xff\x7b\x56\xb5\x8b\xe9\x1b\x7a\x45\
\xd7\x9e\x83\x64\x58\x08\x79\x58\xaf\x77\xed\x33\x8f\x00\xac\x09\
\x19\x00\xcc\x7f\xf0\xc3\x9f\x3a\xbf\xcc\xcd\x64\x8e\x96\x8d\x6d\
\x00\x18\x00\xc1\x34\x00\xe2\x1d\xff\x37\x52\xfe\x7f\xd2\xbb\x3f\
\x7d\x66\xc9\xe2\xd6\x7d\xe9\x9e\xd3\x99\xed\x12\x1b\xfd\x3d\x3d\
\xaa\x3d\x3a\xce\xce\x29\x85\x1f\x7e\xf8\xe1\x87\x3f\xf3\xfc\x5f\
\xba\xb7\x5b\xdc\x53\xd7\x27\x0e\x0c\xd2\xd4\x0f\x21\x3f\xe8\x9e\
\x9a\x5d\xa6\x01\x50\x1b\x33\xa6\x99\xff\xe0\x87\x5f\xc1\x6f\xe4\
\x66\x32\x47\xb3\x6d\x03\xc8\xc8\x71\x80\x18\x00\xc1\x37\x00\xac\
\xe5\xff\xa1\xe3\xff\x26\x4e\x7d\xec\x4b\xc9\x1c\x2f\xfd\x01\xa5\
\xd7\x64\xc3\xfd\x3d\x3d\x8a\x12\x20\x4d\xc7\x0f\x7e\xf8\xe1\x87\
\x1f\xfe\xdc\xf0\x4f\x5e\xd2\x22\x7e\xf3\xf4\x36\xf1\xf6\x96\xfd\
\x64\x53\x08\xf9\x4c\x73\x36\x6c\x1b\xde\x02\x50\x51\xc3\xfc\x07\
\x3f\xfc\x69\xf0\x4f\xbc\xf6\xb1\x2f\x59\x8e\x03\x1c\x93\xa9\x3e\
\x00\x18\x00\xc1\x36\x00\xac\xc7\xff\x1d\x65\xee\x29\x39\xb1\x68\
\xd6\xbf\xe6\x38\xe9\xaa\xe9\xdc\xd1\xd3\xdc\x63\xa3\x39\xa0\x9c\
\x4e\x18\xf0\xc3\x0f\x3f\xfc\xf0\x67\x97\xff\x43\x95\x1d\x62\xde\
\x9b\x3b\xc5\xb6\x7d\x94\xf9\x23\xe4\x57\xfd\xf6\x89\xae\xe1\x0a\
\x80\x79\xb5\xcc\x7f\xf0\xc3\x9f\x06\xbf\xcc\xd1\xcc\x6d\x00\x63\
\x2d\xdb\x00\x5c\xef\x03\x80\x01\x10\x3c\x03\xe0\xd0\x04\xfb\xff\
\x8f\x36\xf7\x94\x9c\x54\xbc\xa0\xf1\x5f\xc9\x06\x8c\x2a\x74\xbb\
\x5a\x3a\x1f\xc0\xce\x5e\x4f\xf7\xf7\xc1\x0f\x3f\xfc\xf0\xc3\x9f\
\x1d\xfe\xff\xbc\xbf\x5b\x3c\xdc\xb8\x57\x1c\xa4\xcc\x1f\x21\xdf\
\xeb\x6b\xf7\xb4\x86\x56\xff\x87\x8f\x00\x64\xfe\x83\x1f\x7e\x6d\
\x7e\x23\x47\x93\xb9\x9a\x99\xb3\x1d\x9d\xa0\x0f\xc0\xa1\x18\x00\
\x18\x00\xa9\x1e\xff\x17\x2a\xff\x1f\xf7\xb5\xa9\x93\x4b\x16\xb7\
\x0d\x95\xe8\x38\x52\xe1\xe7\xca\x47\xeb\xd7\xae\x1d\xeb\xe1\x6c\
\xcf\x8e\xf2\xf5\x16\x59\x1e\xe3\xfc\xfd\xf0\xc3\x0f\x3f\xfc\xf0\
\x67\x8f\xff\x9c\x65\x6d\xe2\x4f\xcf\x6e\x13\xd5\xdb\x0f\x90\x31\
\x21\x14\x20\x7d\x70\x45\xc3\xb0\x01\xb0\xa0\x81\xf9\x0f\x7e\xf8\
\xd3\xe1\x5f\xdc\x3a\x24\x73\x35\xcb\x36\x80\x8c\x1c\x07\x88\x01\
\x10\x5c\x03\x20\xfe\xf1\x7f\x37\xbc\x78\xb5\xd2\x71\xb3\x3c\x96\
\xd8\xfe\x2d\xa5\x12\x1b\xdb\x80\xb1\xff\xbc\xfe\xf3\x15\x8e\x9a\
\xed\xef\x8d\x1d\xe0\x9a\x4d\x3d\xe0\x87\x1f\x7e\xf8\xe1\x77\x9d\
\xff\xa3\xb7\x76\x88\x25\xef\xec\x12\xbb\xf6\x0f\x92\x29\x21\x14\
\x30\x1d\x38\x38\x24\x8a\xc3\x47\x00\xce\x6f\x60\xfe\x83\x1f\xfe\
\x34\xf9\x27\xfc\xfd\xb9\xab\x33\x7d\x1c\x20\x06\x40\x30\x0d\x80\
\xc4\xc7\xff\xcd\xd9\x5c\xa9\xba\x00\x75\x07\x90\x6a\x00\xea\x76\
\xf9\xd4\xdd\xd3\xa3\x5b\xd2\x03\x3f\xfc\xf0\xc3\x0f\x7f\xf6\xf8\
\xbf\xbb\x7e\x8b\x78\xa2\x79\xaf\x18\x1a\xa2\xcc\x1f\xa1\xa0\xaa\
\x61\xc7\xfe\xe1\xfd\xff\x15\xc3\x47\x00\x32\xff\xc1\x0f\x7f\x9a\
\xfc\x46\xae\x96\xe9\xe3\x00\x31\x00\x82\x65\x00\x24\x3d\xfe\xcf\
\x88\x93\x4b\x17\x35\xb7\xd9\x1d\x34\xb7\xf7\xdc\x68\xbf\x9e\xca\
\xc1\x8b\x19\xa0\x96\xc7\x94\x4a\x76\xa2\x9f\x0f\x3f\xfc\xf0\xc3\
\x0f\x7f\x66\xf9\xcf\x5b\xd6\x2a\xae\x79\x61\xbb\x68\xec\xa5\xcc\
\x1f\xa1\x7c\xd0\x53\xcd\x7b\x42\xc9\x7f\x68\x0b\xc0\xc2\x66\xe6\
\x7f\xf8\xe1\x4f\x93\xbf\x74\x51\x4b\x9b\xcc\xd9\x32\x79\x1c\x20\
\x06\x40\x70\x0d\x80\x98\xe3\xff\xc6\xfd\xf7\x9c\x0b\xd3\x19\x70\
\x31\x25\x2c\xda\x03\x56\xef\xf5\xdd\x2e\xc9\xd1\x75\xec\xe0\x87\
\x1f\x7e\xf8\xe1\x4f\x8f\xff\x13\xb7\x75\x88\x95\x1b\x77\x8b\x3d\
\x07\x28\xf3\x47\x28\x9f\xb4\xf2\x9d\xde\x61\x03\x60\x6e\x6d\x64\
\x8e\x60\xfe\x87\x1f\xfe\xb4\xf8\x65\xce\x96\xc9\xe3\x00\x31\x00\
\x82\x69\x00\xc4\x3f\xfe\xef\xc6\x17\x7f\xea\xc6\x31\x16\xfa\x25\
\x37\x7a\x8e\x9a\xe3\x73\x35\x1d\x96\xe4\xc0\x0f\x3f\xfc\xf0\xc3\
\x9f\x3a\xbf\x7c\xfd\x1f\x3c\xdc\x23\x9e\x6b\xdb\x47\x16\x84\x50\
\x9e\xea\xba\xe7\x7a\x46\x2a\x00\x98\xff\xe1\x87\xdf\x19\xbf\xcc\
\xd9\x32\x79\x1c\x20\x06\x40\xf0\x0c\x80\x44\xfb\xff\x4f\x2a\x9c\
\xbd\x79\x4d\x2a\x8e\x9a\xd3\x92\x1d\xed\x01\xa6\xfc\x7b\xf4\xf6\
\xec\x38\x6d\xf2\x01\x3f\xfc\xf0\xc3\x0f\xbf\x9a\xff\x82\xe5\xad\
\xe2\xef\x2f\xef\x10\xad\xbb\x06\xc8\x7e\x10\xca\x73\xfd\xf7\x43\
\x1d\xe6\x11\x80\x75\xcc\xff\xf0\xc3\xef\x90\x5f\xe6\x6c\x96\xe3\
\x00\x5d\xef\x03\x80\x01\x10\x1c\x03\xc0\x5e\xfe\x1f\xb3\xff\xbf\
\x64\x41\x63\x63\x4a\x17\xac\xe6\x80\xd4\xfd\x79\xa7\x5d\x34\xb5\
\x07\xb4\xee\x80\x85\x1f\x7e\xf8\xe1\x87\x3f\x21\xff\x15\xb7\x77\
\x8a\xca\xcd\xbb\xc5\xbe\x01\x9a\xfa\x21\x84\x86\xf5\xef\x6b\x9b\
\x86\x2b\x00\xe6\xd5\x33\xff\xc3\x0f\xbf\x43\xfe\xd2\x85\x4d\x0d\
\x09\xfa\x00\xb8\xb2\x0d\x00\x03\x20\xb8\x06\x80\x75\xff\xff\x09\
\xa7\x7d\xfd\x1f\xe7\xa6\x3a\x80\x74\x07\x88\xf6\xf3\x6d\xe1\x74\
\x80\xb9\xbd\xc7\x08\x7e\xf8\xe1\x87\x1f\xfe\xe8\xdf\x5f\x7a\x4b\
\x8b\xf8\xe1\xa3\x5b\xc4\x4b\x1d\x94\xf9\x23\x84\x62\x75\xd6\xc2\
\xba\xe1\x0a\x80\x05\x0d\xcc\xff\xf0\xc3\xef\x02\xbf\xcc\xdd\xcc\
\xe3\x00\x5d\xef\x03\x80\x01\x10\x2c\x03\xe0\xb0\x44\xfb\xff\x27\
\xfe\xed\xe9\xab\x4a\x16\xc9\x0b\x35\x3c\x48\x5a\xd3\x77\xc0\x32\
\xdd\x94\x43\x35\x40\x74\x7f\xff\xa2\xd6\x91\x47\xf8\xe1\x87\x1f\
\x7e\xf8\x53\xe7\xbf\x68\x45\x9b\xb8\xf1\x95\x1d\xa2\x7d\x37\x65\
\xfe\x08\xa1\xf8\xea\xe9\x1b\x88\x9c\x00\x30\xbf\x81\xf9\x1f\x7e\
\xf8\x5d\xe0\x97\xb9\x5b\x92\x3e\x00\x87\x61\x00\x60\x00\x24\xda\
\xff\x7f\x74\x78\xff\x7f\xd1\xec\x4d\xcb\x12\x5f\x70\xad\x96\xc7\
\xd6\xa8\x41\xe3\x86\x83\xa5\xec\xaa\xa9\x7d\xac\x86\x62\x4f\x90\
\xe6\x04\x02\x3f\xfc\xf0\xc3\x0f\x7f\x34\xff\xa7\xef\xec\x14\xeb\
\xaa\x76\x8b\x7e\xca\xfc\x11\x42\x0a\x6d\xe8\xd8\x3b\x72\x02\x40\
\xd1\x82\x46\xe6\x7f\xf8\xe1\x77\x81\x5f\xe6\x6e\x96\x3e\x00\x47\
\xbb\xd9\x07\x00\x03\x20\x18\x06\x40\xbc\xf2\xff\xd1\xe1\xe3\xff\
\xe4\x1e\x92\xe2\x05\x0d\xd5\xa9\x3a\x56\x4e\x1d\x2c\xd7\xf7\xec\
\x28\x07\x74\xb4\xc3\xa7\x1a\xc0\xf0\xc3\x0f\x3f\xfc\xf0\xc7\x46\
\xd9\x2d\x2d\xe2\x27\x8f\x6d\x11\xaf\x76\xf6\x93\xd1\x20\x84\x52\
\xd6\xed\x9b\x77\x46\x4e\x00\x58\xd8\xcc\xfc\x0f\x3f\xfc\x6e\xf0\
\x1b\xb9\x9b\xd9\x07\x20\x7c\x1c\xe0\x68\xb7\xb6\x01\x60\x00\x04\
\xd7\x00\x18\x63\x96\x8c\x9c\x70\xd2\xe7\xff\x77\x4a\x72\xc7\x2c\
\xda\x01\x8b\xfe\xb7\x34\xf6\xd0\x68\x3a\x6a\x4e\x1d\x34\xdd\x01\
\x0c\x3f\xfc\xf0\xc3\x0f\x7f\xe4\xef\xbd\x64\x65\x9b\xb8\xf9\xd5\
\x5e\xd1\xb9\xe7\x20\x99\x0c\x42\x48\x5b\xd3\x5e\xde\x6a\x1a\x00\
\xb5\x8e\x12\x32\xe6\x7f\xf8\xe1\x8f\xfe\x7b\x65\x0e\x67\xf6\x01\
\x18\xeb\x66\x1f\x00\x0c\x80\x60\x19\x00\x71\xf7\xff\x4f\xb8\xf6\
\xa9\xef\xea\x0c\x18\xa7\x4d\x32\x9c\x3a\x5e\xfa\x03\x2e\x79\xe8\
\x4e\x18\xf0\xc3\x0f\x3f\xfc\xf9\xc0\xff\xd9\xbb\x3a\xc5\xed\xd5\
\x7b\x44\xff\x41\xca\xfc\x11\x42\xe9\xeb\xe7\x8f\x74\x8e\x6c\x01\
\x60\xfe\x87\x1f\x7e\xf7\xf8\x65\x0e\x97\xa4\x0f\x00\x06\x00\x06\
\x40\xdc\xfd\xff\xf2\xe8\x88\x93\x8a\x67\xbc\x3d\xdf\x49\xc9\x8d\
\xd3\xa6\x1c\xba\x25\x3a\x4e\x4b\x7e\xdc\x2e\x39\x82\x1f\x7e\xf8\
\xe1\x0f\x0a\x7f\xf9\x2d\x2d\xe2\x67\x8f\x6f\x15\x1b\xba\x28\xf3\
\x47\x08\xb9\xa3\xff\xb8\xad\xd9\x3c\x02\xb0\x8e\xf9\x1f\x7e\xf8\
\x5d\xe4\x97\x39\x9c\xd9\x07\xe0\x38\x37\xfb\x00\x60\x00\xf8\xdf\
\x00\x50\xee\xff\x2f\x99\xd7\xf0\x8a\xce\x80\xd1\x75\xc4\xf4\x07\
\x84\xb3\x3d\x39\xfa\x7f\x8f\xde\x84\x01\x3f\xfc\xf0\xc3\x1f\x34\
\xfe\x4b\x56\xb6\x8b\x69\x1b\x7a\x45\x17\x65\xfe\x08\x21\x97\x75\
\xc1\x62\xf3\x08\xc0\x79\xf5\xcc\xff\xf0\xc3\xef\x26\xff\xbc\xfa\
\x57\x32\xd1\x07\x00\x03\x20\x98\x06\xc0\xc8\xfe\xff\xa3\x26\x5d\
\x30\xae\xf8\x96\x96\x7d\x7a\x8e\x97\xc3\x3d\x2c\x2a\x47\x6b\x61\
\xe4\xd1\xfa\x75\xaa\x7f\x8f\x6a\x8f\x8e\x73\xc7\x0f\x7e\xf8\xe1\
\x87\x3f\x18\xfc\x9f\xbb\xab\x53\xdc\x59\xb3\x47\xec\xa7\xcc\x1f\
\x21\x94\x01\xed\xec\x3f\x18\x39\x02\x70\x41\x03\xf3\x3f\xfc\xf0\
\xbb\xc9\x6f\xe4\x70\x32\x97\x73\xbb\x0f\x00\x06\x40\x70\x0c\x80\
\xf8\xfb\xff\x7f\x73\xdb\x27\x9c\x36\xb5\xb0\x5f\xb0\xc5\x8b\x2c\
\x8f\x19\x28\xc9\x71\xfe\x7c\xdb\xb9\x9f\xf0\xc3\x0f\x3f\xfc\x79\
\xc4\x2f\xcb\xfc\x7f\xfe\xf8\x56\xf1\x7a\x37\x65\xfe\x08\xa1\xcc\
\xea\x9d\x9e\x7d\xa1\xe6\x7f\x32\x42\x47\x00\x32\xff\xc3\x0f\xbf\
\xab\xfc\x32\x97\x73\xbb\x0f\x00\x06\x40\x30\x0c\x80\x84\xfb\xff\
\x0b\x6e\x7c\xf9\x0f\x51\x17\x6d\x1c\xc7\xc9\xf9\x31\x1c\xce\xf6\
\xf0\xc4\x0c\x50\xe5\x80\xd3\x2c\xa1\x81\x1f\x7e\xf8\xe1\xcf\x03\
\xfe\x4b\x56\xb5\x89\xe9\x1b\x7a\x45\x77\x1f\x65\xfe\x08\xa1\xec\
\xe8\xbe\xda\x5d\x96\x23\x00\x9b\x98\xff\xe1\x87\xdf\x65\x7e\x99\
\xcb\xb9\xdd\x07\x00\x03\xc0\xdf\x06\x80\x72\xff\x7f\xe1\xec\xcd\
\x77\x38\x76\xdc\x14\x25\x2b\x31\xaf\xe7\xb9\x01\x07\x3f\xfc\xf0\
\xc3\x1f\x5c\xfe\xff\xb8\xab\x4b\xdc\x45\x99\x3f\x42\x28\x07\x9a\
\xfd\xea\x36\xcb\x16\x80\x66\xe6\x7f\xf8\xe1\x77\x99\x5f\xe6\x72\
\x6e\xf7\x01\xc0\x00\x08\x9e\x01\x30\xb2\xff\xdf\x88\x53\x4b\x17\
\x36\x35\xa8\xf7\x9c\x24\xdf\xf3\xa2\x7b\x0c\x87\xf6\x00\xb4\x0d\
\x18\xbb\xe3\xa7\x72\xf4\x94\x0e\x21\xfc\xf0\xc3\x0f\x7f\xc0\xf8\
\xcb\x8d\xf8\x05\x65\xfe\x08\xa1\x1c\xeb\x57\x8f\x75\x46\x0c\x00\
\xe6\x7f\xf8\xe1\x77\x9f\xdf\xc8\xe5\x64\x4e\xe7\x66\x1f\x00\x0c\
\x80\x60\x18\x00\x71\xf7\xff\x9f\xf4\xf9\x5f\x4c\x49\xa7\x09\x85\
\x53\xc7\xcb\xf9\x80\xd4\x1c\x50\xba\xaf\x07\x3f\xfc\xf0\xc3\xef\
\x53\xfe\xf7\x50\xe6\x8f\x10\xf2\x90\xbe\x74\x47\x8b\x28\x9c\x53\
\x23\x0a\xe7\xd6\x31\xff\xc3\x0f\x7f\x86\xf8\x4f\xfa\xcc\x4f\x26\
\xbb\xd9\x07\x00\x03\xc0\xff\x06\x80\x7d\xff\xbf\xbc\x28\x8e\x95\
\x7b\x45\xc6\xff\xf5\xb1\xaf\xa7\xb3\x87\x26\xe3\x03\xd6\xe5\xdf\
\xa7\x1a\xe0\xf0\xc3\x0f\x3f\xfc\x7e\xe7\x97\x65\xfe\x74\xf3\x47\
\x08\x79\x4d\x17\x2f\xa9\x8f\x39\x02\x90\xf9\x1f\x7e\xf8\xdd\xfd\
\x7d\x05\x46\x4e\x67\xf6\x01\x38\xd6\x62\x00\xa4\xdd\x07\x00\x03\
\x20\x18\x06\xc0\x28\xf3\x22\x18\x6d\x69\x00\x78\x72\xe1\xb4\x37\
\xa6\x15\x2f\x0c\xef\xc7\x6a\x4e\xbb\xcb\xa5\xe3\x3d\x32\xc6\xef\
\x0e\x3f\xa6\xf4\xf7\x38\x2e\x11\xb2\xfc\x0e\xf8\xe1\x87\x1f\x7e\
\x9f\xf2\xd3\xcd\x1f\x21\xe4\x65\xed\xd9\x3f\x38\x5c\xfe\x2f\x2b\
\x00\xe6\x35\x30\xff\xc3\x0f\x7f\x86\xf8\x0b\xa7\xbd\x39\xcd\xec\
\x03\x10\x6e\x04\x38\xda\xcc\xfd\x46\x61\x00\xe4\x97\x01\x90\x68\
\xff\xff\x31\xe6\x1e\x91\x53\x8a\xe7\xd5\x3c\x9d\x4e\x93\x0a\xb7\
\x1d\x35\xb7\x9b\x6c\xa8\xcf\xf1\x4c\xee\xc8\xc1\x0f\x3f\xfc\xf0\
\x7b\x99\xff\x92\x15\x6d\x62\x1a\x65\xfe\x08\x21\x8f\x6b\xe3\x96\
\xfe\xc8\x09\x00\xf3\x1b\x98\xff\xe1\x87\x3f\x43\xfc\x45\x46\x4e\
\x27\x73\x3b\x33\xc7\x3b\xc6\x69\x1f\x00\x0c\x00\xff\x1b\x00\xf1\
\xf6\xff\xcb\x8b\xe3\x34\xe3\x22\xda\x9e\x95\x3d\x31\xf6\x01\x62\
\x0b\xe5\xf3\x35\xf7\xcc\xc4\x38\x74\x76\x87\x50\xf1\xfb\xe1\x87\
\x1f\x7e\xf8\xbd\xc8\xff\xb9\xbb\x3a\xc5\x1d\x94\xf9\x23\x1f\x89\
\x6b\x35\xbf\xf5\x40\xf8\x08\xc0\x39\x35\xa2\x68\x7e\x23\xf3\x3f\
\xfc\xf0\x67\x8e\x7f\xbb\xcc\xed\x2c\x8d\x00\x1d\xf5\x01\xc0\x00\
\xf0\xb7\x01\x90\x70\xff\xff\x19\xdf\xbc\xe1\x62\xb7\x06\x9c\xd3\
\x63\x2f\xf4\x07\x9c\xad\x64\x66\x61\x8b\xe5\x51\xdf\x21\x84\x1f\
\x7e\xf8\xe1\xf7\x2a\xff\xa4\x5b\x5a\xc4\xcf\x1e\xdb\x2a\x5e\xeb\
\xa2\xcc\x1f\x79\x57\x3b\xf6\x1d\x14\xb7\x6d\xde\x29\xfe\xf4\x74\
\xb7\xf8\x8f\xdb\x9a\xc5\x7b\x96\xd6\x8b\xd2\x79\xc3\x89\x9f\xfc\
\xfa\x2b\x77\xb6\x8a\x8a\x0d\xdb\x44\xef\x3e\xaa\x56\xf2\x49\x73\
\x37\x6c\x8b\x18\x00\x0b\x9a\x99\xff\xe1\x87\x3f\x83\xfc\x32\xb7\
\x73\xab\x0f\x00\x06\x40\x70\x0c\x80\xa8\xfd\xff\x13\xfe\xfa\xe8\
\x77\xc3\x17\x90\xf5\xa2\x4a\xc5\xb1\x52\x0f\x90\xe8\x0b\x54\xfd\
\xfa\xd6\x8b\x38\x76\x0f\x8c\xdb\x5d\x34\xf5\xff\x3e\xf8\xe1\x87\
\x1f\xfe\xec\xf2\x5f\xb2\xb2\x4d\xdc\xfc\x6a\xaf\xe8\xda\x43\xc2\
\x84\xbc\xab\x5d\xfb\x0f\x8a\x1b\x5f\xdc\x22\xce\x5a\x50\x6b\x26\
\x7a\xd5\x91\x47\xeb\xd7\x66\x19\xf8\x25\x4b\xea\xc5\xcb\xed\x7b\
\xf9\x1f\x97\x27\xfa\xdf\x27\xba\x46\xde\xff\x62\xe6\x7f\xf8\xe1\
\xcf\x28\xbf\xcc\xed\x12\xf4\x01\xc0\x00\xc8\x43\x03\x20\xbc\xff\
\x7f\xb4\xb9\x27\xe4\x78\xb9\x47\xa4\xe8\xe6\x37\x6f\x76\x6b\x4f\
\x8d\x6e\x89\x8b\xdb\x25\x36\xba\x7f\x8f\xb2\x04\x07\x7e\xf8\xe1\
\x87\x3f\x47\xfc\x9f\xbd\xb3\x53\xdc\x5e\xbd\x47\xf4\x53\x3a\x8d\
\x3c\xac\xc1\xa1\x21\xb1\xfa\x5f\xbd\xe2\xc2\x5b\xea\x23\x4d\xde\
\xe2\x45\x85\xe5\xd1\x8c\xb3\x17\xd6\x8a\xcd\x5b\xa9\x68\xc9\x07\
\x7d\xf9\xce\xe1\x23\x00\x8b\xe6\xd6\x32\xff\xc3\x0f\x7f\x86\xf9\
\x65\x6e\x67\xf6\x01\x38\xde\xcc\xf9\x46\xc7\xe9\x03\x80\x01\x10\
\x60\x03\x20\x51\x03\xc0\xf0\xfe\xff\x53\x8b\x2a\xaa\x1f\x49\xd9\
\x91\xb2\x95\x98\xa8\x1c\x2b\x65\x89\x8d\xed\xe7\x55\x0e\x99\x7a\
\x4f\x8d\xe2\xf5\x74\x4b\x80\xe0\x87\x1f\x7e\xf8\xb3\xc8\x5f\xb6\
\xa8\x59\xfc\xf4\xb1\x2d\x62\x43\x27\x49\x11\xf2\xbe\x5e\xef\xdc\
\x2b\x3e\xb5\xb6\x29\xee\x0a\x7f\x4c\x58\x4d\x80\x39\xe1\xca\x80\
\x1a\xf1\xa5\x3b\x9a\xf9\x1f\x99\x07\xba\xc4\x3c\x02\xb0\x70\x6e\
\x1d\xf3\x3f\xfc\xf0\x67\x98\xbf\xd8\xc8\xed\x64\x8e\x67\xe9\x03\
\x90\x76\x23\x40\x0c\x00\x7f\x1b\x00\xf1\x1a\x00\x9e\x18\x6a\x00\
\xb8\xa0\xb1\xc3\x2d\xc7\x29\xd3\x4d\x33\x9c\xee\xb1\xd1\xde\x33\
\x04\x3f\xfc\xf0\xc3\x9f\x05\xfe\x8b\x96\xb7\x89\x9b\x5e\xd9\x21\
\x3a\x76\x0f\x90\x29\x20\xcf\x6b\xdb\xde\x83\xe2\x37\x8f\x77\x25\
\x4e\xf6\xe3\x25\xfc\xf6\x0a\x00\xcb\xbf\xd5\x6d\xdf\xcf\xff\xd4\
\x00\xcb\x7a\x04\x60\xd1\xbc\x7a\xe6\x7f\xf8\xe1\xcf\x34\xff\x82\
\xa6\x0e\xb3\x11\xe0\x89\x4e\x1b\x01\x62\x00\xf8\xd7\x00\x48\xd8\
\x00\xf0\xc4\xcf\xfd\xf4\x2c\x47\x7b\x60\x14\x0e\x99\xee\x00\xd4\
\xee\x8a\xa9\x74\xe8\x54\xaf\xe7\x70\x0f\x10\xfc\xf0\xc3\x0f\xbf\
\x03\xfe\x4f\xdd\xd1\x21\xd6\x55\xed\x16\xfd\x03\x94\xf9\x23\xef\
\x6b\x68\x68\x48\x54\x6e\xec\x15\xe7\x2f\xaa\x1b\x59\xc1\x1f\xd9\
\xe3\x6f\x59\xd5\x8f\x9f\xf0\xdb\x7a\x02\x58\x9e\xbf\xf8\xcd\xed\
\xfc\xcf\x0d\xb0\x42\x47\x00\x86\xdf\xff\x79\x75\xcc\xff\xf0\xc3\
\x9f\x05\x7e\x99\xe3\xb9\xd1\x08\x10\x03\x20\x18\x06\x40\x74\x03\
\xc0\x3f\x3e\xf8\x15\x27\x17\xa0\xfe\xf7\x75\x1d\x38\xbd\xe7\xab\
\x1d\x39\x77\x07\x20\xfc\xf0\xc3\x0f\xbf\x2e\x7f\xe9\xa2\x66\xf1\
\xc3\x47\x7a\xc4\x2b\x1d\x94\xf9\x23\xff\xa8\x7a\x6b\xbf\xf8\xe2\
\x1d\x2d\x29\xad\xe8\xeb\x1a\x00\x57\x3d\xd8\xce\xff\xe0\x00\xeb\
\x7e\x79\x04\xa0\xf9\xfe\x17\xcd\x6f\xe0\xf3\x0f\x7e\xf8\xb3\xc0\
\x2f\x73\x3c\x37\x1a\x01\x62\x00\xf8\xdb\x00\xb0\xee\xff\x8f\x34\
\x00\xfc\xe7\xab\xd7\xe9\x35\xd1\xd0\xdc\x13\xa3\x59\x62\xa3\xbb\
\x27\xc6\x69\xe8\x37\x11\x81\x1f\x7e\xf8\xe1\x4f\x8f\xff\xc2\x15\
\x6d\xe2\x86\x97\x77\x88\x76\xca\xfc\x91\x8f\xb4\x6f\x60\x50\xdc\
\xf0\xc2\x16\x51\x3a\x57\xb1\xe2\xaf\x5d\x11\x10\x79\x94\x47\x03\
\xa2\xe0\x6a\xce\xab\x91\x23\x00\x8b\x17\x34\xf1\xf9\x07\x3f\xfc\
\x59\xe0\x2f\x30\x72\x3c\x5b\x23\xc0\x31\xe9\x34\x02\xc4\x00\xf0\
\x9f\x01\xa0\x6e\x00\x38\x6b\xd3\xdd\xd1\x17\x6c\x74\xe8\x36\xa5\
\xd0\x75\xdc\x9c\x77\xf9\xb4\xbf\xbe\xde\xdf\x1f\x3b\x60\xe1\x87\
\x1f\x7e\xf8\xdd\xe5\xbf\xe2\xb6\x0e\xb1\x76\xf3\xee\x50\x22\x85\
\x90\x9f\xf4\x4c\xcb\x1e\xf1\xe1\x95\x8d\xa9\xad\xf0\xc7\xf4\x00\
\x48\xbc\xe2\x6f\xff\xf9\x4f\xdd\x4a\x23\xc0\x20\xeb\x57\x8f\x75\
\x8e\xbc\xff\x45\x0b\x9a\xf9\xfc\x83\x1f\xfe\x2c\xf0\xcb\x1c\xcf\
\x8d\x46\x80\x18\x00\xfe\x35\x00\xec\x0d\x00\x8f\x1d\x69\x00\x38\
\xbf\xb1\xce\x89\xa3\x56\x62\x79\x2c\x31\x2f\xee\x12\x2d\x07\x2b\
\xb3\x8e\x9a\xfd\xef\x0b\x3d\x6f\x61\x8b\x6b\x8e\x22\xfc\xf0\xc3\
\x0f\x7f\x3c\x7e\x59\xe6\x7f\xf5\x23\x5b\xc4\x8b\xed\xfb\xb8\xfb\
\x47\xbe\x93\x6c\xf2\xf7\x8b\x47\x3a\x13\x1f\xe9\x17\x37\x6c\x15\
\x00\xf6\x53\x01\x12\x9c\x02\x20\x1f\xbf\x72\x67\x0b\xff\xd3\x03\
\xac\x91\xad\x23\xc6\xfb\xcf\xe7\x1f\xfc\xf0\x67\x89\xdf\xc8\xf1\
\x2c\x8d\x00\x8f\x4d\xb7\x11\x20\x06\x80\x3f\x0d\x80\x84\x0d\x00\
\x8f\x3f\xff\xd2\xc2\x92\x45\xad\x83\x6e\x76\xc9\xd4\x3e\x67\xd3\
\xe9\x31\x17\x8a\x3d\x3c\x6e\x37\xe9\x80\x1f\x7e\xf8\xe1\x4f\xc6\
\x7f\xfe\xb2\x56\xf1\xb7\x17\x77\x88\xd6\x5d\x94\xf9\x23\x7f\xea\
\xf6\xcd\xb2\xc9\x5f\xad\x56\x09\x7f\x4a\x91\xe4\xe7\xff\xf9\xe2\
\x16\xfe\xc7\x07\x58\x17\x2d\x0e\x1f\x01\x58\xcb\xe7\x1f\xfc\xf0\
\x67\x8d\xbf\x75\x50\xe6\x7a\x4e\x1b\x01\x62\x00\xf8\xdf\x00\x88\
\x6a\x00\x38\xee\xa7\xcb\x3e\xa1\x3b\x20\x62\x1d\x2d\xdd\x2e\x9a\
\x8a\x92\x1b\x8b\x8b\x96\x8a\xa3\x16\xe5\xea\xd9\x5c\xb9\x4c\x34\
\xe1\x80\x1f\x7e\xf8\xe1\x8f\xf7\xfd\x4f\xac\x6b\x17\x6b\x36\xed\
\x16\x7b\x29\xf3\x47\x3e\x55\x73\xef\x01\xf1\x8d\xbb\xdb\x12\x97\
\xf0\xc7\xac\xe8\xab\xbe\x9f\x78\xc5\xdf\x1a\x67\x2f\xa8\x11\x3d\
\x7b\x30\xcc\x82\xaa\x5d\xfb\x0f\x46\xde\xf7\xb9\xf5\x7c\xfe\xc1\
\x0f\x7f\x16\xf9\x65\xae\xe7\xb4\x11\x20\x06\x80\x7f\x0d\x80\xb8\
\x0d\x00\x0b\xae\x7b\xf2\x27\xca\x01\x11\x53\xe2\x62\xbb\xc0\x14\
\x25\x30\xda\xaf\xa7\xed\xb0\xd9\x9a\x66\xc4\x0c\x20\x87\x13\x02\
\xfc\xf0\xc3\x0f\x7f\x82\xd7\x2b\x35\xe2\xfb\xeb\x7b\xc4\x73\x6d\
\x94\xf9\x23\xff\xea\xe0\xe0\x90\x58\xf8\xfa\x36\x31\x79\x7e\xad\
\xad\xa9\x5f\x8d\xb3\x2d\x00\x31\x4d\x02\xe3\xc7\xad\x1b\x7b\x79\
\x13\x02\xac\xb7\xba\xf7\x45\xde\xef\xf9\x0d\x7c\xfe\xc1\x0f\x7f\
\x16\xf9\x0b\xae\x79\xf2\x27\x4e\x1b\x01\x62\x00\xf8\xcb\x00\x50\
\x36\x00\x2c\xb8\xf9\xf5\xd9\xee\x9f\x63\xa9\xba\x20\x93\x0f\x10\
\xb7\xbb\x68\xc6\x86\xd3\xdf\x07\x3f\xfc\xf0\xe7\x3b\xff\xbb\x97\
\xb6\x88\x6b\x5f\xd8\x2e\x9a\x76\xb2\x6a\x89\xfc\xad\x8d\x3d\xfd\
\xe2\xd3\xb7\x36\xa5\xd8\xb5\x5f\xd1\xd4\x6f\x8e\xfe\x29\x01\x57\
\x73\xfc\x5f\xe0\x75\x77\xf5\xce\x91\xf7\xbd\x78\x7e\x23\x9f\x7f\
\xf0\xc3\x9f\x45\x7e\x23\xd7\x9b\xe5\xb4\x11\x20\x06\x80\x3f\x0d\
\x00\x7b\x03\xc0\xb1\xe1\x06\x80\x25\x73\xaa\xd6\xab\x4a\x48\x72\
\xbd\x87\x46\xd9\x64\x43\xe1\xf8\x29\x8f\xfd\x80\x1f\x7e\xf8\xe1\
\x4f\x91\xff\x63\xb7\x76\x88\x15\xff\xda\x25\xf6\x1c\xa0\xcc\x1f\
\xf9\x5b\xfd\x03\x83\xe2\x1f\x2f\x6c\x11\x25\x73\x1d\xac\xe8\xeb\
\x1a\x04\xb6\xe7\x5f\xbe\xa6\x89\xb1\x94\x07\x9a\xfe\xf2\xd6\x91\
\xf7\xbd\x68\x7e\x13\x9f\x7f\xf0\xc3\x9f\x45\xfe\x22\x23\xd7\xb3\
\x34\x02\x1c\x9b\x4e\x23\x40\x0c\x00\xff\x19\x00\x09\x1b\x00\x1a\
\x71\x7a\xf1\xfc\x86\x06\xd5\x1e\x94\xd8\xae\x99\x6e\x3b\x60\x7a\
\x7b\x60\xd4\x25\x35\xba\x0e\x1b\xfc\xf0\xc3\x0f\x7f\x72\xfe\xef\
\x3e\xd4\x23\x9e\x6a\xd9\x2b\x86\x86\x86\xb8\x9b\x47\xbe\xd7\x4b\
\x6d\x7d\xe2\xa3\x2b\x1b\x62\xf6\xe2\x67\xb3\x02\xe0\xbc\x45\xb5\
\xa2\x71\xc7\x7e\xde\x8c\x3c\xd0\xcf\x1e\x8e\x1c\x01\x58\xbc\xa0\
\x99\xcf\x3f\xf8\xe1\xcf\x26\xff\xfc\xc6\x06\x99\xf3\x39\x69\x04\
\x88\x01\xe0\x6f\x03\x20\xaa\x01\xe0\xf1\x93\x2f\x2d\x2c\x5e\xd4\
\x7a\x50\xbb\x6b\xa6\xf6\x9e\x98\xe4\x8e\x9a\x6e\xd3\x0c\xe7\x03\
\x2a\xb9\x43\x08\x3f\xfc\xf0\xc3\x2f\x1f\xcf\x59\xd2\x22\xfe\xef\
\xb9\xed\xa2\x61\xc7\x01\xee\xe0\x51\x20\x24\x9b\xb1\xfd\xe1\xc9\
\x6e\xd7\xf7\xf0\xeb\xf6\x08\x28\x9b\x5b\x2d\x5e\x6c\xeb\xe3\x0d\
\xc9\x13\x7d\xe6\xd6\xe6\x88\x01\xc0\xe7\x1f\xfc\xf0\x67\x97\xdf\
\xc8\xf5\x64\xce\xe7\xa4\x11\x20\x06\x80\x3f\x0d\x80\xf0\xfe\xff\
\xd1\xd6\x06\x80\xe3\x7e\xba\xe4\xe3\x6e\x38\x66\xce\x1d\x39\xbd\
\x01\xe8\xf8\x5c\x4e\xc7\x7b\x72\xe0\x87\x1f\xfe\x20\xf3\x5f\x5a\
\xd9\x2e\x16\xbf\xbd\xcb\x48\x96\x28\x4d\x46\xc1\xd1\xa3\x0d\xbb\
\xc5\x7b\x97\xd6\x3b\xdc\xb3\xaf\xa8\x18\x48\xd1\x50\xb8\xab\x6a\
\x27\x6f\x48\x1e\xe9\xdc\x85\x66\x73\xc9\xb9\xb5\x7c\xfe\xc1\x0f\
\x7f\x0e\xf8\x65\xce\x67\x6b\x04\x38\x5a\xa7\x11\x20\x06\x80\x7f\
\x0c\x00\x65\x03\xc0\x09\xd7\x3c\xf1\xa3\x6c\x38\x5c\xca\x12\x1b\
\x5b\xe8\x0e\x58\xaf\x3b\x7c\xf0\xc3\x0f\xbf\x3f\xf8\xbf\x71\x7f\
\xb7\x78\xbc\x69\xaf\x18\xa4\xcc\x1f\x05\x48\x5b\xf7\x0e\x88\x9f\
\x3e\xdc\x91\xd5\x15\xfe\x64\x86\xc1\xec\x57\xb7\xf2\xa6\xe4\x91\
\xb6\xf4\x0d\x8c\xbc\xff\x45\xe6\x11\x80\x7c\xfe\xc1\x0f\x7f\x76\
\xf9\x65\xce\xe7\xa4\x11\x20\x06\x80\xff\x0c\x80\x84\x0d\x00\x0b\
\x6f\x7e\x7d\x66\x4a\x8e\xd5\x02\xcb\xe3\x02\xdb\xbf\xa5\xe5\x88\
\xe9\x35\xd9\xd0\x2e\x81\xb1\xfd\xbd\xa1\xef\x2d\x68\x4e\xff\x18\
\x0f\xf8\xe1\x87\x3f\xb0\xfc\x67\x2f\x6e\x15\x7f\x7c\x66\x9b\xa8\
\xd9\x4e\x99\x3f\x0a\x9e\x64\xf7\xf5\x0b\x6e\xa9\x75\x31\x81\x57\
\x45\xb8\x4f\x40\xed\xf0\x79\xef\xf3\x1a\x42\x4d\xdf\x86\xc7\x65\
\x8b\x98\xfa\xfc\x76\xde\x94\x3c\xd3\x2b\xed\x7b\x63\x8e\x00\xe4\
\xf3\x0f\x7e\xf8\xb3\xcb\x5f\x64\xe4\x7c\x4e\x1a\x01\x62\x00\xf8\
\xd3\x00\x88\xdb\x00\xb0\x68\xce\xe6\x87\x52\x3b\x26\x23\x79\x89\
\x49\xac\x83\xe5\xf6\x05\xae\x72\xf4\x74\xcf\xc5\x4c\xbe\x67\x06\
\x7e\xf8\xe1\x0f\x3e\xff\x87\xd6\xb4\x89\x05\x6f\xee\x14\xbd\xfd\
\x94\xf9\xa3\xe0\xa9\x63\xf7\x01\xf1\xdd\xfb\xda\x32\x50\xd2\xaf\
\x8e\xa2\x79\xf5\xa2\x28\xce\x78\xfc\xf9\xe3\x5b\x68\xa2\x99\x87\
\x5a\xb7\xa9\x37\x52\x01\x30\x72\x04\x20\x9f\x7f\xf0\xc3\x9f\x4d\
\xfe\xa2\x39\x55\x0f\x29\x1a\x01\x62\x00\x04\xc8\x00\xb0\x9f\x00\
\x30\xd2\x00\xd0\x88\x33\x8a\xe7\x37\xd4\xb8\x33\x60\x92\x47\xcc\
\xeb\x59\x5c\xa9\xf0\xaa\xc0\xc8\xa3\x0b\x8e\x97\xea\xf5\xdc\xee\
\xda\x09\x3f\xfc\xf0\xfb\x87\xff\xab\xf7\x76\x8b\x87\x1a\xfa\xc4\
\xc1\x41\x12\x11\x14\x3c\xc9\x04\x7b\xd5\x3b\x3b\xc4\x39\x0b\xea\
\xd2\xdc\xe3\xaf\x6b\x18\x58\x42\x26\xfe\x0b\x9a\xe2\x8e\xff\xef\
\x3c\xd8\x23\x0e\x30\xe6\xf2\x52\xff\x78\xa1\xc7\x62\x0e\x35\xf2\
\xf9\x07\x3f\xfc\xb9\xe0\x9f\x5f\x5f\x23\x73\x3f\x5b\x23\xc0\x94\
\x4f\x02\xc0\x00\xf0\xaf\x01\x10\x3e\x01\x40\x36\x7f\x38\x79\xcc\
\x49\x27\x9d\x59\xb2\xa0\xb9\x3f\xbd\x0b\x50\x77\x4f\x8c\xc3\x3d\
\x38\x8a\x01\xa3\xed\xc8\x59\x5f\x03\x7e\xf8\xe1\x0f\x3c\xff\x94\
\xc5\x2d\xe2\x7f\x9f\xda\x26\x36\x6d\xe5\xc8\x31\x14\x5c\x35\xf5\
\xee\x17\x5f\xb9\xb3\x55\xb3\xc4\x5f\xd7\x10\x88\x13\x73\xeb\x22\
\xe3\x34\xce\xf8\xbf\xf2\x9e\x2e\xb1\x77\x80\x4a\x9b\x7c\xd5\x55\
\x0f\xb6\x47\x0c\x80\x90\x41\xc4\xe7\x1f\xfc\xf0\x67\x9b\xdf\x78\
\xec\x97\xb9\x9f\x69\x00\x1c\xaf\x7b\x12\x00\x06\x80\xff\x0c\x00\
\x6b\x03\xc0\x91\x13\x00\x4e\xfa\xfa\x35\x97\xa4\x7e\x01\x69\x3a\
\x4e\x31\x03\x2c\x7a\xcf\x8c\xfb\x8e\x9e\xaa\x84\x47\x6f\xc0\xc1\
\x0f\x3f\xfc\xc1\xe0\x7f\xff\xaa\x76\x51\xf1\x7a\xaf\xd8\xb6\xef\
\x20\x77\xe1\x28\xb0\x92\x4d\x2b\x17\xbd\xb1\x5d\x4c\x9e\x5f\xe3\
\x4e\x42\x9f\x72\x4f\x80\x9a\x50\x49\x77\x51\x92\xf1\xff\x99\x3b\
\x3a\x38\x4d\x23\xcf\x75\xf9\x9a\xc6\x91\x6b\x86\xcf\x3f\xf8\xe1\
\xcf\x1d\xbf\xcc\xfd\x6c\x27\x01\x8c\x49\xf5\x24\x00\x0c\x00\x7f\
\x1b\x00\x23\x27\x00\x4c\xfc\xed\x5d\x5f\x4e\x78\xc1\xd9\x43\xd3\
\x21\x8b\x19\x40\x9a\x0e\x96\x76\x97\x4b\xfb\x80\xb3\x45\x6c\x13\
\x10\xc5\x80\x83\x1f\x7e\xf8\x7d\xcd\xff\xc5\xbb\x3a\xc5\x7d\x75\
\x7b\xc4\x00\x25\xc7\x28\xe0\xaa\xd9\xd6\x2f\xfe\xe3\xb6\x66\x8d\
\x3d\xfd\xba\x4d\xfe\x12\xfc\xfc\xdc\xba\xd0\x6a\x6e\xb2\xf1\xff\
\x6f\xeb\x3a\x30\xdf\x30\xa7\x44\xf9\x3c\xf3\x08\xc0\x8a\x1a\x3e\
\xff\xe0\x87\x3f\x87\xfc\x67\x1a\xb9\x5f\x0a\x27\x01\x60\x00\xf8\
\xd8\x00\x50\x9e\x00\x30\xf1\xfa\x67\x7f\x9b\xf6\x39\x98\xda\x0e\
\x98\xc2\xc1\x72\xf8\x7a\xba\xe7\x6e\xea\x9f\xd3\x09\x3f\xfc\xf0\
\x7b\x9d\x7f\xf2\x2d\x2d\xe2\x97\x4f\x6c\x15\x6f\xf5\xf4\x73\xd7\
\x8d\x02\x2f\x69\x6e\xcd\x7a\x65\x9b\x28\x9b\xab\x5b\xe2\xef\x70\
\x4b\x40\xc5\xf0\xaa\xbf\x6a\xbc\x5e\x5a\xd9\x2e\xba\xf6\x0c\xf0\
\x46\xe5\xb9\x5a\x77\x1e\xb0\x98\x46\xf5\x7c\xfe\xc1\x0f\x7f\x0e\
\xf9\x65\xee\x97\xee\x49\x00\x18\x00\xfe\x33\x00\xe2\x9e\x00\x50\
\x78\xf3\xeb\x73\x13\x5e\xf0\x8e\x2f\x38\xdd\x63\x31\xf4\xce\xbd\
\x54\x1f\xcb\xa1\xe2\xd1\x7d\x3e\xfc\xf0\xc3\xef\x55\xfe\x4b\x56\
\xb6\x8a\x19\xaf\xee\x10\x3d\x7d\xac\x34\xa2\xfc\xd0\xbf\x7a\xf6\
\x89\x2b\xd6\x36\xb9\xb4\xe2\xaf\xb1\x65\x60\x5e\x7d\xd4\x38\x4e\
\x34\xfe\xe5\x09\x1b\xed\xbb\x49\xfe\x91\x10\x4f\x35\xef\x89\x5c\
\x3f\x96\x23\x00\xf9\xfc\x83\x1f\xfe\xec\xf3\xcb\xdc\x2f\xdd\x93\
\x00\x30\x00\xfc\x63\x00\x24\x3f\x01\x60\x76\xd5\x83\x29\x5f\xe0\
\xb6\x12\x96\x98\x92\x1a\xd5\xf7\x9d\x96\xdc\xd8\x2e\x60\xd5\xb9\
\x9e\xca\xe7\xeb\x96\xe4\xc0\x0f\x3f\xfc\x9e\xe3\xff\xdc\x9d\x9d\
\xe2\xce\x9a\x3d\x62\xff\x41\xca\xfc\x51\x7e\xa8\xff\xe0\xa0\xb8\
\xf1\xc5\x2d\xa2\xa4\xa2\x3a\x8b\x4d\xfe\xaa\x45\xd1\xdc\xfa\x91\
\x55\x7f\xd5\xf8\xff\xc0\xaa\x76\xd1\xbc\x93\xe4\x1f\x0d\x6b\xe9\
\x5b\xdb\x23\xd7\xd1\xfc\x06\x3e\xff\xe0\x87\x3f\x97\xfc\xb3\x36\
\x3d\x98\xee\x49\x00\x18\x00\xfe\x34\x00\x46\xdb\x0c\x80\x71\x45\
\xf3\x1a\x36\x25\x1c\x10\x9a\x7b\x60\x74\x1d\x34\xe7\xe7\x76\x3a\
\xfb\x7d\xca\x2e\x9b\xf0\xc3\x0f\xbf\x27\xf9\xcb\x16\x35\x8b\x9f\
\x3c\xb6\x45\xbc\xda\x49\x99\x3f\xca\x2f\xbd\xde\xb9\x57\x7c\x6c\
\x75\x63\x4e\x9a\xfc\xa5\x3a\xfe\xdf\xb3\xb2\x4d\x34\xec\x38\xc0\
\x9b\x85\x46\xf4\x97\xa7\xbb\x2d\xd7\x52\x13\x9f\x7f\xf0\xc3\x9f\
\x4b\x7e\x23\xf7\x93\x39\xa0\xcd\x00\x18\x8d\x01\x10\x3c\x03\x20\
\xdc\x00\x70\xb4\xf5\x04\x00\x23\xce\x34\x2e\x90\xbe\x54\x4b\x4a\
\xd4\xe7\x58\xda\x4a\x50\x6c\xaf\xa7\xeb\xc0\x65\xbe\xa9\x47\xf2\
\xbf\x17\x7e\xf8\xe1\xf7\x16\xff\x85\xcb\x5a\xc5\x8d\x2f\xef\x10\
\x1d\x94\x15\xa3\x3c\xd3\xbe\x81\x41\x71\xed\xb3\xdd\xa2\xc8\xb5\
\xa6\x7e\x29\x46\x82\x26\x7f\x89\xc6\xff\xc5\x2b\x5a\x45\xcd\x76\
\x92\x7f\x14\xad\x6f\xde\xd3\x36\x72\x8d\xda\x3f\x13\xf8\xfc\x83\
\x1f\xfe\xac\xf3\xf7\xc9\x1c\xd0\x76\x12\xc0\xe8\x54\x1a\x01\x62\
\x00\xf8\xd3\x00\x88\x3a\x01\xe0\xe4\x2f\xfc\xe6\xc2\x62\x9d\x73\
\x32\x15\x8e\x98\xfa\xdc\x4a\xcd\x63\x30\x54\xc7\x5a\xb8\x5d\xe2\
\x03\x3f\xfc\xf0\x7b\x92\xff\x8a\xdb\x3b\xc4\xad\x9b\x77\x8b\xfe\
\x01\xca\xfc\x51\xfe\xe9\xa5\xb6\x3e\xf1\x91\x95\x8d\x9a\x2b\xfe\
\x0e\x2b\x02\x2a\x6a\xa3\x9b\xfc\xa5\x30\xfe\x2f\x5a\xde\x26\xaa\
\xb6\xed\xe7\x0d\x43\x31\xfa\xe0\xf2\xfa\x91\x6b\x91\xcf\x3f\xf8\
\xe1\xcf\x3d\xbf\xcc\x01\xd3\x39\x09\x00\x03\xc0\xfb\x06\x80\xf2\
\x04\x80\x33\x7e\xb1\xfa\x0b\x3a\x7b\x50\x74\x2f\x70\xed\xae\x96\
\x9a\x7b\x60\x1c\x37\xfd\xd0\xdc\x83\x03\x3f\xfc\xf0\x67\x8f\x5f\
\xbe\xf6\x55\x0f\xf7\x88\x17\xdb\xf7\x71\xf7\x8c\xf2\x52\x7b\xf6\
\x0f\x8a\x3f\x3d\xd5\xed\x52\x13\x3f\x9d\x55\xff\x7a\x51\xa4\x39\
\xfe\x2f\x5c\xde\x2a\x36\x6f\x25\xf9\x47\xb1\xea\x1f\x18\x14\x45\
\xe1\x6b\x71\x6e\x1d\x9f\x7f\xf0\xc3\xef\x01\xfe\x33\x7e\xb5\xfa\
\x0b\xe9\x9c\x04\x80\x01\xe0\x5f\x03\xe0\xd8\xb0\x01\x30\xe1\xaf\
\x4f\xfc\x8f\x56\x09\x8a\xc3\xae\x99\xaa\x63\x2f\x5c\x6f\xea\xa1\
\x2a\x99\xd1\x2d\xc1\x81\x1f\x7e\xf8\x33\xce\x7f\xfe\xb2\x56\xf1\
\xb7\x17\x77\x88\xd6\x5d\x94\xf9\xa3\xfc\xd5\xb3\x2d\x7d\xe2\x83\
\xcb\x1b\x1c\xac\xf8\xa7\xd1\xe5\x5f\x1e\xed\x67\x1f\xbb\x29\x8c\
\xff\x0b\x96\xb7\x89\x8d\x5b\x48\xfe\x51\x7c\x6d\xde\xda\x6f\x39\
\x02\xb0\x8e\xcf\x3f\xf8\xe1\xf7\x00\x7f\xe1\xb5\x4f\xfd\x8f\xc5\
\x00\x38\x16\x03\x20\x58\x06\xc0\x61\xc9\x8e\x00\x2c\xba\xf1\x95\
\x9b\xdc\xdc\x93\xa2\x3f\xe0\x34\x1d\x39\x55\x68\x0e\x50\xb7\xf7\
\xe4\xc0\x0f\x3f\xfc\xe9\xf3\x7f\xfc\xd6\x76\xb1\x72\xe3\x2e\xd1\
\x77\x60\x90\x3b\x66\x94\xb7\xda\xd9\x7f\x50\xfc\xf6\xf1\x4e\x17\
\xf6\xef\x6b\x6e\x09\xb0\xae\xcc\x6a\x8c\xff\xf3\x97\xb6\x8a\x7f\
\x91\xfc\xa3\x24\xba\xbf\x76\x57\xf4\x11\x92\x7c\xfe\xc1\x0f\x7f\
\xce\xf9\x0b\x6e\x78\xe5\x26\xc5\x51\x80\x87\x61\x00\x04\xc3\x00\
\xb0\x9f\x00\x70\x46\xe1\xb4\xb7\x2a\xb5\x2e\x60\xe5\x39\x95\x99\
\xde\x43\xa3\x7b\x2c\x86\x66\x53\x0c\xf8\xe1\x87\x3f\xeb\xfc\xdf\
\x7d\xb0\x47\x3c\xdd\xb2\x57\x0c\x0d\xb1\xbf\x1f\xe5\xb7\x9e\x68\
\xdc\x23\xde\xb7\xb4\xc1\xa5\x3d\xfe\x29\x6e\x01\x48\xb0\xd7\x3f\
\x95\xf1\x2f\xab\x75\xde\x21\xf9\x47\x0a\xcd\x7a\x65\xeb\xc8\xf5\
\x56\x34\xaf\x81\xcf\x3f\xf8\xe1\xf7\x00\x7f\xe1\xf4\xb7\xd6\xc4\
\x39\x0a\x70\x34\x06\x40\x70\x0c\x80\x51\x36\x03\xe0\xf8\x91\x23\
\x00\x67\x57\x3d\x55\xec\xa2\xe3\xe5\xd8\x11\xd3\xee\xd2\xe9\xf6\
\x9e\x1a\xf8\xe1\x87\x3f\x1b\xfc\xe7\x2e\x69\x15\xff\xf7\xdc\x36\
\x8e\x0a\x43\xc8\x50\xef\xbe\x83\xe2\x97\x8f\x76\xba\xbc\xc2\xaf\
\x7e\xbe\x4c\xc6\x8a\xd2\x1c\xff\x17\x2c\x63\xe5\x1f\xa5\xa6\x5f\
\x3c\xd2\x31\x72\xcd\x15\xcf\x6f\xe2\xf3\x1f\x7e\xf8\x3d\xc0\x5f\
\x54\x51\xf3\x94\xe5\x28\xc0\xe3\x6d\x06\xc0\x28\x0c\x80\x60\x18\
\x00\xe1\x13\x00\xa2\x8f\x00\x9c\x5b\x57\xe3\xea\x05\xa8\x38\xd7\
\x52\xf7\x02\x76\xbb\x84\x26\xe3\x03\x10\x7e\xf8\xe1\x4f\xca\xff\
\x91\xca\x76\xb1\xf8\xad\x9d\x62\xd7\x7e\xca\xfc\x11\x92\x7a\xb8\
\x7e\xb7\xb8\x78\x49\xbd\x7b\x2b\xfa\x29\x18\x00\x45\xb2\xc9\x9f\
\x25\x11\xd3\x1d\xff\x32\xf9\x67\xcf\x3f\x4a\x55\x9f\x5d\xd7\x14\
\xa9\x00\xe0\xf3\x1f\x7e\xf8\xbd\xc1\x3f\xaf\xbe\x26\xce\x51\x80\
\xca\x93\x00\x30\x00\xfc\x69\x00\x8c\x1c\x01\x68\xc4\xf8\x92\x85\
\xcd\xbb\x1d\x9d\x5b\xa9\xbd\x47\x25\xc3\x7b\x6a\x9c\xee\x99\x81\
\x1f\x7e\xf8\x33\xf2\xfb\xbe\x7e\x5f\x97\x78\xb4\x69\xaf\x18\xa4\
\xcc\x1f\xa1\x90\xb6\xed\x3d\x28\x7e\xfa\x70\x47\x06\x57\xfc\xe3\
\xbf\x46\xa4\x04\x3b\xbd\xf1\x7f\x21\xc9\x3f\xd2\xd4\x39\x0b\x6a\
\x47\xae\x5b\x3e\xff\xe1\x87\xdf\x1b\xfc\x25\x0b\x9a\x77\xcb\x5c\
\x50\xf7\x28\x40\x0c\x00\x7f\x18\x00\x09\x8f\x00\x3c\xf1\x83\x5f\
\x3b\x5b\xbb\xc4\xc5\xa9\x63\x95\xe9\x01\xe3\xf6\x39\x9f\xf0\xc3\
\x0f\x7f\xda\xfc\x53\x6e\x69\x11\xbf\x7f\x7a\x1b\xe7\x82\x23\x64\
\x93\x6c\x8a\x76\xd1\xe2\xba\x0c\x97\xf8\xdb\x62\x6e\xbd\xb3\x12\
\x57\xe3\xb9\x17\x2d\x6f\x15\x9b\x38\xea\x0f\x69\xa8\x7b\xcf\x40\
\x54\xbf\x09\x3e\xff\xe1\x87\xdf\x3b\xfc\xc7\xbc\xf7\xca\xb3\x52\
\x38\x0a\x10\x03\xc0\x47\x06\x80\xf2\x08\xc0\xd3\x7e\x30\xf7\xe3\
\xea\xa6\x17\x0e\x07\x4c\xb6\x1d\x2d\xb7\xff\x1e\xf8\xe1\x87\x5f\
\x9b\xff\x03\xab\xda\xc4\xbc\x37\x7a\xc5\xf6\x7d\x07\xb9\xfb\x45\
\xc8\xa2\x2d\x7d\x03\xe2\xea\x07\xdb\x33\x54\xe2\x9f\x64\xd5\x7f\
\x7e\x83\xe3\xf1\x7f\xb1\x91\xfc\x63\xe6\x21\x5d\xbd\xd8\xd6\x17\
\xb9\x16\xe5\x49\x13\x7c\xfe\xc3\x0f\xbf\x67\xf8\x65\x2e\xa8\x7b\
\x14\x20\x06\x80\x7f\x0c\x80\xb8\x47\x00\x9e\xf9\xfb\x7b\xbe\x9d\
\xf1\x0b\xda\x61\x57\x4c\xb5\xc3\x16\x79\x1c\x8e\x66\xcb\xa3\xfb\
\x25\x38\xf0\xc3\x0f\x7f\xe2\xb8\xf2\x9e\x2e\x71\x7f\xdd\x1e\x31\
\x30\x48\x99\x3f\x42\x76\xdd\x53\xbd\x53\x9c\xbf\xa8\xce\xbd\x63\
\xfb\x62\x22\x8e\x81\x20\xf7\xfa\xbb\x30\xfe\x2f\x59\xd1\x2a\x6a\
\xb6\xd3\xb0\x13\xe9\x6b\xd5\x3b\xbd\x91\xeb\x32\x7c\x04\x20\x9f\
\xff\xf0\xc3\xef\x09\x7e\x99\x0b\x2a\x8e\x02\xc4\x00\xf0\xa1\x01\
\x70\x98\xcd\x00\x88\x3a\x02\x70\xe2\xb5\x4f\xfd\x3e\xd3\x03\x22\
\xe7\x0e\x9e\xb2\xc9\x07\xfc\xf0\xc3\xef\x84\x7f\xd2\xa2\x66\xf1\
\xcb\x27\xb6\x88\xb7\x7b\x58\x19\x44\x28\x9e\x7a\xf6\x0c\x88\x1f\
\x3c\xd0\x96\x81\x95\xfd\x64\x4d\xfe\xea\x42\x47\xfb\xb9\x31\xfe\
\xdf\xbb\xb2\x55\xd4\x71\x5a\x07\x4a\x53\xd7\x3c\xdb\x1d\x69\x00\
\x98\x42\x25\x0a\x9f\xff\xf0\xc3\x9f\x3d\xfe\x89\xd7\x3f\xf3\xfb\
\x38\x47\x01\x1e\x99\xec\x28\x40\x0c\x00\x7f\x19\x00\xa3\x6d\x06\
\xc0\xb8\x82\x1b\x5f\x9d\x93\xeb\x12\x16\xf5\xcf\x5b\x5d\xad\x14\
\x1c\x2e\xaf\x0f\x38\xf8\xe1\x0f\x08\xbf\x5c\x11\x9c\xb1\xa1\x57\
\x6c\xe9\xa3\xcc\x1f\xa1\x44\xba\x63\xf3\x4e\x71\xde\xa2\x5a\x97\
\x56\xfc\x53\xdc\x22\x60\x5d\xf5\x77\x18\xef\x5f\xd9\x26\x1a\x7a\
\x49\xfe\x51\xfa\xfa\xce\x7d\x6d\x16\x03\xa0\x89\xcf\x7f\xf8\xe1\
\xf7\x10\x7f\xc1\x3f\x5f\x9d\x6d\x39\x0a\xf0\x38\xdb\x51\x80\x18\
\x00\x3e\x36\x00\xc2\x27\x00\x8c\xb6\x1d\x01\x38\xae\x78\xc6\x3b\
\x77\xaa\x2e\x58\xc7\x17\x68\xa6\x1d\x36\xcd\xd7\xd7\x1d\xb0\xf0\
\xc3\x0f\x7f\xf4\xf3\x3f\x77\x67\xa7\xb8\xa3\x7a\xb7\xd8\x7f\x90\
\x32\x7f\x84\x12\xa9\x6b\xcf\x80\xf8\xee\x48\xe2\x93\xa9\x3d\xfe\
\x36\x83\xa0\xa2\x36\x2a\xc1\x72\x3a\xfe\x3f\xb4\xba\x5d\x34\xed\
\x24\xf9\x47\xce\xf4\xe1\x15\x8d\x23\xd7\x6a\x11\x9f\xff\xf0\xc3\
\xef\x29\xfe\xc2\x19\x6f\xdf\x69\x1a\x00\xd6\xa3\x00\x47\x27\x3b\
\x09\x00\x03\xc0\x5f\x06\xc0\x18\xf3\x4d\x0d\x1f\x01\x78\x66\xd1\
\x9c\xaa\x67\x83\xee\xb0\xa9\x03\x7e\xf8\xe1\x57\xf1\x97\x2d\x6c\
\x16\x3f\x7e\x74\x8b\x78\xb5\xb3\x9f\xbb\x59\x84\x14\x5a\xb7\xa9\
\x57\x9c\xbb\xb0\xd6\xfd\x04\x3f\x99\x81\x30\x2f\x9d\x55\xff\xc4\
\xe3\xff\xc3\x6b\xda\x44\xeb\xae\x01\xde\x4c\xe4\x48\xd2\x28\x2e\
\xae\x88\x5c\xcf\x7c\xfe\xc3\x0f\xbf\xb7\xf8\x8b\xe6\x54\x3f\x2b\
\x73\x42\xcb\x51\x80\xc7\xa8\x8e\x02\xc4\x00\xf0\x9f\x01\x30\xd6\
\x62\x00\x8c\x2f\xaa\xa8\xab\xca\xfe\x80\x71\x77\xc0\x65\xbf\x8b\
\x26\xfc\xf0\xe7\x0f\xff\x05\xcb\x5a\xc5\x0d\x2f\xed\x10\xed\xbb\
\x49\x04\x10\x52\xa9\x63\xf7\x01\xf1\xad\x7b\x5b\x5d\x3c\xd6\x2f\
\x05\x83\xa0\xa2\x26\x66\x2e\x70\x3a\xee\x3f\x5a\xd9\xce\x98\x47\
\xae\xa8\x66\x5b\xbf\xe5\x08\xc0\x7a\x3e\xff\xe1\x87\xdf\x63\xfc\
\x32\x17\x94\x39\xa1\xc5\x00\x18\x8b\x01\x10\x1c\x03\x20\x7c\x02\
\xc0\xd8\xf0\x11\x80\x46\x4c\x28\x9e\xdf\xb0\xc5\xf5\x0b\xd2\xfc\
\x59\xf9\x68\xfd\xda\xbb\x0e\x1c\xfc\xf0\xc3\x6f\xff\xfd\xff\xb6\
\xae\x43\x54\x6e\xda\x2d\xf6\x0d\x0c\x72\x07\x8b\x50\x0a\xaa\xdc\
\xd8\x2b\xce\x59\x50\xa7\x99\xe0\x3b\x34\x04\x64\xa3\x3f\x97\xc7\
\xff\xc7\x6f\xed\x10\xdd\xf4\xf5\x40\x2e\xe9\xa1\xba\xdd\x51\xbd\
\x29\xf8\xfc\x87\x1f\x7e\x8f\xf1\xcf\x6f\xda\x22\x73\x42\xcb\x51\
\x80\x63\x6d\x47\x01\x62\x00\xf8\xc8\x00\xb0\x1e\x01\x38\xca\x76\
\x04\x60\xc8\x00\x18\x73\xc2\x09\x13\x8b\x17\xb6\x1c\xcc\xfc\x05\
\x1e\xac\x80\x1f\xfe\xa0\xf2\x97\x18\xf1\xfd\x87\x7a\xc4\x73\xad\
\xfb\xb8\x6b\x45\x28\x45\xb5\xed\x3a\x20\xbe\x79\x4f\x6b\x16\x3a\
\xfc\x5b\x22\xb4\xd7\xbf\xd1\xf5\x39\xe0\xdf\xd7\x75\x88\x2d\x7b\
\x49\xfe\x91\x7b\xaa\xd8\xb0\x35\xd2\x00\x70\x6e\x3d\x9f\xff\xf0\
\xc3\xef\xb5\x30\x72\x41\x99\x13\x5a\x0c\x80\x63\x6d\x06\x40\xcc\
\x51\x80\x18\x00\xfe\x30\x00\x8e\xb0\x19\x00\xf2\x9c\xc7\xd3\x8f\
\xbf\xe2\xea\x0b\x3c\xb9\xe7\x25\xe3\x0e\x9a\xc7\xf7\xfc\xc0\x0f\
\x7f\x96\xf9\xcf\x5b\xd2\x2a\xae\x79\x7e\x3b\xcd\xbe\x10\xd2\xd4\
\xaa\x77\x76\x88\xb3\x17\x64\xb0\xa9\x5f\x9c\x8a\x80\xa2\xa8\x0e\
\xff\xee\xcd\x7f\x9f\xbe\xbd\x43\x6c\xdf\x47\xf2\x8f\xdc\xd5\xaf\
\x1e\xed\x4c\xf9\x08\x40\x3e\xff\xe1\x87\x3f\x37\xfc\x32\x27\x94\
\xb9\xa1\x99\x23\x5a\x0d\x80\x23\x30\x00\xfc\x67\x00\x1c\x66\x33\
\x00\xc2\x47\x00\xca\x37\xf7\x8c\x53\xbf\x3f\xe3\xf2\xb8\x17\xc8\
\x7c\xcb\xe3\x7c\xdb\xbf\xb9\x11\xba\xaf\x9f\xe9\xbf\x07\x7e\xf8\
\xf3\x94\x5f\xee\xf3\x5d\xfa\xce\x2e\xb1\x7b\x3f\x65\xfe\x08\xe9\
\xa8\x75\xe7\x01\xf1\x9f\x77\xb7\xe8\x27\xf8\xb3\x2d\x8f\xb3\x6d\
\xff\xa6\x7a\xfe\x1c\x73\xd5\x3f\x03\xf3\xdf\x7f\xdc\xd9\x29\x76\
\xf6\x33\x0f\x20\xf7\xf5\x1f\xb7\x35\x47\x0c\x80\x79\x4d\x7c\xfe\
\xc3\x0f\xbf\x07\xf9\x65\x4e\x28\x73\x43\x33\x47\x0c\x1f\x05\x78\
\x64\xa2\xa3\x00\x31\x00\xfc\x63\x00\x8c\xb6\x18\x00\xf2\x9c\xc7\
\x33\xc6\xfd\xe6\xf6\xaf\x05\xa1\x4b\x66\xe6\x4b\x74\xe0\x87\x3f\
\x58\xfc\xdf\xb8\xbf\x5b\x3c\xde\xb4\x57\x0c\x0d\x71\x8c\x1f\x42\
\x3a\x92\x63\x66\xe5\xdb\x3b\xc4\x59\xae\xae\xfa\xab\x23\x7a\xd5\
\xdf\xdd\xf9\xef\xcb\xf7\x74\x61\x02\xa2\x8c\xe9\xbc\x45\x91\xd3\
\x30\x8a\xf8\xfc\x87\x1f\x7e\x4f\xf2\xcb\x9c\xd0\x34\x00\x4e\xb6\
\x18\x00\xa3\x31\x00\x82\x63\x00\x1c\x6f\xbe\xb9\xe3\xc6\xff\xf9\
\xe1\x9f\x65\xc4\xc1\x52\x7c\x5f\x79\x81\x3a\x7c\xfd\x8c\x3b\x68\
\xf0\xc3\xef\x43\xfe\xb3\x6e\x69\x11\x7f\x7c\x7a\x9b\xa8\xd9\x4e\
\x99\x3f\x42\xe9\xa8\x65\xe7\x01\xf1\xd5\x3b\x5b\x92\xaf\xe0\x2b\
\x57\xf8\x15\x25\xfe\xf6\x9f\xaf\xa8\x8b\xac\x9a\x66\x60\xfe\xfb\
\xc6\x7d\x5d\xa2\xef\x00\xc9\x3f\xca\x8c\xb6\xee\x1d\x88\x5c\xd3\
\x15\x35\x7c\xfe\xc3\x0f\xbf\x47\xf9\x65\x4e\x28\x73\x43\x33\x47\
\x3c\x1e\x03\xc0\xff\x06\x40\xf8\x08\xc0\xd1\xe6\xb9\x8e\xf2\x4d\
\x3d\x45\xbe\xc9\x13\xae\x7f\xe6\x9a\x9c\x94\xd8\x78\x2d\xe0\x87\
\x3f\xc0\xfc\x1f\x5c\xd5\x26\xe6\xbd\xb1\x53\xec\x60\x6f\x2f\x42\
\x69\xaf\xfa\x2f\x7f\x7b\x87\x98\x32\x3f\xcb\xab\xfe\xf3\x1a\x32\
\x3a\x37\x7c\xf7\xc1\x6e\xd1\x3f\x40\x15\x10\xca\x9c\x5e\x69\xdf\
\x1b\x75\x62\x05\x9f\xff\xf0\xc3\xef\x4d\xfe\x09\xd7\x3e\x73\x8d\
\x69\x00\x9c\x62\xe6\x8a\xc7\x98\xb9\x63\xdc\xa3\x00\x31\x00\xfc\
\x63\x00\x8c\x31\xdf\xcc\x13\xcc\x73\x1e\xcf\x2c\xb8\x71\xc3\xdc\
\x4c\x38\x5c\xae\x3b\x54\xd9\x76\xfc\xe0\x87\x3f\x00\xfc\x5f\xbe\
\xbb\x4b\x3c\x50\xd7\x27\x0e\x0e\x72\x83\x8f\x50\xba\x6a\xee\xdd\
\x2f\xbe\x72\x67\x4b\xea\x2b\xfc\x4e\xf6\xf8\x8f\x3c\xaf\x4e\x14\
\xcd\x6f\xca\xe8\xfc\x77\xf5\xc3\x3d\x62\xff\x41\xe6\x06\x94\x59\
\xad\xdd\xd8\x1b\xb9\xae\xe7\xd5\xf3\xf9\x0f\x3f\xfc\x1e\xe5\x97\
\x39\xa1\xcc\x0d\xcd\x1c\xf1\x04\x33\x67\x1c\x83\x01\x10\x0c\x03\
\x60\xac\xc5\x00\x18\x5f\x34\xfd\xed\x75\x9e\x70\xc0\xbc\x5e\xd2\
\x03\x3f\xfc\x3e\xe1\x9f\xb4\xa8\x59\xfc\xea\x89\xad\xe2\x9d\x2d\
\xfb\xb9\xf3\x44\xc8\xe1\xaa\xff\xd2\xb7\xb6\x67\x7e\xd5\x3f\xca\
\x00\xa8\x19\x5e\xf5\xcf\xf0\xfc\xf7\xf3\xc7\xb6\x88\x01\x8c\x41\
\x94\x05\x5d\xff\x5c\x4f\xf2\x8a\x16\x3e\xff\xe1\x87\xdf\x13\xfc\
\x32\x27\x94\xb9\xa1\xc5\x00\x18\x8b\x01\x10\x3c\x03\x40\x9e\xf3\
\x38\xbe\x70\xc6\xc6\xc7\x5d\x71\xc8\xec\x11\xe3\x60\x35\x45\x1e\
\xad\x5f\xe7\x6a\x80\xba\xed\x10\xc2\x0f\x7f\x8e\xf9\x2f\x59\xd1\
\x2a\x66\x6c\xe8\x15\x5b\xfa\x28\xf3\x47\xc8\xa9\x9a\x7a\xf7\x8b\
\x2f\xdf\xd9\x92\xda\x8a\xbd\x3d\x62\x2a\x02\xaa\x22\x8f\xd6\xaf\
\xed\xaf\x5b\x61\x59\xf5\xcf\xe0\xfc\xf7\xdb\x27\xb7\x8a\x41\x9a\
\x7f\xa2\x2c\xe9\x7b\xf7\xb5\x8e\x5c\xf3\x45\x73\x1b\xf8\xfc\x87\
\x1f\x7e\x8f\xf2\x17\xce\xda\xf8\xb8\x69\x00\x9c\x86\x01\xe0\x7f\
\x03\xe0\x70\xf3\x4d\x3b\xd2\x3c\xcf\x51\xbe\x99\x27\x9a\x6f\xee\
\x84\xa2\xd9\xd5\xaf\xa6\x76\x81\x37\x59\x1e\xd3\xb8\x80\x73\x7d\
\xcc\x86\x6a\x80\xc2\x0f\xbf\x4f\xf9\x3f\x7b\x47\xa7\xb8\xb3\x7a\
\x0f\xa5\xbc\x08\xb9\xb4\xea\xbf\xe4\xcd\xed\x62\xb2\x5c\xf5\x1f\
\x49\xea\xab\x2c\x8f\x49\x12\xf8\xb4\x8f\x01\xac\x89\x24\x46\x19\
\x9e\xff\xa6\x3e\xb7\x8d\x93\x3f\x50\x56\xf5\xe1\x15\x0d\xd1\x27\
\x00\xf0\xf9\x0f\x3f\xfc\x9e\xe4\x97\x39\xa1\xcc\x0d\xcd\x1c\xf1\
\x44\x33\x67\x3c\xca\xcc\x21\x47\x99\x39\x25\x06\x80\x4f\x0d\x80\
\x63\xcd\x37\xf5\x74\xf9\x26\x17\x57\xd4\x55\x67\xe5\x02\xd3\xdd\
\xe3\xe2\xf4\xf5\xb2\x5d\xb2\x03\x3f\xfc\x59\xe4\x2f\x35\xe2\x47\
\x8f\xf4\x88\x57\x3b\xf6\x71\x77\x89\x90\x8b\xab\xfe\x57\xde\xd1\
\xa2\x9f\xc0\x2b\x2b\x00\x92\xf4\x04\x98\x5b\x17\x7b\x2e\x7a\x86\
\xe6\xbf\x1b\x5f\xde\xc1\x9b\x8c\xb2\xaa\xfe\x83\x83\xa2\x78\x64\
\x1c\xd4\xf0\xf9\x0f\x3f\xfc\x5e\xe6\x37\x72\x42\xd3\x00\x38\xdd\
\xcc\x15\x8f\xc5\x00\xf0\x9f\x01\x70\xa8\xc5\x00\x38\xc2\x66\x00\
\x9c\x64\xbe\xb9\x13\x8b\xe7\x36\x74\xa6\xe4\x68\x65\xba\xa9\x86\
\xe3\x01\x69\x2b\xb1\x89\x72\xed\x5c\x28\xc9\x81\x1f\x7e\x0f\xf0\
\x5f\xb0\xac\x55\xfc\xe3\xa5\xed\xa2\x7d\xf7\x00\x77\x96\x08\xb9\
\xb8\xea\xbf\xf8\x0d\x73\xd5\x3f\xd5\x26\x7d\xb3\x9d\xac\xf8\x9b\
\x7b\xfd\xe7\x37\x64\x6d\xfe\x9b\xbd\xa1\x97\x37\x1a\x65\x5d\x55\
\x5b\xfb\x2d\xd7\x7c\x2d\x9f\xff\xf0\xc3\xef\x65\xfe\x79\x8d\x9d\
\x32\x37\x34\x73\xc4\x93\x6c\x06\xc0\x11\x16\x03\xe0\x50\x0c\x00\
\x6f\x1b\x00\x87\xc5\x31\x00\x8e\x33\xdf\xd4\x33\x8c\x28\x30\xde\
\xf0\xbe\xcc\x74\xad\x54\x0c\x30\x55\x89\x8d\xf2\x02\xf6\x78\x97\
\x4d\xf8\xe1\x77\x91\xff\x13\xb7\xb6\x8b\xd5\x1b\x77\x89\xbd\x03\
\x9c\xd5\x8d\x90\x9b\x6a\xdc\xb1\x5f\x5c\x79\x7b\x8b\xf3\xae\xfd\
\x3a\x7b\xfe\xc3\x7b\xfd\xb3\x34\xff\x2d\x7e\x6b\x27\x6f\x34\xca\
\x89\x1e\xa8\xdd\x15\xb9\xfe\xe7\xd6\xf3\xf9\x0f\x3f\xfc\xde\xe6\
\xef\x93\xb9\xa1\x99\x23\x9e\x64\xe6\x8c\x76\x03\xe0\x30\x0c\x00\
\xff\x19\x00\x47\x9b\x6f\xe6\xc9\xf2\xcd\x1d\x7d\xda\xc4\xe2\x9c\
\x95\xb8\x64\x7a\xc0\x66\xbd\xc9\x07\xfc\xf0\xbb\xcf\xff\x5f\x0f\
\x76\x8b\x67\x5b\xf7\x72\x17\x89\x90\xcb\x92\x4d\xf0\x16\xbf\x99\
\x60\xd5\xdf\xcd\x12\xff\x39\xb6\x55\xff\x70\x17\xf4\x2c\xcc\x7f\
\x25\xc6\xe3\x9a\x8d\xbb\x79\xb3\x51\xce\x34\xeb\x95\xad\x23\xd7\
\x7f\x51\x45\x3d\x9f\xff\xf0\xc3\xef\x71\x7e\x99\x1b\x9a\x06\xc0\
\xc9\x66\xce\x78\x34\x06\x80\xbf\x0d\x80\xd1\x36\x03\x60\xdc\xf1\
\x1f\xfe\xd6\x05\x89\x2e\xf0\xf0\xea\x84\x7c\x0c\x77\x25\x2e\x72\
\x52\x22\xe3\xf0\xfb\xd6\xbf\xc1\xfa\xb7\xa5\x3e\xa0\x14\x25\x32\
\xf0\xc3\xef\x11\xfe\x73\x17\xb7\x84\x1a\x75\x35\xf6\x1e\xe0\xee\
\x11\xa1\x0c\xad\xfa\x7f\xe9\xf6\xe6\x84\x09\x7e\x81\xd9\xf4\x4f\
\x3e\x16\x98\x2b\xf7\x05\xc9\x9a\xfe\xa5\x62\x00\xc8\xbd\xfe\x59\
\x9c\xff\x4a\x17\x36\x8b\xbb\x6b\xf6\xf0\x66\xa3\x9c\xea\xe7\x8f\
\x74\x44\x0c\x00\xeb\xf1\x96\x7c\xfe\xc3\x0f\xbf\x27\xf9\x65\x6e\
\x28\x73\x44\x9b\x01\x30\x1a\x03\xc0\x7f\x06\xc0\x28\x9b\x01\x70\
\xbc\x11\xa7\xc8\x37\xf7\xe4\xaf\x5d\xf3\x91\xf4\x1d\x31\xbd\xae\
\x98\xda\x17\x70\xae\x4b\x7c\xe0\x87\x3f\xcb\xfc\x1f\x59\xdd\x2e\
\x16\xbf\xbd\x53\xec\xda\x4f\x99\x3f\x42\x19\x5b\xf5\x7f\xc3\xd2\
\xe1\x3f\xdd\x3d\xfc\x5a\xa7\x02\x18\xbf\x6b\x5e\x7d\x56\xe7\xbf\
\x49\x8b\x9a\xc5\x43\xf5\x7d\xbc\xe1\x28\xe7\xfa\xd4\xda\xa6\x88\
\x79\x36\xaf\x81\xcf\x7f\xf8\xe1\xf7\x38\xbf\xcc\x0d\x4d\x03\xe0\
\x14\x33\x67\xb4\x1a\x00\xa3\x30\x00\xfc\x65\x00\xbc\xcb\x7c\xf3\
\x8e\xb1\x18\x00\x67\x8e\xbb\x6a\xfe\xe7\x5c\x3b\xf6\x22\xd3\x7b\
\x62\x94\xcf\x77\x78\x0e\x27\xfc\xf0\xe7\x88\xff\xeb\xf7\x75\x89\
\x47\x1b\xfb\x38\x97\x1b\xa1\x0c\xaa\x61\x64\xd5\x3f\x4e\xc2\xee\
\x28\xc1\x4f\x52\x01\x20\x57\xfd\xb3\x3c\xff\x4d\x59\xd4\x22\x9e\
\x6c\x66\xdb\x10\xca\xbd\x64\x73\xcd\x29\x21\xb3\x6d\x78\xec\x14\
\xf1\xf9\x0f\x3f\xfc\x9e\xe7\x3f\xed\x07\x73\x3f\x2b\x73\x44\x8b\
\x01\x70\x8c\x99\x43\xbe\x0b\x03\xc0\x9f\x06\xc0\x18\xf3\x4d\x3c\
\x21\x6c\x00\x9c\xf9\xab\xca\x6f\xe6\xec\x98\x0a\xb7\xcf\xe9\x74\
\x5a\x32\x03\x3f\xfc\x59\xe4\x9f\xbc\xa8\x59\xfc\xee\xe9\xad\xa2\
\x6a\xeb\x7e\xee\x12\x11\xca\xc2\xaa\x7f\xf9\x5c\x37\xf6\xf0\xa7\
\xda\x13\xc0\xec\xf0\x9f\xe5\xf9\xef\x9c\xc5\x2d\xe2\xc5\x76\x8e\
\x06\x45\xde\x50\xfb\xae\x03\x96\x71\x51\xcb\xe7\x3f\xfc\xf0\xfb\
\x80\x5f\xe6\x86\x16\x03\xe0\x04\x33\x77\x1c\x83\x01\xe0\x6f\x03\
\x60\xac\xf9\x66\x9e\x6a\xc4\xf8\x09\x7f\xb8\xef\xc7\x89\x1c\xa1\
\x98\x0b\xc8\xbe\x07\x46\x73\x4f\x89\xf6\x05\xaa\xda\x93\xa3\x78\
\xbe\x53\x47\x0c\x7e\xf8\x33\xc1\xff\xfe\x95\x6d\x62\xee\xeb\xbd\
\x62\xfb\xbe\x83\xdc\x1d\x22\x94\x61\x8d\xec\xf5\xd7\xec\xd2\x6f\
\xdd\xf7\x1f\xb7\x07\x80\xfd\xe7\xad\x55\x03\x15\x96\xbd\xfe\x59\
\x9c\xff\xde\xbd\xa4\x45\xbc\xde\xd5\xcf\x9b\x8e\x3c\xa3\x67\x9a\
\xf7\x58\xc6\x5d\x1d\xf7\x3f\xf0\xc3\xef\x03\xfe\x71\x46\x6e\x28\
\x73\x44\x33\x57\x3c\xc1\xcc\x1d\x31\x00\x82\x64\x00\x4c\xfc\xeb\
\x13\xbf\x4f\xff\x02\xd2\x75\xb8\x34\x8f\xb9\xc8\x78\x89\x8d\x66\
\xc0\x0f\xbf\x03\xfe\x2f\xdc\xd9\x21\xee\xad\xdd\x23\x06\x06\x29\
\xf3\x47\x28\x5b\xab\xfe\x93\xe6\xd5\xa4\xb6\x82\xaf\x8a\x94\x2a\
\x06\xcc\x55\xff\x1c\xcc\x7f\x97\x2c\x6b\x11\x9b\xa8\x26\x42\x1e\
\xd3\xd2\x37\xb7\x47\xcc\x31\x79\x04\x20\xf7\x3f\xf0\xc3\xef\x79\
\x7e\x99\x1b\x62\x00\x04\xd7\x00\x38\x2d\x54\x01\x70\xed\xd3\xd7\
\xa5\x7b\x41\xab\x1c\x29\xa5\x63\xe5\x74\xc0\x68\xee\x91\x51\x76\
\xf5\x84\x1f\x7e\x97\xf9\xcb\x17\x36\x8b\x9f\x3f\xd6\x23\xde\xe8\
\x66\x55\x0e\xa1\x9c\xad\xfa\xa7\xd2\xd5\x5f\x73\x0b\x40\xcc\xeb\
\x55\xd4\x8b\xc2\x1c\xcd\x7f\x1f\x58\xd9\x2a\xea\x77\x70\x62\x08\
\xf2\x9e\xfe\xf8\x64\xd7\xc8\x58\x19\x36\x00\xb8\xff\x81\x1f\x7e\
\xaf\xf3\x17\x18\xb9\xa1\x69\x00\x9c\x86\x01\xe0\x5f\x03\xe0\x70\
\xf3\xcd\x92\xe7\x37\x1e\x65\xbe\x89\x27\x9a\x6f\xea\x84\x82\xeb\
\x9f\xbf\x29\xdd\x92\x14\xc7\x7b\x56\xdc\x76\xe0\x94\x91\x7c\xc0\
\xc0\x0f\xbf\x5b\xfc\x17\x2f\x6f\x15\x37\xbd\xb2\x43\x74\xed\x19\
\xe0\x0e\x10\xa1\x2c\xaf\xfa\x4f\x9e\x57\x13\x67\x15\x3f\x79\x53\
\xbf\x98\x92\x7f\x4b\x92\x9f\x3c\x6a\x44\xd1\xbc\xc6\x9c\xcd\x7f\
\x97\xae\x69\x17\x6d\xbb\x98\x67\x90\x37\xf5\xd5\xbb\x5a\x46\x8c\
\xb3\xd0\x38\xe1\xfe\x07\x7e\xf8\x3d\xcf\x2f\x73\x43\x99\x23\x9a\
\xb9\xe2\x89\x66\xee\x78\x94\x99\x4b\x8e\x32\x73\x4b\x0c\x00\x5f\
\x1b\x00\x7f\x7f\xa9\x22\xdd\x0b\x46\xbd\x07\x46\xaf\xe4\x45\x3d\
\x00\x1d\x3a\x5e\xba\x03\x1a\x7e\xf8\x35\xf9\x3f\xb9\xae\x5d\xac\
\xdb\xbc\x5b\xf4\x0f\x50\xe6\x8f\x50\xd6\x57\xfd\xef\x68\x4e\xbc\
\x42\x9f\x72\x42\x9f\xe2\x29\x00\x66\x49\x73\x51\x0e\xe7\xbf\x7f\
\xbb\xb5\x5d\x74\xf7\xd1\x4b\x04\x79\x57\x97\x2c\xae\x1d\x19\x4b\
\x45\xdc\xff\xc0\x0f\xbf\x2f\xf8\x0b\xfe\xfe\x62\x05\x06\x40\xf0\
\x0c\x80\x63\x8d\x38\xc9\x88\xd3\x43\x06\xc0\x4d\xaf\x2d\x76\x6f\
\xc0\x38\x75\xac\x54\x25\x2f\x9a\x4d\x31\x34\x1d\x39\xf8\xe1\x4f\
\x87\xbf\xc4\x88\xab\xd6\xf7\xd0\x79\x1b\xa1\x1c\x68\xc8\xb2\xea\
\x1f\x95\xe0\xdb\x4b\xf8\x15\xc7\xf6\xe9\x19\x06\x35\xea\xd5\xcc\
\x0c\xcf\x7f\x9f\xbd\xa3\x83\x46\xa2\xc8\xd3\xda\xd9\x7f\x30\xea\
\x54\x0c\xee\x7f\xe0\x87\xdf\x1f\xfc\x05\x37\xbe\xb6\xd8\x34\x00\
\x4e\x37\x73\xc6\x63\x31\x00\xfc\x69\x00\x1c\x91\xc0\x00\x98\x58\
\x78\xd3\x1b\x6b\xdc\x6a\x4a\x91\xfb\x3d\x31\xba\xe1\x6e\x53\x0e\
\xf8\xf3\x8b\x5f\x76\xdc\xbe\xee\x85\xed\xa2\x65\x27\xe5\xb7\x08\
\xe5\x6a\xd5\xff\xca\xdb\x5b\xd2\x6c\xec\x67\x5b\xe1\x8f\xfa\xb7\
\x24\x06\x82\x5c\xf5\xcf\xf1\xfc\xf7\x95\x7b\x3a\xc5\xae\xfd\x83\
\x5c\x00\xc8\xd3\x7a\xa3\x6b\x6f\xc4\x60\x9b\x53\xc3\xfd\x0f\xfc\
\xf0\xfb\x84\xbf\xf0\xe6\x37\x56\xcb\x1c\x31\x81\x01\x70\x04\x06\
\x80\xb7\x0d\x80\x70\x03\xc0\xe4\x06\xc0\xcd\x6f\xde\x99\xea\x05\
\x52\x64\x79\x4c\xc9\x21\x73\xbb\x2b\xa6\xe3\x26\x1d\x4d\x96\x72\
\xcd\x54\x06\x10\xfc\xf0\xc7\xf2\x5f\x56\xd9\x26\x96\xbd\xb3\x53\
\xec\x39\xc0\x0d\x38\x42\xb9\x5a\xf5\x5f\xf2\xa6\xb9\xd7\x3f\xe5\
\x15\xfd\xc8\x63\xdc\x84\x5f\x61\x10\xc8\x04\xa6\x68\x5e\x43\xce\
\xe7\xbf\xef\x3c\xd0\x2d\xf6\x0d\x30\xf7\x20\xef\xeb\xb6\x4d\xbd\
\x91\xf1\x59\x51\xc7\xfd\x0f\xfc\xf0\xfb\x84\x5f\xe6\x86\x29\x18\
\x00\xa1\x46\x80\x18\x00\xfe\x30\x00\x8e\x36\xe2\x38\x23\x4e\x36\
\xe2\x0c\x23\x0a\x0a\xa7\xbd\xfd\x90\x7b\x0e\x92\x3d\xa2\x2f\x30\
\x75\x89\x8d\xee\x80\x73\xdb\x11\x83\x1f\xfe\xc4\xf1\xcd\xfb\xba\
\xc5\x13\xcd\x7b\x43\xc9\x07\x42\x28\x37\x6a\xea\xdd\x2f\xbe\x7c\
\x47\x8b\x7a\x05\xdf\xcd\xa8\x90\x7b\xfd\x73\x3f\xff\xfd\xf0\xe1\
\x1e\xb1\xff\x20\xf3\x0f\xf2\x87\xfe\xf1\x7c\x8f\x65\x0c\xd5\x71\
\xff\x03\x3f\xfc\x3e\xe1\x97\xb9\xa1\xcc\x11\xcd\x5c\xf1\x64\x33\
\x77\x3c\x1a\x03\x20\x40\x06\x40\xd1\x8c\x4d\x4f\xa6\xea\x68\x39\
\x2f\x61\xc9\x6c\x97\x4b\xdd\x3d\x3c\xae\x3f\x1f\xfe\xc0\xf1\x9f\
\x75\x4b\x8b\xf8\xe3\xd3\xdb\x44\xcd\x76\x8e\xd8\x42\x28\xd7\xab\
\xfe\x4b\xdf\x4c\xd4\xe1\x5f\xbf\xe9\x5f\x4a\xcf\x9f\x53\x2b\x8a\
\xe6\x36\x7a\x62\xfe\xfb\xf5\x13\x5b\xc5\xc1\x41\x92\x7f\xe4\x1f\
\xfd\xe0\x81\xb6\x91\xb1\x24\xab\x67\xb8\xff\x81\x1f\x7e\x7f\xf0\
\xcb\xdc\x10\x03\x20\x38\x06\xc0\x68\x9b\x01\x30\x2e\x64\x00\xcc\
\xda\xf4\x62\xfa\x4d\x30\x92\x3b\x50\xce\x2f\xc8\xe4\x25\x2b\xb9\
\xfe\x7b\xe1\x0f\x2e\xff\x07\x57\xb5\x8a\xf9\x6f\xec\x14\xbd\xfd\
\x34\xd9\x42\x28\xd7\x6a\xee\xdd\x2f\xbe\x12\xb5\xea\x9f\x4e\x97\
\xff\xe4\x15\x03\x31\xaf\x57\x51\x2f\x0a\x3d\x32\xff\xfd\xe5\xd9\
\x6d\x54\x1e\x21\xdf\xe9\xb2\x95\x0d\x23\xe3\x49\x36\xcd\xe4\xfe\
\x07\x7e\xf8\xfd\xc1\x5f\x34\x6b\xf3\x8b\xa6\x01\x30\xce\x66\x00\
\x8c\xc6\x00\x08\x86\x01\x50\x58\x34\xbb\xfa\x4d\xb7\x4a\x5c\xdc\
\x76\xa8\x9c\x97\xb8\xb8\xfd\xf3\xf0\x07\x9d\xff\xca\xbb\x3a\xc5\
\x03\x75\x7d\xac\xb4\x21\xe4\x91\x55\xff\x65\x6f\x6d\x17\x53\xe6\
\x55\xa7\x51\xe2\x9f\xe6\x16\x81\x91\x55\x7f\x6f\xcc\x7f\x37\xbe\
\xb4\x9d\x0b\x01\xf9\x4e\x07\x0e\x0e\x89\xd2\x0a\xcb\xb8\xe2\xfe\
\x07\x7e\xf8\x7d\xc3\x5f\x34\xbb\xea\x4d\x99\x23\x62\x00\x04\xcb\
\x00\x38\x3e\xca\x00\xa8\xa8\xa9\x4a\xe8\x08\xcd\x6b\x1a\x79\xb4\
\x7e\x9d\xfe\x05\xe7\xec\xfb\xb1\x7f\x4f\xe4\x31\xbd\x63\x33\x14\
\x0e\x1b\xfc\x79\xc1\x3f\x69\x61\x93\xf8\xe5\xe3\x5b\xc4\xdb\x3d\
\xfb\xb9\x6b\x43\xc8\x23\x6a\xd9\x79\x40\x7c\xe5\xce\xe6\xc8\x0a\
\xfd\xac\xaa\x91\xc7\xe1\xaf\x23\x8f\xa9\x24\xf8\x29\x35\x05\xac\
\xa8\x1b\xd9\xeb\xef\x85\xf9\x6f\xde\xeb\xbd\x5c\x08\xc8\x97\xaa\
\xdd\xd6\x1f\x19\x57\xa1\x13\x00\xb8\xff\x81\x1f\x7e\xdf\xf0\xcf\
\xa9\xa9\xb2\x19\x00\xc7\x63\x00\xf8\xcf\x00\x18\x65\x31\x00\x8e\
\x31\xdf\xc4\x53\xcc\x37\xb5\xa8\xb8\xa2\xae\x31\xdd\x26\x11\xda\
\x25\x2e\xda\x03\xca\xe5\x63\x3d\x5c\x6e\x9a\x01\xbf\xbf\xf9\x2f\
\x59\xd6\x2a\xa6\xbf\xb2\x43\xf4\xf4\x51\xe6\x8f\x90\x97\x56\xfd\
\x57\xbc\xbd\x43\x4c\x49\xb0\xd7\x3f\xfd\x15\xff\x24\xdf\xb7\xec\
\xf5\xf7\xc2\xfc\x57\x62\xc4\xaa\x7f\xed\xe2\x62\x40\xbe\xd5\x43\
\x75\xbb\x2c\x55\x35\x75\xdc\xff\xc0\x0f\xbf\x9f\xf8\x2b\xea\x1b\
\x2d\x06\xc0\x29\x66\xee\x78\x8c\xc5\x00\x18\x85\x01\xe0\x0f\x03\
\xe0\x5d\x89\x0c\x80\xa2\x8a\xba\x56\xd7\x8e\xbd\x70\xbc\x27\xc6\
\xf6\xfb\x2d\x2e\x57\xbc\x01\xe3\x7e\xd3\x0f\xf8\xf3\x81\xff\xb3\
\x77\x74\x88\x3b\xaa\x77\x8b\x7e\xba\x69\x23\xe4\x29\xb5\xee\x3c\
\x20\xbe\x1a\x5a\xf5\x8f\x5e\xe5\xb7\xae\xfe\xbb\xde\xf4\x6f\xa4\
\xc3\xbf\x37\xe6\xbf\xb2\x05\x4d\xe2\x9e\x9a\x3d\x5c\x0c\xc8\xd7\
\x9a\xfd\xca\xd6\x88\xc1\x36\xb7\x9e\xfb\x1f\xf8\xe1\xf7\x13\xbf\
\x91\x1b\xca\x1c\x31\x81\x01\xf0\x2e\x0c\x00\x7f\x1b\x00\x67\x86\
\x0c\x80\xb9\x75\xed\x99\xdb\x53\x92\xdb\xe7\x3b\x2d\x99\x81\x3f\
\x38\xfc\xe5\xc6\x4d\xf5\x2f\x1e\xeb\x11\xaf\x77\xf5\x73\x67\x86\
\x90\x07\x57\xfd\x57\xbe\xbd\x5d\x9c\x35\xbf\x46\x63\xcf\xbe\xa2\
\xa9\x9f\x6a\xcb\x40\x68\xd5\xbf\xc1\x53\xf3\xdf\xe4\x45\xcd\xe2\
\xb1\xc6\x3e\x2e\x08\xe4\x7b\xfd\xfc\xe1\xf6\x91\x31\x59\x34\xb7\
\x9e\xfb\x1f\xf8\xe1\xf7\x11\xbf\xf1\xd9\xd8\x6e\x1a\x00\x67\x62\
\x00\xf8\xdf\x00\x18\x63\xbe\x79\x27\x58\x0d\x80\xe2\x8a\x86\xae\
\x84\x0e\x93\xa2\x64\x45\x7d\x81\x29\xce\xc5\x54\x96\xc4\xe8\x39\
\x62\xba\x03\x48\x9f\x0f\x7e\xbf\xf1\xbf\x77\x45\xab\x98\xf1\x6a\
\x2f\x65\xfe\x08\x79\x78\xd5\xff\x6b\x77\xb6\xc4\xac\xf0\xdb\x13\
\x7c\x55\x45\x80\x56\xd3\x3f\xd9\xe1\xdf\x63\xf3\xdf\xb9\x8b\x5b\
\xc4\x0b\x6d\xfb\xb8\x20\x50\x20\xf4\xa9\xb5\x8d\x23\x63\x51\x9e\
\x00\xc0\xfd\x0f\xfc\xf0\xfb\x88\xbf\xa2\xbe\xcb\x66\x00\x9c\x60\
\xe6\x90\x63\x30\x00\xfc\x6d\x00\x9c\x3a\x62\x00\xcc\x6b\xd8\x92\
\xf8\x82\x75\xd6\xf5\x52\x7d\xc1\xe9\x3a\x72\xba\x8e\x97\x6e\xd3\
\x0e\xf8\x83\xc2\x7f\xd9\x9a\xb6\x50\x99\xff\x01\xca\xfc\x11\xf2\
\xac\x56\xbd\xbd\x43\x9c\x35\xbf\x3a\x43\x2b\xfe\x76\x83\xc0\xbe\
\xd7\xdf\x3b\xf3\xdf\x05\x4b\x5b\xc4\x5b\xdd\x54\x27\xa1\x60\x48\
\x56\xf4\x4c\xb6\xf4\xf0\x28\xe2\xfe\x07\x7e\xf8\xfd\xc5\x3f\xaf\
\x7e\x8b\xc5\x00\x38\x15\x03\xc0\xff\x06\xc0\x58\x8b\x01\x30\xde\
\x88\xe2\xa2\xb9\x0d\xdb\x53\xbe\x88\xc3\x17\x93\x7c\x0c\x5f\x64\
\xf3\x9a\x12\x5e\xd0\x6a\xc7\x2a\xf9\x05\xa9\xdc\x03\xe3\xba\x83\
\x06\xbf\xdf\xf9\x2f\x5f\xdb\x1e\xda\x3f\x3b\xc8\x99\xd9\x08\x79\
\x56\x6d\xbb\x0e\x88\xaf\xdf\xd5\x9a\x34\xc1\x57\xf6\x00\x50\x26\
\xfc\xb6\xd7\x93\x8d\xc8\x3c\x38\xff\xc9\x2a\xa5\xea\x6d\x9c\x40\
\x82\x82\x23\x59\xd5\x13\x19\xbf\xd5\xdc\xff\xc0\x0f\xbf\xdf\xf8\
\xe7\x35\x6e\x97\x39\xa2\x99\x2b\x86\x0d\x80\xb1\x18\x00\x81\x32\
\x00\x1a\x7b\xd3\x77\xa8\x32\x7d\x4e\xa5\xbb\x5d\x2d\x9d\x97\xf4\
\xc0\xef\x55\xfe\x2b\xd6\xb5\x8b\x07\xea\xfa\x48\xfc\x11\xf2\xb8\
\xd6\xfc\x6b\x87\x38\x7b\x64\xaf\x7f\x9a\x5d\xfb\x75\x4a\xfe\xcd\
\x55\x7f\x2f\xce\x7f\x1f\x5e\xdd\x26\x9a\x8d\x64\x09\xa1\x20\xe9\
\xa9\xa6\x3d\x51\x27\x00\x70\xff\x03\x3f\xfc\x3e\xe3\x9f\xd7\xd8\
\x8b\x01\x10\x70\x03\xa0\x64\x5e\xc3\xee\x74\x4b\x4a\x54\x03\x26\
\xc6\x71\xb2\x3c\x46\xb9\x69\xe9\xbe\x9e\xdd\xc1\xd2\x74\xe8\x9c\
\xee\xd1\x81\x3f\xf7\xfc\x1f\x5e\xd5\x26\x1e\xaa\xef\x0b\x95\x1c\
\x22\x84\xbc\xab\xf6\x5d\x07\xc4\x37\xee\x6a\x11\x85\x72\x65\x30\
\xbc\x52\x3f\x2b\xf5\xa6\x7d\xca\x1e\x00\xd6\xd7\x0c\x3f\xc7\x48\
\x3e\x0a\x3d\x3a\xff\xc9\x6a\xa5\xae\x3d\x03\x5c\x18\x28\x70\xba\
\xe5\x8d\x6d\x91\xf1\x1a\x3e\x02\x90\xfb\x1f\xf8\xe1\xf7\x0d\x7f\
\xf1\xdc\x86\xdd\x18\x00\x01\x37\x00\x8c\x37\xba\x2f\xdd\x92\x12\
\xb7\x1d\x2f\xdd\x3d\x2c\x6e\x77\xf9\x84\xdf\x3f\xfc\xe7\xdc\xd2\
\x22\xe6\xbe\xde\xcb\x51\x7e\x08\xf9\x40\x6b\x37\xf6\x8a\x73\xe6\
\xd7\x38\xdf\xc3\x6f\x3d\xd6\x2f\x99\x61\x30\xa7\xc6\xdc\xeb\xef\
\xcd\xf9\xef\xb3\xb7\x77\x88\x6d\x7b\x69\x4c\x8a\x82\xa9\xdf\x3d\
\xde\x15\xd9\xff\x5f\x51\xcf\xfd\x0f\xfc\xf0\xfb\x8f\xbf\x0f\x03\
\x20\x98\x06\xc0\x69\x23\x15\x00\xf3\x9b\xf6\x47\x1c\x29\xcb\x63\
\x2a\x17\x90\xd3\x3d\x31\x0a\x47\xcc\x71\x17\x4c\x2b\x53\xbc\xd7\
\xb7\xfd\xfd\xf0\xfb\x83\xff\x57\x8f\x6f\x11\xdd\xac\x9c\x21\xe4\
\x79\x75\xec\x3e\x20\xbe\x75\x4f\x6b\xfc\x15\x7c\xcb\x63\xbc\x8a\
\x80\xb4\x4f\x01\xa8\x18\xde\xeb\xef\xd5\xf9\xef\xcb\x77\x77\x8a\
\x5d\xfb\x07\xb9\x38\x50\x60\xf5\xc5\xdb\x9a\x47\xc6\x6a\xd1\xbc\
\x06\xee\x7f\xe0\x87\xdf\x67\xfc\x32\x37\xb4\x18\x00\xa7\x61\x00\
\x04\xcb\x00\x98\x60\x44\x49\xf1\xbc\xe6\x81\x54\x2f\x68\x7b\xb8\
\x7f\x0c\x85\xc2\xc1\x8a\xb9\x60\xed\x03\x26\xf9\xeb\x2b\xff\x7e\
\xf8\x3d\xcd\x7f\xc5\xad\xed\xe2\x4d\x3a\x65\x23\xe4\x0b\xad\xdb\
\xd8\x2b\xce\x5d\x50\x93\xde\x0a\x7e\xbc\x3d\xfd\xb6\x12\xff\x18\
\xc3\x20\xaa\xc3\xbf\x37\xe7\xbf\xef\x3d\xd0\x2d\xf6\x0d\x90\xfc\
\xa3\x60\xeb\xfc\x45\x91\x6a\x9f\x44\xab\x98\xdc\xff\xc0\x0f\xbf\
\x77\xf9\x65\x6e\x28\x73\x44\x33\x57\xc4\x00\x08\x88\x01\x70\x62\
\x94\x01\x30\xbf\x79\x28\xed\x26\x15\x4a\x07\x4c\xb3\x6b\xa5\xe3\
\xd7\x73\x77\x00\xc1\xef\x1d\xfe\xeb\x9e\xdf\x46\xb9\x3f\x42\x3e\
\x50\xd7\xee\x01\xf1\x9d\x7b\x5a\xf5\xbb\xf6\xc7\xdb\xc3\x3f\x2b\
\xc5\x53\x00\x2c\x1d\xfe\xbd\x3a\xff\xfd\xf4\x91\x1e\x8e\x25\x45\
\x81\xd7\x96\xbe\x81\xa8\xb1\xc9\xfd\x0f\xfc\xf0\xfb\x90\x7f\x41\
\xf3\x90\xcd\x00\x38\x11\x03\xc0\x9f\x06\xc0\x91\x46\x1c\x95\xc0\
\x00\x18\x74\xab\x49\x85\xb2\x4b\xa5\xaa\x24\xc5\xed\x01\x18\xc3\
\x13\x5d\xe2\xe2\x76\x93\x0e\xf8\xdd\xe7\xff\xc0\xca\x36\xf1\x7c\
\xdb\x5e\xee\xaa\x10\xf2\x81\x6e\xdb\x24\x57\xfd\x6b\xe3\x77\xe9\
\x9f\x65\x79\x8c\x5b\xf2\x5f\x9d\xf4\x58\xc0\xb8\x15\x01\x72\xd5\
\xbf\xa2\xc1\xf3\xf3\xdf\x9f\x9e\xd9\xca\x09\x25\x28\x2f\xf4\x62\
\x5b\x5f\x64\xac\x1a\xe3\x93\xfb\x1f\xf8\xe1\xf7\x23\x7f\xcb\x60\
\x02\x03\xe0\x28\x33\xa7\xc4\x00\xf0\xb8\x01\x70\xb8\xda\x00\x68\
\x3a\x90\xee\x05\xae\xdf\x25\xd3\xdd\x92\x1b\xe7\x4d\x33\x9c\x39\
\x6a\xf0\x67\x96\xff\x87\xeb\x7b\xc4\xce\x7e\xca\x65\x11\xf2\xba\
\x64\x4f\x8e\xef\xdd\xd7\xe6\xea\x8a\xbf\x3d\x62\x2a\x00\x42\xab\
\xfe\xde\x9f\xff\x6e\x78\x71\x3b\x17\x08\xca\x1b\xad\x7a\x7b\x47\
\x64\xac\x56\xd4\x71\xff\x03\x3f\xfc\x3e\xe4\x2f\x59\xd0\x74\x20\
\x05\x03\xe0\x70\x0c\x00\x7f\x1b\x00\xfd\x29\x5f\xe0\xaa\xa6\x15\
\x8a\x12\x13\xd7\x4b\x56\x14\x4d\x2c\xb4\x9b\x66\xc0\xef\x19\xfe\
\xbf\xbd\xb0\x9d\xa3\xfd\x10\xf2\x81\xee\xac\xda\x29\xce\x5b\x58\
\xab\xdc\xa3\xef\xda\x9e\xff\xf0\x5e\x7f\x1f\xcc\x7f\xf3\x5f\xef\
\xe5\x02\x41\x79\xa5\xa9\x4f\x77\x45\xc6\x6b\xa8\x02\x80\xfb\x1f\
\xf8\xe1\xf7\x1f\x7f\x63\x3f\x06\x40\xc0\x0d\x00\xe3\x82\xe8\x2b\
\xb6\x5e\xd4\x96\x50\x97\x94\x28\x2e\x70\xfb\xf3\xed\xe1\xf4\x1c\
\x4c\xcd\x01\xa9\xe4\x81\x3f\xe7\xfc\x25\xc6\xe3\xb2\xb7\x77\x72\
\x17\x85\x90\xc7\xd5\xb3\x67\x40\xfc\xe0\xbe\xb6\xc4\x09\xbe\xbd\
\xcb\xbf\x3d\x34\x0d\x82\xf0\x8a\x62\xa1\x0f\xe6\x3f\xf9\xef\x6b\
\x36\xee\xe2\x22\x41\x79\xa7\xaf\xdf\xd5\x12\x19\xf7\x73\xeb\xb9\
\xff\x81\x1f\x7e\x7f\xf2\xf7\x61\x00\x04\xdc\x00\x28\x99\xdb\xb0\
\x3b\xe5\x73\x2c\x35\x8f\xbd\x70\xdd\x51\xd3\x1e\x40\x8a\x2e\x97\
\xca\x3d\x38\xf0\x67\x93\x7f\xf2\xc2\x66\xf1\x50\xfd\x1e\xee\xa0\
\x10\xf2\xb8\xee\x91\xab\xfe\xb2\xc3\x7f\x54\x89\x7e\xf2\x15\x7d\
\xa5\x41\x60\xef\x09\x10\xf5\x6f\x35\x23\x7b\xfd\xbd\x3e\xff\x95\
\x2f\x6c\x12\xf7\xd7\x31\x8f\xa1\xfc\xd4\xfb\x96\xd4\x8d\x8c\xfb\
\xe1\x23\x00\xb9\xff\x81\x1f\x7e\xff\xf1\x37\xee\xc2\x00\x08\x7a\
\x05\xc0\xdc\xc6\x1d\xe9\x1f\x7b\xa1\xd8\x63\x62\xbb\xc0\x75\xbb\
\x5a\x6a\xef\x81\x71\xe8\xd0\xc1\x9f\x5b\xfe\xbb\xaa\x77\x73\xf7\
\x84\x90\x87\x25\x3b\x7c\x5f\xf5\x40\x7b\x6a\xc7\xfa\xd9\x12\x7c\
\xad\xae\xfe\xd6\x98\x33\xbc\xea\xef\x87\xf9\x6f\xca\xa2\x16\xf1\
\x64\x33\x4d\x4b\x51\x7e\x6a\xf7\xfe\xc1\xa8\xf1\x5f\xc8\xfd\x0f\
\xfc\xf0\xfb\x93\xdf\xc8\x0d\x31\x00\x82\x6d\x00\x94\x16\xcf\x6d\
\xd8\x96\xb2\xe3\xa4\x0a\xcd\x3d\x31\xba\x0e\x97\xe3\x63\x32\x9c\
\x3a\x6e\xf0\x67\x8c\xff\xa6\x97\x69\x94\x85\x90\x97\x75\x5f\xcd\
\x4e\x71\x41\x78\xaf\x7f\x0a\x25\xfd\xaa\x9e\x00\x31\xdf\x8f\x79\
\xbd\x1a\xe3\x26\xa4\xc1\x37\xf3\xdf\xbb\x97\xb4\x88\x57\x3b\xf6\
\x71\xa1\xa0\xbc\xd5\x9b\x5d\x7b\x2d\xa6\x60\x0d\xf7\x3f\xf0\xc3\
\xef\x57\x7e\x23\x37\x94\x39\x22\x06\x40\xb0\x0d\x80\x9e\x74\x2f\
\x20\xa5\x63\xe6\xf2\x9e\x19\xdd\x3d\x2c\x4e\x4b\x66\xe0\xcf\x0e\
\xff\xd5\xeb\xbb\x69\xf8\x87\x90\x47\xb5\x75\xef\x80\xb8\xfa\x81\
\x36\xe5\x8a\x7e\x4c\xd7\x7e\x45\x89\x7f\xd2\x8a\x81\x39\x75\x31\
\x73\x9b\x97\xe7\xbf\x8b\x97\xb6\x88\x8d\x5b\xf6\x73\xb1\xa0\xbc\
\xd6\xed\x9b\x7a\x2d\x15\x3e\xb5\xdc\xff\xc0\x0f\xbf\x5f\xf9\x2b\
\xea\x7b\x30\x00\x82\x6e\x00\x54\xd4\x77\xa5\xdb\xf4\x42\xd7\xe1\
\x72\xbf\xc4\xa6\x79\xe4\xd1\xfa\x75\xca\x7b\x60\x1c\x36\xfd\x80\
\xdf\x39\xff\x45\xc6\x8d\xf3\xae\xfd\x1c\xf5\x87\x90\x17\xf5\x60\
\xed\x2e\x71\xa1\xbd\xc3\x7f\x9a\x2b\xfc\xa9\x1d\xf3\x27\xf7\x0d\
\x37\xfa\x6a\xfe\xfb\xd0\xca\x56\xd1\xb0\xe3\x00\x17\x0b\xca\x7b\
\xfd\xe3\xb9\x9e\xc8\xf8\xaf\xa8\xe3\xfe\x07\x7e\xf8\xfd\xca\x6f\
\xe4\x86\x18\x00\x01\x37\x00\x8a\x2a\xea\xda\xc3\x17\x50\xf1\xc8\
\xc5\x94\x9a\x63\xa4\x72\xbc\x9c\x0e\x28\xd5\xcf\xab\x4a\x60\xd4\
\xaf\x17\x3d\x80\xe0\xcf\x3e\xff\x72\x3a\xfe\x23\xe4\x39\x6d\xdf\
\x7b\x50\xfc\xe4\xa1\xf6\xa4\x2b\xf6\xaa\x15\xff\x98\x3d\xff\xaa\
\xa6\x7f\x72\xd5\xdf\x67\xf3\xdf\x65\x6b\xda\x44\xfb\xee\x01\x2e\
\x18\x84\x0c\x7d\xef\xde\xd6\xc8\xf8\xae\xa8\xe7\xfe\x07\x7e\xf8\
\x7d\xca\x5f\x34\xb7\xa1\x1d\x03\x20\xe8\x06\xc0\x9c\xba\x96\x74\
\x2f\x70\xa7\x7b\x62\xb4\x4b\x5a\x1c\xee\xd9\x71\xdc\x84\x03\x7e\
\x57\xf9\x3f\x6a\xdc\x3c\x1f\x38\x48\xe9\x3f\x42\x5e\xd2\xfa\xba\
\x5d\xe2\xa2\x45\xb5\xea\x92\x7e\x55\xa4\x5c\x11\x60\xfc\xdb\xdc\
\x06\xdf\xcd\x7f\x9f\xb9\xad\x43\x6c\xdd\x7b\x90\x0b\x06\x21\x53\
\x1f\x5e\x56\x3f\x32\xbe\x8b\xac\xe3\x96\xfb\x1f\xf8\xe1\xf7\x17\
\xbf\x91\x1b\x62\x00\x04\x7d\x0b\xc0\x9c\xda\x26\xb7\x2e\x18\xfd\
\x3d\x32\x8a\x12\x16\xb7\xbb\x68\x6a\x0e\x60\xf8\x33\xcb\xbf\x76\
\x13\x5d\xff\x11\xf2\x8a\x76\xec\x3b\x28\x7e\xbe\xbe\x3d\xed\xae\
\xfd\xfa\x3d\x02\xaa\x43\x1d\xfe\x8b\x7c\x38\xff\x7d\xe5\x9e\x2e\
\xb6\x2e\x21\x64\x51\xff\xc0\x60\xb4\x01\xc8\xfd\x0f\xfc\xf0\xfb\
\x97\xdf\xc8\x0d\x31\x00\x02\x5f\x01\x50\x53\xe5\x5a\x93\x09\x87\
\x8e\x95\xee\xef\x57\x3f\xdf\x5a\xd6\x12\xfe\x1b\x9a\xdd\x73\xe4\
\xe0\x77\xc4\x4f\xe9\x2c\x42\xde\xd0\xa3\x0d\xbb\xc5\xc5\xb7\xd4\
\x26\x2f\xd9\xd7\x8d\xa4\x15\x00\xd5\xc3\x1d\xfe\x7d\x38\xff\xfd\
\xd7\x03\xdd\x46\xb2\x43\xe5\x12\x42\x56\x6d\xec\xd9\x67\x19\xff\
\xd5\xdc\xff\xc0\x0f\xbf\x8f\xf9\x8b\x66\x55\x57\x61\x00\x04\xdd\
\x00\x98\xb9\xf9\xad\xd4\xf7\xa8\x58\x1e\xe3\x38\x56\x8e\xf7\xc4\
\xd8\x2f\x58\xfb\x9e\x14\x97\x07\x88\xfe\x1e\x1d\xf8\xdd\xe2\x97\
\x7b\x67\x11\x42\xb9\xd5\xce\xfe\x83\xe2\x7f\x1e\xe9\x48\x6d\x8f\
\xfe\x2c\xcb\xe3\xac\xea\xc8\x2a\xbe\x6e\x4f\x80\x39\xb5\x51\xab\
\x83\x7e\x9a\xff\x7e\xf1\xd8\x16\x31\x30\x48\xf2\x8f\x90\x5d\x77\
\x57\xed\x8c\x8c\xff\xd9\xb5\xdc\xff\xc0\x0f\xbf\x8f\xf9\x8b\x66\
\x55\xbd\x89\x01\x10\x6c\x03\xa0\xa4\x70\xc6\xc6\x97\x52\x2d\x59\
\xd1\x2f\x29\x71\x7a\x41\x47\xff\xbc\x6e\x97\x4b\xdd\x63\x3a\xe0\
\xcf\x1e\xff\x1f\x9e\xda\xca\x1d\x13\x42\x39\xd4\x13\x8d\xbb\xc5\
\x25\x8b\x6b\x53\x2e\xd9\xd7\xef\x09\x50\x6d\x79\xac\x8e\x59\xf5\
\xf7\xdb\xfc\xf7\x97\x67\xb6\x71\x5c\x29\x42\x09\x74\xd3\x8b\x3d\
\x91\xb1\x3f\xa7\x8e\xfb\x1f\xf8\xe1\xf7\x31\xbf\xcc\x0d\x65\x8e\
\x88\x01\x10\x64\x03\x60\xda\x3b\x4f\xa5\x7a\xc1\xaa\x1c\x26\xa7\
\x0e\x98\xdb\xaf\xa7\xcb\x03\x7f\xf6\xf8\xff\xf9\xd2\x76\xee\x98\
\x10\xca\xd1\xaa\xff\x6f\x1e\xed\x48\x21\x61\xb7\xfe\x5b\x6c\xa8\
\xf7\xf8\x5b\x0c\x02\xdb\xaa\xbf\xdf\xe6\xbf\x69\x2f\xef\xe0\xc2\
\x41\x28\x89\xae\x7a\xa0\x2d\x32\xf6\x2d\x27\x00\x70\xff\x03\x3f\
\xfc\xfe\xe3\x97\xb9\x21\x06\x40\xd0\x0d\x80\x9b\xde\x5c\x9f\xb1\
\x3d\x27\x0e\x1d\x2f\xf5\x05\x9b\xd9\x01\x09\x7f\xe6\xf8\x2b\x5e\
\xeb\xe5\x8e\x09\xa1\x2c\xeb\xa9\xa6\x3d\xe2\x7d\x8b\xeb\x52\x3b\
\xa6\x4f\x91\xf0\xc7\x3e\x3f\x9e\x81\x50\x23\x8a\xe6\xd6\xfb\x7a\
\xfe\x5b\xfc\x16\x47\x95\x22\xa4\xd2\x65\x2b\x1b\x22\xfd\x3d\x2a\
\x1a\xb9\xff\x81\x1f\x7e\x1f\xf3\xcb\xdc\x10\x03\x20\xe0\x06\xc0\
\xc4\x7f\xbe\x7e\x77\xaa\x5d\x28\x95\x25\x29\xf6\x0b\x6c\x6e\xe4\
\x71\xf8\xeb\xe6\x91\xc7\xb8\x7b\x68\xe6\x5a\x1e\xe7\xda\xfe\x2d\
\x23\x03\x58\xaf\x0b\x27\xfc\xee\xf1\x2f\x7e\x93\x9b\x6a\x84\xb2\
\xa5\xdd\xfb\x07\xc5\x6f\x1f\xef\xb4\x25\xf0\x91\x7d\xfc\xf1\xf6\
\xf4\xab\x12\x7c\xd5\xf3\xe5\x3e\xe0\x22\x1f\xcf\x7f\xa5\xf3\x9b\
\xc4\xed\x55\x9c\x54\x82\x90\x4a\xf2\x38\xdf\x92\xd9\x91\xf1\x5f\
\x34\xb7\x91\xfb\x1f\xf8\xe1\xf7\x31\x7f\xa1\x91\x1b\x62\x00\x04\
\xbd\x02\xe0\x86\x57\x2b\xdd\x72\x94\xb4\x8f\xd5\x70\x78\xc1\xea\
\x96\xe8\x38\xfd\x7b\xe1\x77\x8f\xff\xfa\x17\xd8\x02\x80\x50\x36\
\xf4\x5c\xcb\x1e\xf1\x81\xa5\x75\xda\x5d\xfd\xb5\x4a\xfc\x6d\x46\
\x41\x78\xd5\xdf\xaf\xf3\xdf\xe4\x05\x4d\xe2\xe1\x86\x3e\x2e\x1e\
\x84\x52\x50\xcd\xb6\xfe\xe8\x13\x00\xb8\xff\x81\x1f\x7e\x5f\xf3\
\x17\x18\xb9\x21\x06\x80\xbf\x0d\x80\xc3\x94\x15\x00\xd7\xbf\xb8\
\x34\x75\x07\x2b\xf2\x98\x91\xae\x93\xaa\xef\xdb\xfe\x9e\x58\x87\
\x2c\xf9\x00\x51\xff\x3c\xfc\xd9\xe2\xbf\x7a\x7d\x37\x77\x4d\x08\
\x65\x50\x7b\xf6\x0f\x8a\x3f\x3e\xd1\x15\x49\xe8\x67\x46\x1e\x43\
\x31\xcb\xf2\x18\x6f\x05\xdf\xf6\x7c\xeb\xbf\x25\x34\x0c\xcc\xbd\
\xfe\x7e\x9e\xff\xce\x59\xd4\x2c\x9e\x6f\xdb\xcb\x05\x84\x50\x8a\
\x7a\xa0\x76\x57\x64\x0e\x99\x5d\xc3\xfd\x0f\xfc\xf0\xfb\x9c\x5f\
\xe6\x86\x29\x18\x00\x87\x61\x00\x78\xdf\x00\x78\x97\x11\x63\xe2\
\x1b\x00\xcf\xcd\x4b\xdb\x11\xb3\x95\xac\x28\x07\x88\xe6\x80\xd2\
\x0d\xc7\xc7\x7e\xc0\x9f\x35\xfe\x8f\x71\x0c\x20\x42\x19\xd3\x0b\
\xad\x7d\xe2\x43\xcb\xea\xe3\x1f\xc3\x97\x72\x17\x7f\x45\x45\x80\
\xd5\x44\x98\x39\xbc\xea\xef\xf7\xf9\xef\xc2\x25\x2d\xe2\xad\xee\
\x7e\x2e\x20\x84\x34\x34\xe3\xa5\x2d\x11\x83\x30\x74\x02\x00\xf7\
\x3f\xf0\xc3\xef\x67\x7e\x99\x1b\x26\x30\x00\xc6\x98\x39\x25\x06\
\x80\x0f\x0d\x80\x13\xac\x06\xc0\x84\xa9\x4f\x4f\x4f\xff\x02\xb7\
\xed\x89\xb1\xec\x73\x89\xf7\x7c\xd5\x00\xd0\xfd\xfd\xda\x0e\x9d\
\xcb\xbf\x1f\x7e\x67\xfc\xf5\x3b\x0e\x70\xe7\x84\x90\x8b\xda\x7b\
\x60\x50\xfc\xdf\x53\x5d\xf1\x13\x78\xc5\x8a\x7e\xf2\x04\x3f\x5e\
\x05\x40\xf5\xc8\x91\x5f\x45\x01\x98\xff\xde\xb7\xa2\x55\xd4\x6e\
\x67\x4e\x42\x48\x57\x3f\x79\xa8\xdd\x9c\x1b\x8c\x39\x61\x76\x1d\
\xf7\x3f\xf0\xc3\xef\x73\x7e\x99\x1b\xda\x0c\x80\x13\x30\x00\x82\
\x63\x00\x8c\x37\xa2\x78\xc2\xd4\xc7\xfe\x96\xbd\x3d\x2c\xd9\x7d\
\xbe\x6e\xc9\x0b\xfc\xd9\xe5\x9f\xbd\x61\x07\x77\x4e\x08\xb9\xa4\
\x97\xdb\xfa\xc4\xff\x5b\x56\x9f\x76\xc9\xbf\x6e\x05\x40\xe8\x66\
\x3f\xce\x5e\x7f\x3f\xce\x7f\x97\xad\x69\x13\x6d\xbb\x06\xb8\x88\
\x10\x4a\x43\xff\xb6\xba\x61\x64\x9e\x48\xfd\xd4\x0f\xee\xff\xe0\
\x87\xdf\xab\xfc\x32\x37\x94\x39\xa2\x99\x2b\x62\x00\x04\xc8\x00\
\x38\x75\xc4\x00\xf8\xc3\x83\x7f\x4e\xdb\xb1\x52\x5c\x60\xca\x63\
\x28\xdc\x76\xc4\x74\x07\x90\x26\x1f\xfc\xee\xf2\x7f\x70\x45\xab\
\xe8\x1f\x18\xe2\xee\x09\x21\x07\xda\x37\x30\x28\xae\x79\xa6\x3b\
\x2a\x51\x4f\xe9\x58\x3f\x55\x45\x40\xb2\xef\xcb\xbd\xfe\xe6\x51\
\x5f\x7e\x9f\xff\x3e\x79\x6b\xbb\xd8\xd2\x77\x90\x0b\x09\xa1\x34\
\x74\x70\x70\x48\x94\xcd\xa9\x1e\x31\x18\x0b\xe5\x09\x00\xdc\xff\
\xc0\x0f\xbf\xaf\xf9\x65\x6e\x68\x31\x00\x4e\xc5\x00\x08\xa0\x01\
\x30\xfe\x37\xb7\xff\x3c\xdd\x3d\x2d\xda\x7b\x54\xec\x03\xc6\x16\
\x8e\x4b\x58\x1c\x36\xed\x80\x3f\xfb\xfc\xf3\x5f\xef\xe5\x0e\x0a\
\xa1\x34\xb5\xa1\x7d\xaf\xf8\xe8\x8a\xfa\xf4\x9b\xf6\x69\x95\xfc\
\x27\xee\xf0\xef\xd7\xf9\xef\xcb\x77\x75\x8a\x9d\xfd\x83\x5c\x48\
\x08\xa5\xa9\x86\x1d\xfb\xa3\xe6\x08\xee\x7f\xe0\x87\xdf\xff\xfc\
\xe3\x7f\x7d\xfb\xcf\x30\x00\x02\x6e\x00\x9c\xfe\xc3\x25\xdf\x4d\
\xff\x02\x6e\xb4\x3c\x9a\xae\xaf\xd5\xfd\x75\x38\xa0\x5c\x77\xe8\
\x6c\x7f\x6f\xb1\xf9\xf7\xc2\x9f\x3b\xfe\x77\x2f\x6e\x16\x5d\x7b\
\x28\xbd\x45\x48\x47\xfd\x03\x83\xe2\xfa\x67\xbb\x45\x91\xc6\x0a\
\x7e\xc1\xcc\xcd\x96\xc7\xcd\xe6\xf7\x36\xa7\xbe\x05\x60\x76\xad\
\x65\xcc\xfb\x7f\xfe\xfb\xaf\x07\xba\x43\xd5\x13\x08\xa1\xf4\xf5\
\x70\xdd\xae\xe1\x39\x25\x64\x24\x56\x73\xff\x03\x3f\xfc\x01\xe0\
\x1f\xf7\x93\x25\xdf\xc5\x00\x08\xb8\x01\x70\xea\xb7\x6f\xfe\xa2\
\x5b\x0e\x95\x53\x47\xcc\x69\xd3\x0c\xb7\x4b\x7e\xe0\xcf\x0e\xff\
\xe7\x6f\x6f\x13\xfb\x0f\xb2\x15\x00\xa1\x54\xf4\x46\xe7\x5e\xf1\
\xb1\x95\x0d\xda\x5d\xfd\x75\x4b\xfe\x23\x51\x2d\x0a\x2b\xea\x03\
\x35\xff\xfd\xfc\xd1\x1e\x31\x30\xc8\x9c\x83\x90\x53\x55\xbc\xba\
\x35\x32\xcf\xcc\xa9\xe5\xfe\x07\x7e\xf8\x03\xc0\x2f\x73\x43\x0c\
\x80\x60\x19\x00\xc7\x58\x0c\x80\x33\x8d\x28\x3a\xf1\x3f\x7e\xf3\
\x09\xf7\x1c\x26\xbd\x88\x7d\xbd\x88\x2b\x15\xcf\xa1\x72\x7b\x00\
\xbb\xef\xb0\xc1\xaf\xcb\x2f\xf7\x11\xcb\x1b\x87\x3f\x3c\xd1\xc9\
\x9d\x14\x42\x49\x24\x4d\xb2\x1b\x9e\xef\x19\x59\xf5\x4f\x3d\x81\
\x4f\x63\x8f\x7f\xf8\xeb\xd9\xc3\x7b\xfd\x83\x34\xff\xfd\xe5\x99\
\x6d\x62\x68\x88\xe4\x1f\x21\x37\xf4\xf3\xf5\x1d\x91\x39\xc4\x3c\
\x01\x80\xfb\x1f\xf8\xe1\xf7\x37\xbf\xcc\x0d\x65\x8e\x68\xe6\x8a\
\x61\x03\xe0\x18\x0c\x00\xff\x1b\x00\xa7\x84\x0d\x80\x63\xdf\xf7\
\xc5\xf7\xba\x75\x01\x3a\x3e\xa7\x52\xfb\x58\x8b\xe4\x7f\xaf\xbe\
\x23\x07\x7f\xb6\xf9\x0b\xe6\xd4\x8d\x24\x1c\xd7\x3c\xdd\xcd\xdd\
\x14\x42\x71\xf4\x76\xf7\x3e\xf1\x89\x55\x0d\xb6\x15\xfd\x48\x19\
\x7f\x3a\x25\xfd\xb1\x15\x02\xd6\xd7\xab\x12\x45\x15\xf5\x81\x9b\
\xff\xa6\xbf\xb2\x83\x8b\x09\x21\x17\xf5\xe9\xca\xc6\x98\x13\x00\
\xb8\xff\x81\x1f\x7e\x7f\xf3\xcb\xdc\xd0\x62\x00\x9c\x82\x01\xe0\
\x6f\x03\x60\xb4\xf9\xe6\x1d\x6f\x35\x00\xde\x75\xe2\xe9\x67\xb9\
\xb5\x47\x45\xd7\xe1\x8a\xde\x97\xe2\xbe\xa3\xe5\xd4\x01\x83\x3f\
\xb3\xfc\x85\x15\x0d\x96\x7d\xc9\xc3\x37\x10\xbf\x7f\xbc\x53\x0c\
\xb2\x3a\x87\x50\x48\x07\x0e\x0e\x89\x9b\x5e\xd8\x22\x8a\x67\xe9\
\xaf\xe8\xa7\x5d\x01\x60\xee\xf5\x0f\xda\xfc\xb7\xe4\xad\x9d\x5c\
\x50\x08\xb9\x28\x59\x49\x33\xa9\xa2\x3a\x32\x87\x18\x9f\xe9\xdc\
\xff\xc0\x0f\xbf\xff\xf9\x65\x6e\x68\x33\x00\x8e\x37\x73\xc8\xd1\
\x18\x00\xfe\x37\x00\xc6\x99\x6f\xee\xa4\xe2\xb9\x8d\x7d\xa9\x95\
\xb4\x24\x6f\x22\xa1\xef\x60\x65\xfa\xf9\xee\x0e\x38\xf8\xdd\xe5\
\x97\x4d\xc5\xe2\x25\x20\xdf\xba\xbb\x45\x6c\xdb\x4b\x63\x40\x94\
\xdf\xda\xd8\xb3\x4f\x5c\xb1\xa6\x31\xe5\x92\xfd\xe4\x2b\xfa\x9b\
\x6d\x8d\x00\xe3\x19\x02\xd5\xe6\xaa\x7f\xb0\xe6\xbf\xd2\x79\x8d\
\xe2\x8e\xaa\xdd\x5c\x50\x08\xb9\xac\x96\x9d\xfb\xa3\xe6\xa7\x22\
\xee\x7f\xe0\x87\xdf\xff\xfc\x15\x8d\x7d\x32\x37\x34\x73\xc4\x71\
\x18\x00\xfe\x36\x00\x8e\x48\x60\x00\x14\x86\x0c\x80\x8a\xfa\xce\
\x6c\x34\xcd\xd0\x2d\xb1\xf1\xfa\x80\x83\xdf\x61\x05\xc0\xac\xea\
\xa8\x92\x65\x6b\x52\xf2\xde\xc5\x75\x62\x43\x7b\x1f\x77\x58\x28\
\xef\x24\x9b\xd3\xcd\x7c\x79\x8b\x28\x99\x9d\xbc\x6b\xbf\xbe\x21\
\x90\xe4\xf9\x71\x56\xfd\x83\x30\xff\x4d\x5e\xd8\x24\x1e\x6d\x64\
\x1e\x41\x28\x13\x7a\xbc\x61\x77\xa4\xca\x28\x74\x44\x28\xf7\x3f\
\xf0\xc3\xef\x7b\x7e\x23\x27\x34\x0d\x80\xc2\x04\x06\xc0\x11\x18\
\x00\xfe\x30\x00\x0e\xb7\x18\x00\x47\x9b\x6f\xe2\xc9\x16\x03\xa0\
\xbc\x68\x56\x55\x4d\x6a\x0e\x91\xed\x02\x36\x9f\x2f\x1f\x8b\xc3\
\xcf\x73\xb1\xab\xa6\xd3\x63\x2e\x62\x78\x2c\x8f\xd6\xbf\x3d\x75\
\x87\x0c\x7e\xb7\xf8\x65\xa9\xa0\x2a\x61\x91\xcd\xce\xae\x7b\xb6\
\x5b\xf4\x1d\xe0\xa8\x2e\x94\x1f\xaa\xda\xda\x2f\x3e\x65\xee\xa9\
\xd5\xef\xda\x1f\x6d\x18\xc4\xac\xf8\x5b\x1e\x0b\xcd\xef\x85\xbe\
\x9e\x53\x17\xc8\xf9\xef\xdc\x45\xcd\xe2\xa5\xf6\x7d\x5c\x54\x08\
\x65\x48\xf3\x37\x6c\x1d\x99\x4f\x42\x27\x00\x70\xff\x03\x3f\xfc\
\xfe\xe7\x9f\x55\x53\x23\x73\x43\x8b\x01\x70\xb2\x99\x3b\x1e\x6d\
\x31\x00\x0e\xc7\x00\xf0\x9f\x01\x70\x9c\xdd\x00\x28\x9c\xb1\xe9\
\x35\x37\x2e\x70\xb7\x1d\x2f\xed\x01\xa9\x68\x82\xa1\xfd\xf7\xc2\
\x9f\x31\x7e\x59\x6a\x9c\x6a\x02\xf3\x81\x25\x75\xa1\x95\x06\x84\
\x82\xaa\x83\x83\x43\x62\xce\x2b\x5b\x45\xe9\x6c\x9d\x92\x7d\xbd\
\x26\x80\x31\x86\x82\xd9\xe1\x3f\x88\xf3\xdf\xc5\x4b\x5b\xc4\x3b\
\x3d\xfd\x5c\x58\x08\x65\x50\xbf\x7a\xc4\x72\x02\xc0\x9c\x5a\xee\
\x7f\xe0\x87\x3f\x00\xfc\x85\xd3\x37\xbe\x16\xc7\x00\x38\x0e\x03\
\x20\x58\x06\x40\x41\xc8\x00\xb8\xe9\xed\x27\xdd\x70\xb0\xb2\x3f\
\xc0\x6c\xdf\x8f\x71\xb8\x22\x8f\x71\x1d\x37\xeb\xef\x84\x3f\xab\
\xfc\xa1\xfd\xff\xd6\x55\xc8\x70\x62\x93\x64\x85\xf3\xeb\x77\xb5\
\x84\xba\xa1\x23\x14\x24\xd5\x6e\xeb\x17\x9f\x5b\xdb\xa4\xbc\xfe\
\x95\x4d\xfc\x62\x56\xf8\x23\x8f\xf6\x9f\x97\x06\x5c\x50\xe7\xbf\
\x0f\x2e\x6f\x15\xf5\xdb\x0f\x70\x61\x21\x94\x61\x7d\xa6\xb2\x29\
\x62\x32\x56\xd4\x73\xff\x03\x3f\xfc\x01\xe0\x2f\x9c\xf6\xf6\x93\
\xa6\x01\x50\x80\x01\x10\x0c\x03\xe0\x48\x9b\x01\x70\x86\xf9\xe6\
\x96\x15\xdc\xf0\xea\x1d\xa9\x34\xbd\xd0\x6d\xa2\xa1\x7b\x41\xaa\
\x06\x88\x7e\xc9\x8e\x9e\xc3\x06\x7f\xf6\xf8\xc3\xc7\xff\x25\x5d\
\xd1\xb4\x19\x04\xe1\xaf\x7f\xf4\x60\x5b\x28\x69\x42\xc8\xcf\x92\
\xa7\x5d\xcc\xdf\xb0\x4d\x94\x57\x54\x6b\x5d\xff\xa9\x57\x08\xc4\
\xa9\xb0\x99\x55\x6b\x76\xea\x0e\xe6\xfc\x77\xd9\x9a\x36\xd1\xbe\
\x9b\x06\xa2\x08\x65\x5a\xf2\x04\x80\xc9\xe6\xdc\x35\x6c\x00\x34\
\x70\xff\x03\x3f\xfc\x01\xe0\x97\x39\xa1\xcc\x0d\xcd\x1c\xf1\x0c\
\x9b\x01\x70\x24\x06\x40\x80\x0c\x80\x89\xd7\x3e\xbb\x30\x9e\x03\
\xa5\x3e\xf6\xc2\xd6\xa4\x42\xe9\x68\x39\xeb\xca\x69\x1f\x50\x6e\
\x3b\x66\xf0\x67\x8f\x5f\x56\x00\xe8\x26\x30\xd6\x55\xcd\x22\x23\
\xae\x7a\xa0\x4d\xbc\xd1\xb9\x97\x3b\x31\xe4\x3b\xd5\x6f\xdf\x2f\
\x3e\x7f\x6b\x53\xda\xd7\x7f\x2a\x15\x33\x31\x3d\x36\xe6\xd4\x07\
\x7a\xfe\xfb\xcc\x6d\x1d\x62\xeb\xde\x83\x5c\x5c\x08\x65\x41\xad\
\x3b\x0f\x44\x6d\xd9\x2b\xe2\xfe\x07\x7e\xf8\x03\xc1\x3f\xf1\xba\
\x67\x17\x62\x00\xf8\xdf\x00\x38\xd4\x66\x00\x1c\x65\xc4\xb1\x46\
\x9c\x64\xc4\xe9\x46\x4c\x94\x6f\xf2\xf8\x3f\x3d\xf2\x8f\x78\x0e\
\x95\xaa\x0b\xa5\xea\xd8\x09\x95\x83\xa5\x76\xb8\xa2\x23\x76\x0f\
\x8d\x62\x40\x29\x9a\x5e\xc4\xfe\x7e\xf8\xb3\xc5\x5f\x18\x67\x0b\
\x40\xec\x0a\x67\x74\xc4\x76\x41\x1f\xfe\xfa\xab\x77\x34\x8b\xc7\
\x1a\x76\x87\x56\x54\x11\xf2\xfa\xaa\xff\x2d\xaf\x6f\x13\xe5\x73\
\xaa\x5c\xbb\xfe\xd5\x4d\xff\x6a\xe4\xb1\x3e\x81\x9e\xff\xbe\x7a\
\x77\xa7\xd8\xbd\x9f\x66\xa1\x08\x65\x4b\x4f\x34\xee\x8e\x98\x8b\
\xb3\x6b\xb8\xff\x81\x1f\xfe\x80\xf0\xcb\x9c\xd0\x34\x00\x26\x9a\
\xb9\xe2\x49\x66\xee\x78\x94\xcd\x00\x38\x14\x03\xc0\x9b\x06\xc0\
\x21\x29\x1a\x00\xa5\xe3\x7e\x73\xe7\xaf\xd3\x29\x61\xd1\xde\x13\
\xe3\xf0\xf5\xec\x7b\x56\x74\x4b\x6a\xdc\x2e\xe1\x81\x3f\x7d\xfe\
\x91\x26\x80\x33\xad\x25\xca\xd1\x11\xb3\x82\x69\x5d\xf5\x8c\xb3\
\xc7\xf9\x83\x4b\xeb\xc4\xbc\x0d\x5b\xc5\x76\x56\x01\x91\x07\xd5\
\xb4\x63\xbf\xf8\xd2\x6d\xcd\x09\xaf\x5f\xa7\xd7\x7f\xbc\x2d\x35\
\x45\x72\xab\x4d\xc0\xe7\xbf\xef\x3f\xd8\x2d\xfa\x07\x30\xff\x10\
\xca\xa6\xe4\xf6\xa5\xc8\x11\x80\xb5\xdc\xff\xc0\x0f\x7f\x40\xf8\
\x65\x4e\x28\x73\xc3\x24\x06\xc0\x28\x8b\x01\x10\x9c\xbc\x39\xa0\
\x06\xc0\xa8\x04\x06\xc0\x04\xf9\x26\x9f\x7e\xd5\xfc\xef\xa6\xe2\
\x30\xe9\xee\x49\xd1\x3e\x17\x53\xd3\x91\x53\xfe\x3e\x7b\x89\x8b\
\x2d\x62\x1c\x31\xf8\xb3\xc6\x5f\x34\xb7\x21\x85\x3d\xcf\xf6\x04\
\x29\xf9\x31\x67\xe1\x28\x9f\x53\x2d\x7e\xbe\xbe\x43\xbc\xd0\xd2\
\x17\xda\xa7\x88\x50\x2e\x25\xaf\xc1\xe5\x6f\x6e\x17\x53\xe6\x56\
\x6b\xf6\xbc\x48\xef\xfa\x1f\x8e\xf0\xaa\x7f\xb0\xe7\xbf\xff\x79\
\xac\x47\x0c\x0c\x32\xc6\x11\xca\xb6\xe4\x09\x00\x23\x15\x4b\xa1\
\xa3\x44\xb9\xff\x81\x1f\xfe\x20\xf0\x9f\xfe\xc3\xf9\xdf\x35\x0d\
\x80\x09\x18\x00\xc1\x32\x00\xc6\x1a\x71\xa2\x11\xa7\x85\x0d\x80\
\x93\xaf\x9c\xfa\xd9\x74\x9a\x5e\xa8\xba\x68\xc6\x3a\x56\x8a\x12\
\x17\xdd\xae\x98\xaa\x12\x17\x7b\xc9\x8e\xc2\x41\x83\x3f\xbb\xfc\
\x05\xb3\xaa\xa3\x4b\x9c\x35\x4f\x05\x48\x74\xae\xb9\xb5\x64\xfa\
\x43\x4b\xeb\xc4\xcc\x97\xb7\x88\xf6\x5d\x74\x05\x47\xd9\x97\xdc\
\x27\x2b\xb7\xa8\xa4\x54\xe2\xef\xd2\xf5\x1f\xda\x5e\x93\x07\xf3\
\xdf\x5f\x9f\xdd\x86\xc1\x87\x50\x8e\xf4\xd9\xca\xc8\xc9\x25\x45\
\x66\x7f\x11\xee\x7f\xe0\x87\xdf\xff\xfc\x32\x27\xb4\x18\x00\xa7\
\x99\x39\xe3\x58\x0c\x80\xe0\x19\x00\x25\x63\xdf\xff\xa5\x0f\xc4\
\x2d\x29\x51\x5c\x60\xb1\x61\x77\xa4\x9c\x75\xd1\x54\x35\xd9\x70\
\xbc\xa7\x47\xf1\x7c\xf8\x33\xcb\x5f\x58\x51\xa7\xee\x5a\x3e\x33\
\xf5\xae\xe8\xc9\x56\x50\xe5\xa3\x4c\xc4\xd6\xfe\xab\x57\xec\xec\
\x67\x8b\x00\xca\xbc\x56\xbf\xb3\xc3\x5c\xf5\x77\xd0\xb5\x5f\xe7\
\xfa\x9f\x55\x33\x7c\x14\x57\x1e\xcc\x7f\x33\x5e\xd9\xc1\x05\x86\
\x50\x8e\x24\x8d\xb7\x29\x73\x2d\x73\x4f\xe8\x64\x11\xee\x7f\xe0\
\x87\x3f\x08\xfc\x32\x27\x94\xb9\x21\x06\x80\xff\x0d\x80\xc3\xcc\
\x37\xeb\x5d\x46\x8c\x31\xdf\xc4\x13\xcc\x37\x75\xbc\x7c\x93\xdf\
\x75\xcc\x31\x67\x15\xcf\x6b\x3e\xa8\x3c\x66\x42\x75\xac\x85\xa2\
\xe4\x44\x59\x82\xa2\x1a\x90\x8e\xf7\xd8\xe8\x0d\x28\xf8\x33\xcb\
\x2f\x6f\x1a\x52\x4d\xe0\xdd\x38\x07\x3d\x9c\x50\xc9\x06\x6c\x57\
\x3f\xd0\x26\xd6\xd7\xed\x12\xfd\x03\x34\x0e\x43\xee\x4a\x56\x9b\
\x7c\xf3\xae\x96\xc8\x4a\x7e\x82\xd0\x31\xb0\x54\xd7\x7f\xe1\xec\
\xba\xa8\x71\x18\xe4\xf9\x6f\xe9\xdb\x3b\xb9\xc8\x10\xca\x71\x65\
\x53\xd4\x67\x2e\xf7\x3f\xf0\xc3\x1f\x0c\xfe\x79\x4d\x07\x65\x4e\
\x68\x1a\x00\xe3\xcd\x5c\xf1\x04\x33\x77\x1c\x63\xe6\x92\xa3\xc2\
\x27\x00\x60\x00\xf8\xd3\x00\x38\xd5\x7c\x73\x8b\x8d\x98\x5c\x34\
\xa7\x6e\xab\x7e\xd7\x48\xd5\x1e\x18\xbb\x03\x96\xbc\xe4\x45\xf7\
\xf5\x74\xbb\x68\xea\xee\x99\x81\x3f\xf3\xfc\x05\xe6\x69\x00\xa9\
\x9c\x73\xae\xbb\x22\x1a\x1b\xb1\x7b\xa6\xcf\x9e\x57\x23\x7e\xf1\
\x70\x87\x78\xbc\x61\xb7\x38\x70\x90\x72\x62\xe4\x4c\x6b\xff\xb5\
\x23\x74\x4d\xc5\xdf\xb3\x9f\xbc\xe4\x3f\xad\xeb\x7f\x56\xb5\x28\
\x92\xe7\x6f\xe7\xc1\xfc\x57\x3a\xaf\x51\xdc\x59\xb5\x9b\x8b\x0c\
\xa1\x1c\xeb\xc9\xc6\xdd\xd1\x73\x10\xf7\x3f\xf0\xc3\x1f\x08\x7e\
\x99\x0b\xca\x9c\xd0\xcc\x0d\xc7\x9b\xb9\x22\x06\x40\x40\x0c\x80\
\x63\xe2\x1a\x00\x33\xab\xaa\xb5\x9b\x5a\x68\x3b\x5e\x7a\x25\x36\
\x31\x7b\x62\x14\x0e\x9a\xca\xb1\xd3\x75\xe4\xe0\xcf\x3c\xbf\x5c\
\x39\x28\x9c\x59\x9d\xd2\x8a\xa8\x6a\x05\x35\xf1\x31\x68\xa9\xc5\
\xb9\xf3\xab\xc5\x6f\x1e\xed\x08\xdd\xdc\x60\x06\x20\x1d\x75\xed\
\x1e\x10\xdf\xb9\xbb\x55\xb1\xe2\x6f\x5b\xd1\x57\xf5\xb0\x50\x5c\
\xff\x72\xaf\x7f\x51\x9e\xcc\x7f\x93\xe7\x37\x89\x47\x1a\xfa\xb8\
\xd0\x10\xf2\x80\x16\x6c\xd8\x16\x99\xbf\xe4\x09\x00\xdc\xff\xc0\
\x0f\x7f\x30\xf8\x67\x6e\xae\x4e\x60\x00\x1c\x83\x01\x10\x1c\x03\
\xe0\x14\x23\xce\x34\xa2\xc8\x88\x49\x85\xd3\xde\x7e\x41\xf7\x02\
\xd2\x76\x9c\xcc\xae\xd4\xa1\x47\xeb\xd7\xae\x95\xb0\x64\xb6\xe4\
\x07\xfe\xcc\xf0\x17\xce\x69\xd0\x2a\xe1\x4f\xb7\x6b\xba\xce\x8a\
\xeb\xb9\xf3\x6b\x42\x5d\x8e\x1f\x6f\xdc\x2d\xf6\x63\x06\xa0\x24\
\xba\x63\x53\x6f\xc8\x3c\x52\x56\x9c\xcc\xd8\x1c\x79\xb4\x7e\xad\
\xb9\x85\x45\xae\xb8\x85\xf7\xfa\xe7\xc3\xfc\x77\xf6\xc2\x66\xf1\
\x7c\xeb\x5e\x2e\x34\x84\x3c\xa2\x5f\x1b\x9f\x8d\x23\x9f\x9f\xa1\
\x13\x00\xb8\xff\x81\x1f\xfe\x20\xf0\x17\x4e\x7b\xe7\x05\x99\x13\
\x9a\xb9\xe1\x99\x66\xae\x88\x01\x10\x00\x03\x60\xb4\xf9\x26\x1e\
\x1f\x63\x00\xdc\xf8\xda\xbd\xca\x0b\xba\xc2\xf2\x58\x61\x3e\xb7\
\xa2\x31\xed\x3d\x31\xfa\x7b\x6e\x9c\x3a\x64\xba\x25\x38\xf0\x67\
\x8b\x5f\xae\x66\xaa\x56\xf0\x9d\x57\x08\xe8\x96\x60\x0f\xc7\x39\
\xf3\xaa\xc5\x2f\x1e\x6e\x17\x0f\xd7\xed\x12\xfb\xe8\x19\x80\x4c\
\xf5\xec\x19\x10\xdf\xbf\xb7\x35\xe5\x15\x7e\xa7\x15\x2c\xa1\xe7\
\x9b\x1d\xfe\xf3\x65\xfe\x3b\x7f\x71\x8b\x78\xb3\xab\x9f\x8b\x0d\
\x21\x0f\xe9\xb3\x95\x8d\xc3\x73\xd2\x8c\xcd\xc3\x27\x00\x70\xff\
\x03\x3f\xfc\x81\xe0\x9f\x78\xc3\xab\xf7\xc4\x31\x00\x8e\x37\x73\
\xc7\xd1\x18\x00\xfe\x34\x00\x8e\x30\xdf\xbc\xa3\x2d\x06\xc0\x38\
\x23\x0a\xe5\x9b\x3d\xf1\x9a\xa7\x17\x38\x2d\x59\xd1\x1d\x60\xca\
\x01\xa8\x1c\x70\x99\x6d\xda\x01\x7f\x76\xf9\x0b\xcd\x7e\x00\x23\
\x09\xd1\x0c\xcb\xe3\x8c\xcd\x23\x37\x1c\xe9\x27\x50\xba\x09\x5a\
\xec\xf3\x65\x57\xf7\x1f\x3f\xd8\x2e\xee\xaf\xd9\x25\xfa\x0e\x60\
\x06\xe4\xab\xee\xa9\xda\x29\xce\x9b\x5f\xed\xc8\x60\x52\x1a\x50\
\xd6\xeb\x7f\x66\x75\xd4\x3c\x90\x0f\xf3\xdf\x25\x4b\x5a\x44\xd5\
\xd6\xfd\x5c\x6c\x08\x79\x48\xf2\x04\x80\xb3\xcc\xd3\x4d\x42\x73\
\x57\xe8\x04\x00\xee\x7f\xe0\x87\x3f\x08\xfc\x32\x17\x34\x0d\x80\
\x42\x33\x47\x0c\x1b\x00\x47\x9b\x39\xe4\x11\x18\x00\xfe\x32\x00\
\x0e\xb7\x19\x00\xc7\x19\x71\xb2\xc5\x00\x28\x1f\xff\xfb\xfb\xff\
\x1a\x75\xd1\xc5\xbb\x40\x2d\x17\xa1\x1b\x25\x2c\x4e\x2f\xd8\x98\
\xd7\x8f\x29\xb1\x89\xe6\x51\x97\xe4\xc0\x9f\x6b\x7e\xd9\xcd\x3c\
\xf5\x3d\xd3\xb6\x12\xe9\x98\x12\x6b\xcb\x63\x4a\x25\xd9\xd1\xcf\
\x8f\x49\xd0\x2c\x26\x84\x8c\xf2\x39\xd5\xe2\xbf\xee\x69\x15\xeb\
\x36\xf6\x8a\xed\x7b\x39\x5a\x30\x1f\xb4\xa5\x6f\x40\x5c\x75\x5f\
\xab\xb3\x12\x7e\x5d\xc3\x2a\xb4\xea\x9f\x5f\xf3\xdf\x87\x56\xb4\
\x8a\xc6\xde\x03\x5c\x70\x08\x79\x4c\x6d\xf2\x04\x00\xcb\xfc\x57\
\xc8\xfd\x0f\xfc\xf0\x07\x86\x5f\xe6\x82\x32\x27\xb4\x18\x00\x27\
\x9b\x39\xa3\xd5\x00\x38\x1c\x03\xc0\x7f\x06\xc0\x91\x36\x03\xe0\
\x0c\x23\x0a\x8c\x28\x3b\xfd\xc7\xcb\x7e\xa8\x7f\x81\x2b\x1c\x2d\
\xdb\xeb\x29\x1d\x2c\x9b\xe3\xa5\x3b\x20\xed\xaf\xaf\x7d\xec\x06\
\xfc\x9e\xe0\x2f\x9c\x53\x67\xdc\x58\x54\x69\x27\xe4\xf6\x0a\x01\
\xed\x63\xd7\x6c\xaf\xa7\x4e\xf0\x22\xaf\x51\x34\x6b\xb3\xf8\xea\
\x1d\xcd\x62\xc9\x1b\xdb\x44\x4b\x2f\xab\x96\x41\x94\xac\xfa\x38\
\x7f\x41\x6d\xda\xd7\x93\xb2\x82\xc5\x56\xf1\x52\x20\x8f\xfb\x9b\
\xd3\x90\x77\xe3\xff\xa3\xab\x5a\x45\xfb\xae\x01\x2e\x38\x84\x3c\
\x28\xd9\x24\x37\x32\x7f\x55\x73\xff\x03\x3f\xfc\x01\xe2\x3f\xfd\
\xc7\x4b\x7e\x28\x73\x42\x33\x37\x3c\xc3\x66\x00\x1c\x89\x01\xe0\
\x6f\x03\xe0\x28\xf3\xcd\x3c\xc9\x6a\x00\x9c\xf4\xe5\xa9\xff\x91\
\xf1\x12\x17\xb7\x07\x98\xaa\x6b\xa7\xcd\xe1\xd2\xdd\xb3\x03\x7f\
\xee\xf8\xe5\xbf\x87\x9a\x9d\xa5\xd9\xc4\x2f\xde\x0a\x7f\x6c\x02\
\xa6\xd7\x95\x5d\xa7\xc4\xfb\xf2\x95\xf5\xe2\x86\xe7\x7b\xc4\x6b\
\x1d\x7b\xc5\xe0\x10\x4d\x04\xfd\xac\x6d\x7b\x07\xc4\x8f\x1e\x6c\
\x73\x5e\xe2\xaf\x63\x30\xcd\xa9\x0b\xed\xf5\xcf\xb7\xf1\x7f\x79\
\x65\xbb\xe8\xe9\xa3\x9a\x06\x21\xaf\x6a\xc1\x6b\x5b\x2d\x47\x00\
\xd6\x70\xff\x03\x3f\xfc\x01\xe2\x97\xb9\xa0\xcd\x00\x38\xc9\xcc\
\x19\x8f\xc2\x00\xf0\x9f\x01\x70\x68\x1c\x03\xe0\x58\xf3\x4d\x3d\
\xdd\x88\x89\x46\x94\x8e\x39\xfb\xb2\xf7\xa8\x9a\x5e\xe8\x5e\xb0\
\xda\xe7\x58\x2a\x06\x88\x76\xc9\x8e\x76\x89\x0c\xfc\x5e\xe2\x0f\
\x1d\x11\x38\xab\x36\xfd\x92\x7d\xed\x2d\x02\xb6\xb0\xaf\xc8\x6a\
\x54\x04\x58\x0d\x89\x0b\x16\xd6\x8a\x9f\xaf\xef\x10\x77\x55\xf5\
\x86\x92\x49\xe4\x1f\xdd\x5b\xbd\x53\x5c\xb8\xa0\xc6\xd1\xfb\x9f\
\xf2\xa9\x14\xd2\x20\x90\xa6\x97\x5c\xf5\xcf\xc3\xf1\x7f\xf9\x9a\
\x36\xb1\x85\xe4\x1f\x21\x4f\x6b\xf8\x04\x80\xf0\xf6\xa4\x3a\xee\
\x7f\xe0\x87\x3f\x40\xfc\x32\x17\x94\x39\xa1\x99\x1b\x9e\x6e\xe6\
\x8a\xc7\xc6\x31\x00\x0e\xc5\x00\xf0\xb6\x01\x70\x88\xc5\x00\x18\
\x65\x33\x00\x4e\x34\xdf\xdc\x09\xe6\x9b\x7d\x56\x71\x45\xe3\x1e\
\xad\x73\x32\x75\x07\x48\xcc\x05\xae\xba\x80\x35\x9b\x5c\x68\x96\
\xdc\xa8\xba\x68\xc2\xef\x0d\x7e\xd9\x64\x48\xae\x34\x28\xf7\x4c\
\x6b\x96\x5c\x2b\xcf\x59\x57\x75\x6d\xd7\x35\x08\x64\xc7\x64\xe3\
\x51\x76\x50\x9e\xf6\x22\xd5\x01\x5e\x56\xdd\xb6\x7e\xf1\x9f\x77\
\xb4\xb8\xfe\xfe\x17\x26\x33\xb0\x2c\xab\xfe\xf9\x36\xfe\x3f\x4e\
\xf2\x8f\x90\x2f\xf4\xb9\xb5\x8d\x23\x73\x97\x9c\xb3\xb8\xff\x81\
\x1f\xfe\x80\xf0\x1b\x39\xa0\xcc\x05\xcd\x9c\x70\x82\x99\x23\x9e\
\x68\x33\x00\x46\x59\x0c\x80\x43\x30\x00\xfc\x67\x00\x8c\x35\xdf\
\xd4\xd3\xcc\x37\xb9\xc4\x88\x29\x85\x33\xab\xeb\xa2\x1c\x22\x5b\
\x28\xf7\x98\x68\x3a\x58\x31\x17\xa8\xfd\xe7\x15\xbf\x5f\x7b\x40\
\xe9\x3a\x6c\xf0\x7b\x8a\xbf\x48\x1a\x01\x33\xab\x53\x4f\xa8\x34\
\x4b\xb0\x63\x2a\x04\x6c\xa1\xec\x31\xa0\xf9\xfa\xf2\xb9\xe7\xcd\
\xab\x16\x3f\x79\xb0\x5d\xdc\xbe\xa9\x37\x74\xac\x1c\xca\xad\xe4\
\xc9\x0e\x7f\x7b\xb6\x5b\x94\xcc\xca\xce\xfb\x3f\xbc\xea\x5f\x23\
\x8a\xcc\x55\xff\x7c\x1c\xff\x32\xf9\xa7\xec\x1f\x21\x7f\xe8\xec\
\xb9\x91\xcf\x60\x39\x6f\x71\xff\x03\x3f\xfc\xc1\xe0\x37\xee\x45\
\xea\x64\x2e\x68\xe6\x84\x13\xcc\x1c\xf1\x44\x33\x67\xc4\x00\xf0\
\xa9\x01\x10\x3e\x0a\x50\x9e\xdf\x38\xc6\x7c\x33\x4f\x30\xdf\xdc\
\xf1\x61\x03\xa0\xe0\xe6\x37\x9f\xd7\xd9\x53\xa2\xeb\x60\xe9\x96\
\xa8\xa8\xf6\xac\x68\x0f\x28\x87\x8e\x1b\xfc\xb9\xe7\x97\x51\x38\
\xa7\x7e\xb8\x22\x40\xb5\xc7\x5f\xd7\x20\xd0\xec\x29\xa0\xfb\x7a\
\xa9\x6c\x51\xf8\xf7\xd5\x8d\xe2\xda\xa7\xbb\xc4\xe3\x0d\xbb\xc5\
\x9e\xfd\x1c\x33\x98\x4d\xdd\x5f\xb3\x53\xbc\x6f\x71\x5d\x76\xdf\
\x7f\x79\xea\x45\x1e\x8f\xff\x8f\x91\xfc\x23\xe4\x1b\xb5\xed\x3a\
\x10\x35\xff\x15\x72\xff\x03\x3f\xfc\x81\xe1\x2f\xbc\xf9\xed\xe7\
\x2d\x06\xc0\x78\x33\x47\x3c\xc1\xcc\x19\xc7\x98\x39\x64\xd4\x11\
\x80\x18\x00\xfe\x35\x00\x4e\x35\xdf\xe4\x62\x23\x26\x17\xfc\xfd\
\x95\xdb\x93\x5d\x40\xda\x2b\xb6\x4e\x1d\x29\xfb\xb1\x19\x8a\x92\
\x1b\xed\x63\x36\x34\xf9\xe0\xf7\x0e\x7f\x61\x28\xea\x43\x15\x01\
\x69\x1f\xb3\xa6\xda\x32\xa0\xf9\xfd\x98\x70\x58\x91\x50\x32\x7b\
\xb3\xf8\xe2\xba\xe6\xd0\x76\x81\x97\xdb\xfa\xc4\x81\x83\x6c\x17\
\xc8\x84\x6a\x43\xe5\xfe\xcd\xd9\x7d\xff\x67\xd5\x18\xc9\x7f\x7d\
\x5e\x8f\xff\xcb\x56\xb5\x8a\x6e\xaa\x5e\x10\xf2\x8d\xa4\x31\x1d\
\x99\xff\xaa\xb8\xff\x81\x1f\xfe\x00\xf1\x4f\xbc\xfe\xa5\xdb\x65\
\x2e\x68\xe6\x84\xe3\xcd\x1c\x11\x03\x20\x60\x06\xc0\x31\x16\x03\
\xe0\x4c\x23\x8a\x8c\x98\x34\x61\xea\x13\x73\xb4\x2e\x60\xa7\xe7\
\x54\x3a\x2c\xb1\xd1\x1e\xb0\x9a\x7f\x0f\xfc\xfe\xe0\x97\x5b\x03\
\x42\xcd\x02\x95\x3d\x00\x14\x4d\x01\x75\x13\x78\xe5\x29\x02\x7a\
\xbf\x4f\x55\x62\x3e\x79\x4e\x95\xf8\xd6\xdd\xad\x62\xc1\x86\xad\
\xe2\x5f\x3d\xfb\xe8\x1f\xe0\x74\x35\x6b\xe7\x01\xf1\x9b\x47\x3b\
\x45\xd1\xcc\x2c\xbf\xff\xc6\xb5\x5a\x98\xe7\xe3\x5f\x26\xff\x5d\
\x24\xff\x08\xf9\x4a\xf3\x8d\xcf\x9e\x91\xf9\xcd\x98\xc7\xb8\xff\
\x81\x1f\xfe\xe0\xf0\xcb\x1c\x50\xe6\x82\x66\x4e\x78\xa6\xc5\x00\
\x38\x06\x03\x20\x18\x06\xc0\x68\xf3\xcd\x3c\xde\x88\x53\x8c\x18\
\x17\x36\x00\xce\xfc\xf5\x9d\x7f\xd4\x3a\xc6\x42\x37\x74\x4b\x70\
\x54\x8e\x97\xdb\x7b\x6a\x74\x8f\xf1\x80\xdf\x53\xfc\xc3\x47\x07\
\xd6\x86\xce\x26\x4e\x65\x85\x56\xb7\x49\xa0\x72\xc5\x57\x15\xba\
\x5b\x10\x14\x4d\xe6\xce\x9d\x5b\x2d\xbe\x77\xef\xb0\x21\xf0\x46\
\xe7\x5e\x31\x30\x88\x21\x90\x8a\xb6\xf4\x0d\x88\xa9\x4f\x75\x89\
\xf2\x39\xd5\xd9\x7d\xff\x65\x87\xff\xd9\xf5\x79\x3f\xfe\x2f\xaf\
\x94\x65\xff\x24\xff\x08\xf9\x4d\xbf\x7a\xb8\xc3\x32\x9f\xd5\x72\
\xff\x03\x3f\xfc\x01\xe2\x97\x39\xa0\xc5\x00\x18\x67\xe6\x88\xc7\
\x9b\x39\xe3\x68\x0c\x00\xff\x1a\x00\xe1\xa3\x00\xe5\x9b\x78\xb4\
\xf9\xa6\x9e\x6c\xbe\xc9\x85\x46\x94\x9f\xfa\xbd\x19\xdf\x4a\x5e\
\xd2\x92\xbc\xe4\x44\xd5\x55\xd3\xe9\x1e\x16\xf5\x1e\x17\xbd\x12\
\x1a\xfd\x92\x1e\xf8\xfd\xc0\x5f\x18\xee\x13\x30\xb2\x3d\x20\x7e\
\x42\xad\x5f\xd2\x6d\x6b\xea\xa6\x38\xd6\x2d\xf6\x14\x81\xe4\x15\
\x01\x4e\x4b\xd0\x27\x57\x54\x8b\xaf\xdf\xd9\x2c\x66\xbd\xbc\x55\
\xbc\xd4\xd6\x27\xfa\x07\xe8\x21\x60\xd5\xce\xfe\x83\xe2\x9f\x2f\
\xf4\x84\x2a\x29\xb2\xfe\xfe\x9b\x7b\xfd\xf3\x7d\xfc\x7f\xf2\xd6\
\x76\xb1\x75\x2f\x7b\xfe\x11\xf2\xa3\x3e\xbd\xa6\x31\x52\xf1\x24\
\x4f\x00\xe0\xfe\x07\x7e\xf8\x03\xc3\x2f\x73\x40\x99\x0b\x9a\x39\
\xe1\x38\x33\x47\x3c\xde\xcc\x19\x47\x5b\x8e\x00\xc4\x00\xf0\xb9\
\x01\x70\x9c\xf9\xe6\x9e\x61\x44\x81\x7c\xd3\x8f\xff\xd0\x57\x2f\
\x75\xb7\x6b\x7b\xf2\x70\xfa\x7a\x6e\xff\x3d\xee\x77\xad\x87\x3f\
\xd7\xfc\xf2\x4c\x75\x79\x56\xb1\xdc\xaf\xa8\x5e\xa1\x4f\xb1\x6b\
\xbb\x4b\x2b\xc2\x4e\x5f\x4f\xf5\xf3\x65\xb3\xab\xc4\x95\xeb\x9a\
\xc4\x3f\x9f\xef\x09\xed\xdd\xdc\xb1\x2f\x3f\x13\xaf\x6d\x7b\x07\
\xc4\xcc\x97\xb6\x88\x73\xe7\x55\xe7\xe0\xfd\xaf\x0a\x99\x51\x8c\
\xff\x46\xf1\xd9\x75\xed\x79\x7b\x0d\x22\xe4\x77\x0d\x0d\x0d\x89\
\x49\x73\xac\xa6\x66\x3d\xf7\x3f\xf0\xc3\x1f\x20\x7e\x99\x03\x9a\
\x06\x40\x81\x99\x1b\x9e\x6c\xe6\x8a\x18\x00\x01\x31\x00\x8e\xb4\
\x18\x00\x27\x59\x0c\x80\x32\x23\xce\x2e\xae\x68\xdc\x9b\xa8\x64\
\x45\xe9\x20\xe9\x96\xd0\xa8\x4a\xba\x75\x9b\x68\x68\xee\xa9\x51\
\x1f\xe3\x01\x7f\x50\xf8\x87\x5f\xb7\xc1\xb8\x69\xa9\xd5\x38\xc6\
\x2d\xba\x64\x5f\x59\x41\xa0\x5b\x42\xae\x3a\x86\x50\xb7\x89\x60\
\x0a\x3d\x05\x2e\x5b\x5e\x2f\x7e\xf5\x48\x87\x58\xfd\xce\x0e\xb1\
\x79\x4b\x7f\xa0\xfb\x08\x54\x6d\xed\x17\xbf\x79\xb4\x23\x54\xea\
\x9f\xe8\x3d\xcf\xe8\xfb\x1f\x5a\xf5\x67\xfc\xcb\xc7\x2f\xdc\xd1\
\x21\x76\xf6\x53\x91\x82\x90\x5f\xd5\xdc\xbb\x3f\x6a\xfe\x2b\xe2\
\xfe\x07\x7e\xf8\x83\xc3\x3f\xa7\x61\xaf\xcc\x01\xcd\x5c\x30\x6c\
\x00\x9c\x64\x31\x00\x8e\xc4\x00\xf0\xa7\x01\x70\xa8\xcd\x00\x90\
\xe7\x39\x1e\x6b\xbe\xb9\xa7\x1b\x31\xd1\x88\x52\x23\xce\x2a\x9a\
\xb9\xb9\x3a\xed\x73\x2f\x1d\x86\xe3\x92\x1c\xcd\xa6\x1e\x31\x7b\
\x6c\x9c\x9e\xfb\x09\xbf\x2f\xf8\x65\x52\x56\x58\x21\x8f\x7b\xab\
\x89\xde\x63\xef\xf4\xdc\x77\x87\xe1\xb8\x24\x5d\xb3\xa9\xa1\xfc\
\xfa\xec\x79\xd5\xa1\x0e\xf8\x37\xbd\xd0\x23\x9e\x68\xdc\x2d\xb6\
\xfb\xbc\x3c\x5b\xae\x52\x3d\x56\xbf\x5b\x7c\xcd\x60\x4a\x85\x3f\
\x33\xef\xbf\x59\x1e\xcb\xf8\x0f\xc5\x97\xef\xec\x10\x7b\x0e\x90\
\xfc\x23\xe4\x67\x3d\x5a\xbf\xdb\x32\xff\x55\x73\xff\x03\x3f\xfc\
\x41\xe2\x37\x72\x3f\x99\x03\x9a\xb9\xe0\x44\x33\x37\x3c\xc9\xcc\
\x15\x8f\xb2\x19\x00\x87\x62\x00\xf8\xcf\x00\x18\x65\x33\x00\x4e\
\x34\xcf\x79\x9c\x30\x62\x00\xdc\xf8\xfa\x63\x99\x2a\x99\xd1\x1d\
\x40\xba\x7b\x62\xdc\x7e\x7d\xf8\x83\xcf\x1f\xea\xc6\x3e\xa7\x3e\
\xee\x29\x02\x6e\x6f\x19\xd0\x35\x10\x74\x7b\x02\xb8\xf5\xfa\x1f\
\x5a\x52\x27\x7e\xfc\x40\x5b\xa8\xb9\xe0\x8b\xad\x7d\x62\xf7\x7e\
\xef\x9b\x02\x0d\x3b\xf6\x87\x7a\x1f\x5c\xba\xac\xde\xb5\xff\xbf\
\x69\xbd\xff\xb3\x23\x1d\xfe\x19\xff\x4d\xe2\x9b\xf7\x74\x8a\xbd\
\x24\xff\x08\xf9\x5e\x15\xaf\x6c\xb5\xcc\x7d\x35\xdc\xff\xc0\x0f\
\x7f\x80\xf8\x0b\x8c\xdc\xcf\x62\x00\x4c\x30\x73\xc3\x13\xcd\x23\
\x00\xc3\x06\xc0\x28\x0c\x00\x7f\x19\x00\xf6\x93\x00\xc2\x06\xc0\
\x58\x9b\x01\x50\x62\xc4\x94\x09\xd7\x3e\xbb\xc4\xb3\x7b\x6a\x1c\
\x3a\x78\xaa\x12\x1c\xd5\x39\x99\xf0\x07\x9b\xbf\xc8\x6c\x1e\x58\
\x38\xab\xd6\xa5\xae\xff\x2e\xef\x29\x77\xb8\x82\xad\xda\x82\x10\
\x73\x8c\x9d\xe5\xf9\x1f\x59\x36\x6c\x0a\xcc\x7d\x75\xab\x78\xa6\
\x69\x4f\xa8\x93\x7e\xae\xd5\xba\xf3\x40\xe8\x58\xaa\x4f\xae\x6e\
\xc8\x38\xbf\x3a\xe2\xac\xfa\xe7\xf9\xf8\xff\xaf\x07\xba\x45\xff\
\x41\x4e\xa6\x40\x28\x08\xfa\xd9\x43\xed\x7a\x27\x00\x70\xff\x03\
\x3f\xfc\xbe\xe1\x2f\x30\x72\x3f\x99\x03\x9a\xb9\x60\x32\x03\x20\
\xaa\xfc\x1f\x03\xc0\x5f\x06\xc0\xbb\xcc\xf3\x1c\xc7\x9a\xe7\x3b\
\xca\x73\x1e\xc7\x1b\x51\x6c\xc4\xe4\xf1\xbf\xbd\xf7\xaf\xae\x1d\
\x2b\xe1\x72\x53\x0b\xd7\x9b\x5e\xb8\x5c\x92\x03\x7f\x70\xf8\xc3\
\x95\x01\x72\xa5\x23\x5b\x2b\xca\x4e\x4f\x01\x70\x3b\x54\xbf\xef\
\xa2\x85\x35\xa1\x53\x07\xae\x7b\xa6\x5b\xdc\xb6\xb1\x57\xbc\xd9\
\xb5\x57\xec\xd9\x9f\xb9\xd5\x5e\xb9\x92\xfc\x7c\xcb\x1e\x31\xe3\
\xa5\x2d\xe2\xf3\xb7\x36\xe5\x9c\x3f\x72\x33\x5c\x13\xba\x5e\x18\
\xff\x91\xe7\xfc\x70\x7d\x8f\x38\x40\xf2\x8f\x50\x60\x74\xc5\xaa\
\x86\xc8\x3c\x38\xbb\x8e\xfb\x1f\xf8\xe1\x0f\x10\xff\xf8\xdf\xdd\
\x33\x55\xe6\x80\x66\x2e\x38\xde\xcc\x0d\x4f\x30\x73\xc5\x31\x89\
\x8e\x00\xc4\x00\xf0\xa7\x01\x70\x8c\xc5\x00\x38\xd3\x3c\xf7\x71\
\xd2\x69\xff\x35\xe7\xfb\x99\xba\x40\x33\x7d\x01\xc7\xbe\x7e\xe4\
\x71\x38\x1a\x2d\x8f\xee\x0f\x70\xf8\x83\xc9\x2f\x93\xbb\x50\x43\
\x37\xcb\x36\x81\x74\x12\xf4\x4c\x27\xf0\xb1\xaf\x1f\x79\x8c\x9c\
\x82\x90\xfe\xdf\x93\x2a\xdf\x07\x16\xd7\x89\x6f\xde\xd5\x22\xfe\
\xfc\x64\xa7\x58\xfc\xc6\xf6\xd0\x09\x04\x75\xdb\xfb\xc5\x3e\x8d\
\x63\x09\xe5\x91\x7d\x9b\xb7\xec\x13\x0f\xd6\xee\x12\xd7\x3e\xdd\
\x25\x3e\x5b\x69\xbc\x37\x33\xbd\xc6\x5f\x65\x5c\x1f\xf5\x8c\x7f\
\xdb\xf7\x7f\xf1\xe8\x16\x71\x70\x90\xe4\x1f\xa1\xa0\x48\x8e\x67\
\xd9\x4c\x35\x3c\xff\x15\xcd\x69\xe0\xfe\x07\x7e\xf8\x03\xc4\x2f\
\x73\x3f\x99\x03\x9a\xb9\xe0\x99\x16\x03\xe0\x18\x0c\x80\x60\x19\
\x00\xa3\xcd\x37\x55\x9e\xef\x78\x8a\x79\xde\x63\xc8\x00\x38\xee\
\x63\xdf\xbf\xdc\xbd\x0b\xd4\x7a\xd1\xc5\x5e\x80\xd9\x76\xc0\xb2\
\x3f\x40\xe1\x0f\x1a\x7f\xd8\x0c\x90\xab\xbe\xa9\x94\x85\x47\x1e\
\x63\x13\xd0\x6c\x57\x00\x64\xdf\xa0\x88\xe5\x3f\x7f\x7e\x6d\xa8\
\x64\x5f\x1e\x4f\x28\xab\x07\xbe\x73\x77\x8b\xb8\xea\xbe\x56\xf1\
\x93\x07\xdb\x42\xa6\xc1\xc7\x96\xd7\x8b\xb3\xe6\x56\x7b\x9f\x5f\
\xae\xfa\x9b\x37\xc1\x8c\xff\x48\xfc\xe6\xf1\x2d\x81\x3e\x59\x02\
\xa1\x7c\x54\xc3\xf6\xfd\xd1\x73\x29\xf7\x3f\xf0\xc3\x1f\x28\x7e\
\x99\xfb\x59\x0c\x80\x71\x66\x6e\x78\xbc\x99\x2b\x8e\xc6\x00\xf0\
\xbf\x01\x10\x3e\x09\x60\xb4\xe5\x28\xc0\x93\xcd\x37\xbb\x50\x9e\
\xff\xf8\xae\xa3\x8f\x3e\xb7\x78\x4e\xc3\x7e\x3f\x9e\x63\xe9\xf5\
\x12\x21\xf8\x83\xc5\x3f\xdc\x33\xa0\xce\x3c\x5a\xb0\xda\xf5\x84\
\x34\xe3\xa7\x08\x64\xfb\xd4\x82\x40\xf0\x47\xf6\xfa\x33\xfe\xa3\
\x7f\xdf\xef\x9e\xd8\x12\x3a\x85\x01\x21\x14\x2c\x3d\x54\xbb\x2b\
\x6a\x0e\x64\xfe\x83\x1f\xfe\xe0\xf0\xcb\x9c\x4f\xe6\x7e\x32\x07\
\x34\x73\xc1\x71\x66\x6e\x18\x3e\x02\x70\x74\xa2\x23\x00\x31\x00\
\xfc\x67\x00\x1c\x69\x33\x00\xce\x30\xcf\x7d\x94\xe7\x3f\x9e\x5d\
\x34\xb3\xba\x3e\x17\x17\x64\xae\x07\x04\xbf\x9f\xdf\x9f\xee\xef\
\x0f\x55\x06\xc8\x9e\x01\xa1\x6d\x02\x55\x19\x29\xb1\xcf\x74\x42\
\xcc\xef\x57\x3c\x3f\xa5\x55\xff\xfc\xbc\xfe\x7f\xff\x24\xc9\x3f\
\x42\x41\xd5\xac\x97\xb7\x44\x9f\x00\xc0\xfc\xc7\xef\xe7\xf7\x07\
\xe6\xf7\x17\x1a\x39\x9f\xcc\xfd\xcc\x1c\xb0\xc0\xcc\x09\xad\x06\
\xc0\x91\x18\x00\xfe\x36\x00\x0e\xb5\x19\x00\xe1\xa3\x00\x4f\x32\
\xcf\x7b\x9c\x18\x3e\x0a\xb0\xe0\xc6\xd7\x1f\x8f\x7b\x41\x99\xe5\
\x2b\xf2\xb1\xd8\xdc\x5f\x32\xf2\x98\x0d\xc7\xcd\xf6\xfb\xad\xff\
\x96\x8d\x80\x1f\xfe\x54\xf9\x65\xa2\x18\x32\x03\xcc\xca\x00\x57\
\x56\xdc\xc3\xc6\x82\x5c\x85\xb6\x7c\x9d\xa9\x15\x7e\xd5\xef\x0f\
\x25\xca\x33\xaa\xb2\x57\x71\x90\x33\xfe\xaa\xd0\xb6\x0f\xae\xff\
\xf8\xfc\x7f\x7e\x7a\x2b\xc9\x3f\x42\x01\x96\xdc\xa2\x35\x32\xe7\
\xce\xaa\x63\xfe\x83\x1f\xfe\x00\xf1\xcb\x9c\xcf\x72\x04\xe0\x44\
\x33\x27\x3c\xc9\xcc\x11\x8f\xb2\x19\x00\x87\x62\x00\xf8\xd7\x00\
\x18\x65\x33\x00\xac\x47\x01\x86\x0c\x80\xf1\x53\x9f\x58\xe8\x85\
\x0b\x34\xd3\x0e\x9a\xeb\x8e\x1b\xfc\xf0\xc7\xe1\x97\x66\x40\xa4\
\x6f\x40\x95\x67\x56\xd0\x5d\x5f\x71\x77\x39\x41\xf7\x04\xbf\xc6\
\xaa\x7f\x3e\x5e\xff\x7f\x31\x92\x7f\x84\x50\xb0\xf5\x89\x95\x91\
\xa3\x56\xe3\x9d\x00\xc0\xe7\x3f\xfc\xf0\xfb\x97\x7f\xe2\x5f\x9f\
\x5a\x68\x31\x00\xac\x47\x00\x1e\x6b\x3b\x02\x10\x03\xc0\x87\x06\
\xc0\x21\x09\x0c\x80\xb1\x36\x03\x40\x9e\xff\x38\x65\xdc\x2f\x6f\
\xfd\x6d\x26\x1c\xb6\x5c\x3b\x78\xb9\xfe\xfb\xe0\x87\x3f\xd4\x3c\
\x69\x76\xc3\xf0\x89\x02\x33\xab\xb3\xba\x82\x9f\xeb\x15\xf6\x5c\
\x57\x30\x68\xfd\x7d\xf2\xf8\xc7\x39\xf5\x5c\xff\x49\xfe\x3e\xb9\
\xe7\x1f\x21\x14\x6c\x0d\x0c\x0e\x89\xd2\x59\x96\x79\x72\x76\x3d\
\xf3\x1f\xfc\xf0\x07\x88\x7f\xdc\x2f\x2b\x7f\x2b\x73\x3f\x33\x07\
\xb4\x1a\x00\x63\x13\x18\x00\x87\x60\x00\xf8\xcf\x00\xb0\x1f\x05\
\x38\xd6\x72\x14\xe0\x78\xf3\xfc\xc7\xc9\xa7\x5c\x39\xf5\x4b\xe9\
\x5c\xc0\xae\x3b\x60\x0e\x5f\x2f\xdb\x0e\x1f\xfc\xf0\xeb\xfe\xbd\
\xc9\xaa\x03\x9c\x26\xcc\xd9\x5e\xe1\x77\xbd\x02\x20\x47\xfc\xd2\
\x9c\x29\xe4\xfa\x4f\xfa\xf7\xfc\xfc\xe1\x1e\xba\xfd\x23\x94\x07\
\xaa\xd9\xd6\x1f\x35\xf7\x16\x31\xff\xc1\x0f\x7f\xa0\xf8\x4f\xfc\
\xe2\x5f\xbe\x28\x73\x3f\x33\x07\x1c\x6f\x39\x02\x70\xac\xea\x08\
\x40\x0c\x00\xff\x1a\x00\xd6\xa3\x00\xcf\x0c\x1f\x05\x78\xc4\xb8\
\xd2\x0b\x8b\xe6\x36\x1d\xf4\x9b\xe3\x56\x6c\x79\x2c\xb6\xfd\x9b\
\x17\x03\x7e\xf8\xad\xfc\xa1\xa4\x73\x4e\xa3\x59\x1d\x50\x93\x46\
\xc2\x1c\x79\x2c\xb4\xfd\x9b\x17\xc3\x7d\xc3\xc0\x21\xbf\x66\x93\
\xbf\x7c\xbd\xfe\xbf\xff\x40\x57\x68\x55\x10\x21\x14\x7c\x3d\x50\
\xb3\x33\xe6\x04\x00\x3e\xff\xe1\x87\x3f\x20\xfc\x46\xae\x27\x73\
\x3e\xcb\x11\x80\x67\xda\x8e\x00\xc4\x00\x08\x98\x01\x60\x3d\x0a\
\xf0\x78\xfb\x51\x80\x46\x9c\x5b\x34\xb3\xaa\xd9\xf9\x05\xee\xee\
\x80\xf4\x9a\xc3\x06\x3f\xfc\x99\xe4\x0f\x9d\x2c\x30\xbb\x7e\xa4\
\x99\xa0\xd7\x56\xd8\xb3\x6d\x48\x64\x8c\x5f\x76\xb5\x36\x13\x7f\
\xae\xff\xe4\xaf\xf7\x8d\x7b\x3a\x45\xff\x41\x92\x7f\x84\xf2\x45\
\xd3\x5f\xd4\x3f\x01\x80\xcf\x7f\xf8\xe1\xf7\x09\xff\xcc\x9a\x66\
\x99\xf3\xc5\x39\x02\xf0\x78\xdb\x11\x80\x18\x00\x01\x30\x00\x0e\
\xb7\x19\x00\xf1\x8e\x02\x3c\xa7\xe0\xc6\x37\x9e\xc8\xba\x63\x35\
\x27\xf2\x18\x8a\x0a\xcb\xa3\x07\xf6\xd4\xc0\x0f\x7f\x2e\xf9\x87\
\x8f\x1a\xac\x33\x0d\x81\xaa\xac\xef\xa9\xcf\xf8\x8a\xfd\xf4\xc8\
\x63\x28\x66\x58\x1e\x33\xf2\xf7\x0c\x77\xf7\x2f\xe4\xfa\x4f\x29\
\x3e\x7f\x5b\x87\xe8\x3b\x30\x48\x46\x84\x50\x1e\xe9\xea\xfb\xdb\
\x22\x73\xab\xf1\xd9\xc3\xe7\x3f\xfc\xf0\x07\x87\x5f\xe6\x7a\x32\
\xe7\x4b\x72\x04\xe0\xe8\x64\x47\x00\x62\x00\xf8\xd3\x00\x48\x76\
\x14\xe0\xd9\x13\xa6\x3e\x79\x8b\xea\x02\xcc\x79\xd3\x0b\xeb\x20\
\x89\x33\x60\xec\x03\x6c\xf8\xef\x48\xf2\xf7\x28\x5e\x0f\x7e\xf8\
\xbd\xc4\x5f\x38\xc7\x34\x04\x66\x5a\x8e\x1b\x9c\x9e\x38\xc1\x1e\
\x4e\x94\x93\x24\xcc\xd6\xa4\x3b\x85\x04\x3c\xe7\x4d\xff\x14\x7f\
\x6f\x62\xfe\x6a\x51\x34\x6b\x38\xf1\xe7\xfa\x4f\x8d\xff\x83\xcb\
\x5b\x44\x4f\xdf\x41\xb2\x21\x84\xf2\x4c\x97\x2d\xaf\x57\x9e\x00\
\xc0\xe7\x3f\xfc\xf0\xfb\x93\x5f\xe6\x7a\x32\xe7\x4b\xf1\x08\x40\
\x0c\x00\x1f\x1b\x00\x29\x1f\x05\x78\xc6\x2f\x6f\xfd\x7d\xcc\xb9\
\x97\x51\x17\x51\x9c\x92\x16\xd5\x00\x52\x5e\xb0\xde\xea\x92\x09\
\x3f\xfc\x7e\xe2\x1f\xa9\x10\x90\x4d\x05\xc3\x86\x80\x8b\x2b\xfe\
\xd1\x49\x74\x9c\x92\x7e\x95\x81\xa0\x4c\xd8\xb3\x50\xd1\x90\xa0\
\xc1\x1f\xd7\x7f\x62\xfe\x73\x17\x36\x8b\xaa\xad\xfb\xc9\x84\x10\
\xca\x33\xf5\x0f\x0c\x8a\x92\x99\x91\xf9\x5f\x9e\x60\xc3\xe7\x3f\
\xfc\xf0\x07\x87\x5f\xe6\x7a\x4e\x8e\x00\xc4\x00\xf0\xb7\x01\x60\
\x3d\x0a\x70\x7c\xf8\x28\xc0\x53\xbe\xfc\xe7\x2f\xeb\x3a\x4e\x6e\
\xef\x81\x51\xfd\xbc\x72\xc0\xd8\xff\x5e\x7b\xe8\x3a\x7c\xf0\xc3\
\xef\x23\xfe\x50\x85\x80\xec\x21\x20\x2b\x04\x66\xd4\x18\xc9\x76\
\x55\x24\xf9\x4e\x67\x85\x5f\xb3\x42\xc0\x69\x0f\x00\xd5\xcf\x2b\
\x0d\x83\x91\xbf\x51\x96\xae\xd6\x85\xfe\x7f\x70\xfd\xeb\xf1\x97\
\xcc\x6d\x14\x4f\x36\xf5\x91\x09\x21\x94\x87\xda\xd8\xb3\x2f\x6a\
\x3e\x2d\xe4\xf3\x1f\x7e\xf8\x03\xc5\x2f\x73\x3d\xcb\x11\x80\xe3\
\x53\x38\x02\x10\x03\xc0\x87\x06\x40\x2a\x47\x01\x86\x4f\x02\x98\
\x7c\xd4\x19\xc5\x17\x17\x55\x34\x0d\xba\xda\x45\x53\xb7\xc4\xc6\
\x61\x49\x8e\xee\x00\xcc\x78\x17\x51\xf8\xe1\xcf\x21\xff\xf0\xcd\
\x5b\xbd\x79\xec\xe0\x70\x1f\x81\xac\x9e\x22\xa0\xbb\xc5\xc0\xe1\
\x96\x84\xd0\xf1\x7f\x66\xc9\x2a\xef\x7f\x7a\xfc\xcb\xde\xda\x49\
\x16\x84\x50\x9e\xea\xae\xcd\xbd\x96\x06\x80\xd5\x7c\xfe\xc3\x0f\
\x7f\xa0\xf8\x9b\x06\x65\xae\x67\x1e\x01\x18\x3e\x01\x40\xeb\x08\
\x40\x0c\x00\xff\x1a\x00\xa3\x6d\x47\x01\x8e\x0b\x1f\x05\x28\xbb\
\x42\x1a\x37\xd0\x8d\x7a\x7b\x4e\x1c\x9e\x5b\xe9\xb4\x04\x26\xd3\
\x03\x0c\x7e\xf8\x03\xc6\x3f\x72\xd2\xc0\x4c\xf3\xe8\xc1\xe9\x55\
\x0e\xf6\xdc\x3b\x2b\xe1\x77\xbc\x05\x60\xe4\x6f\xa9\x09\x31\xf1\
\xfe\x3b\xe3\xf9\xe9\xc3\x3d\x64\x40\x08\xe5\xb1\x6e\x78\xae\xdb\
\x32\xc7\xd6\xf0\xf9\x0f\x3f\xfc\x41\xba\xff\x33\x72\x3c\xf3\x04\
\x80\xf0\x11\x80\xe3\x6c\x47\x00\x8e\xc6\x00\x08\x9e\x01\x90\xe8\
\x24\x00\xeb\x51\x80\xe7\x4c\xfc\xc7\x86\xf5\xc9\x9a\x4a\x28\xbb\
\x56\xda\x2e\x48\xeb\xcf\xa4\xb4\x87\x46\x55\xb2\xe3\xf0\xf5\x63\
\x9e\xaf\xe0\x81\x1f\xfe\x7c\xe0\x2f\x9c\xdd\x20\x0a\x67\xd5\x8d\
\x1c\x3f\x98\x76\xd7\x7e\x9b\x61\x60\xfd\x99\x94\x7a\x08\xd8\x23\
\xd9\xeb\xcf\xa8\x1e\xee\xe8\x6f\x24\xfe\xbc\xff\xce\xf9\x3f\xb8\
\xac\x45\xec\xec\xa7\xe9\x1f\x42\xf9\xac\xef\xdd\xdd\x1a\xd3\x00\
\x90\xcf\x7f\xf8\xe1\x0f\x06\xff\xc4\xbf\x6d\x58\x6f\x9e\x00\x60\
\x3f\x02\x30\xe5\x13\x00\x30\x00\xfc\x6b\x00\x1c\x99\xe4\x28\xc0\
\xb3\xc7\xff\x61\xfd\x0c\x37\xbb\x62\x66\xbb\xa4\xc7\x71\x57\x4f\
\x97\xbb\x82\xc2\x0f\xbf\x1f\xf9\xc3\xbd\x04\x86\xb7\x0e\xd4\x0d\
\x57\x0a\xa4\xd3\x9c\xcf\x69\x49\x7f\xcc\x16\x85\x2a\x51\x28\x9b\
\xfa\xcd\x69\xe0\xfd\x77\xf1\xf7\xc9\xd7\x7c\xa9\x6d\x1f\xd9\x0f\
\x42\x79\xae\x0f\x2e\xa9\x8b\x18\xb8\xd2\x00\xe0\xf3\x1f\x7e\xf8\
\x03\xc3\x2f\x73\x3c\xf3\x04\x80\x44\x47\x00\x1e\x89\x01\x10\x2c\
\x03\xe0\xd0\x14\x8f\x02\x3c\xeb\xd4\x1f\xcc\xbd\x7a\xf8\xa2\x69\
\x18\x8e\xf0\xd7\xe9\x5e\x70\x6e\x7f\xdf\x16\xee\x3b\x6c\x16\x66\
\xf8\xe1\x87\x3f\x8a\x5f\x26\xde\xf2\xd4\x01\x99\x84\x17\xcc\xaa\
\x89\x3e\x8a\x30\x8d\x53\x00\x52\xfb\x7e\xf5\x70\x43\xbf\x59\xf5\
\x31\x4d\xfd\x78\xff\xdd\xe1\xbf\xe1\x85\xed\x64\x3e\x08\xe5\xb9\
\xfa\x0e\x0c\x9a\xf3\xee\xa6\x50\x14\x5a\xe7\x41\x3e\xff\xe0\x87\
\xdf\xf7\xfc\x32\xc7\xb3\x9c\x00\xa0\x3a\x02\xf0\x50\x0c\x80\xe0\
\x18\x00\x89\x4e\x02\x98\x10\x3e\x09\xe0\x98\x0b\xae\xf8\x88\x13\
\x87\x49\xbb\x64\x26\xd3\x4d\x36\x74\xff\x5e\x87\x0e\x1b\xfc\xf0\
\xe7\x23\x7f\xd8\x18\x28\x0a\x19\x03\xb5\xa2\x70\x66\x8d\x11\xd5\
\xea\x2d\x03\xf6\x90\x4d\x0a\xe5\xcf\xca\xd7\x90\x15\x08\xbc\xff\
\x19\xe7\xff\xb7\xca\x36\x71\xe0\xe0\x10\xd9\x0f\x42\x79\xae\x37\
\x3a\xf7\x46\x9f\xba\xc2\xe7\x1f\xfc\xf0\x07\x8a\x5f\xe6\x78\x96\
\x13\x00\x26\xa4\x73\x02\x00\x06\x80\x7f\x0c\x80\x54\x4e\x02\x90\
\xc7\x40\x14\x9b\x5d\x21\xcf\x2b\x9a\x59\xdb\x95\xa9\x3d\x31\xba\
\x0e\x97\xf6\xeb\x39\x1d\x20\x8a\xdf\x0f\x3f\xfc\xf0\xeb\xf1\x87\
\xcc\x81\x50\x8f\x81\xfa\xe1\xea\x01\xb9\x6f\x3f\xfc\x18\xfa\x3a\
\x76\x65\x9f\xf7\x3f\x7b\xfc\x8f\x35\x72\xe4\x1f\x42\x48\x88\xb5\
\xef\xec\xb0\x98\xb5\xd5\x7c\xfe\xc1\x0f\x7f\x90\xf8\x67\xd5\x76\
\xc9\x1c\xcf\xcc\xf5\x8a\xcd\xdc\x4f\xfb\x04\x00\x0c\x00\xff\x1b\
\x00\xd6\x93\x00\xce\x8c\x3a\x09\xe0\x9f\xaf\x3f\x9d\xab\x2e\x9b\
\xda\x25\x2d\xaa\x12\x9e\x39\x8d\x96\xc7\x14\x5e\x3f\xc7\x5d\x46\
\xe1\x87\x1f\x7e\xf8\xb3\xc5\xff\xe5\x3b\x3b\xc8\x7a\x10\x42\x21\
\x5d\xf3\x74\x97\xa5\x1a\xab\x86\xf9\x1f\x7e\xf8\x03\xc4\x2f\x73\
\x3b\xdb\x09\x00\x67\xda\x4e\x00\xc0\x00\x08\xb0\x01\x90\xd2\x49\
\x00\xe3\xff\xef\xb1\x05\x09\xf7\xc0\xa8\x1c\x2b\xa7\x7b\x6c\x62\
\x5e\xdf\x7a\x11\xa7\xf0\x7c\xc7\x8e\xa0\xee\xdf\x07\x3f\xfc\xf0\
\xc3\xef\x4f\xfe\x0d\x1d\x34\xfe\x43\x08\x0d\xeb\xeb\x77\x34\x47\
\x7a\x00\xcc\xaa\x65\xfe\x87\x1f\xfe\x00\xf1\x8f\xff\xf3\x63\x0b\
\xdc\x38\x01\x00\x03\xc0\xdf\x06\x40\xd2\x93\x00\xce\xf8\xd1\x92\
\xff\x49\xdb\x31\x53\x0d\x38\xd5\x00\x71\x58\xc2\xe3\xb8\x29\x88\
\x6e\x93\x0d\xf8\xe1\x87\x1f\x7e\x1f\xf2\xff\xe0\x81\x2e\x32\x1e\
\x84\xd0\x88\x2e\x59\x58\x1b\x39\x01\x60\x56\x1d\xf3\x3f\xfc\xf0\
\x07\x88\x5f\xe6\x76\x6e\x9c\x00\x80\x01\xe0\x3f\x03\x40\x75\x12\
\xc0\x84\xf0\x49\x00\x27\x5c\xf6\xbd\x2b\x52\x76\xa4\x6c\x25\x26\
\x2a\xc7\x4a\xb9\x87\xc6\xa9\xe3\xa5\xeb\xa0\x69\x0f\x60\xf8\xe1\
\x87\x1f\x7e\xff\xf3\x73\xec\x1f\x42\x28\xac\xde\x7d\x07\xa3\x8f\
\x60\x0d\xcf\x1d\xcc\xff\xf0\xc3\x1f\x08\x7e\x99\xdb\x59\x4e\x00\
\x98\x90\xee\x09\x00\x18\x00\xfe\x35\x00\x94\x27\x01\x18\xf1\xee\
\xa2\xd9\xf5\xbd\xae\x34\xa1\x70\xdb\xd1\xd2\x6d\xba\xa1\x5b\x92\
\x63\x1f\xd0\xf0\xc3\x0f\x3f\xfc\x01\xe3\xbf\x74\x65\xab\x18\x1a\
\xa2\xf3\x3f\x42\x68\x58\x2f\xb7\xf5\x99\xab\xff\x9b\x86\x2b\x00\
\x98\xff\xe1\x87\x3f\x38\xfc\x46\x4e\x27\x73\x3b\x37\x4e\x00\xc0\
\x00\xf0\xa7\x01\x90\xec\x24\x80\x70\x23\xc0\xd0\x49\x00\x85\x37\
\xbe\xf9\x52\x5a\x03\x4c\xe5\x90\xe9\x0e\x40\xdd\xae\x98\x4a\x87\
\xce\x61\x97\x4d\xf8\xe1\x87\x1f\x7e\x9f\xf3\xdf\xf4\xe2\x76\x32\
\x1e\x84\xd0\x88\x56\xbc\xb5\xdd\x72\x44\x6b\x35\xf3\x3f\xfc\xf0\
\x07\x88\x5f\xe6\x74\x96\x13\x00\xc2\x0d\x00\x55\x27\x00\x60\x00\
\x04\xc0\x00\x88\x77\x12\xc0\x68\xdb\x49\x00\xe3\xac\x27\x01\x8c\
\xff\xf3\x63\x8b\x32\x32\x60\xb2\xed\xd8\x29\x1d\x39\x97\x07\x20\
\xfc\xf0\xc3\x0f\xbf\xc7\xf9\x5f\x6e\xa7\xfc\x1f\x21\x14\xd1\x9f\
\x1e\xef\x8c\x54\x00\xcc\xa8\x61\xfe\x87\x1f\xfe\x00\xf1\xcb\x9c\
\xce\x76\x02\xc0\x38\xdb\x09\x00\xa3\x53\x3d\x01\x00\x03\xc0\xbf\
\x06\x40\xa2\x93\x00\xc2\x8d\x00\x43\x27\x01\x9c\x76\xd5\xfc\x9f\
\xa6\xd6\x44\x43\x73\x4f\x8c\x6e\x89\x8d\xee\x9e\x18\x87\xa1\xdf\
\x44\x04\x7e\xf8\xe1\x87\xdf\x3f\xfc\x93\xe6\x35\x89\x81\x41\xca\
\xff\x11\x42\x11\x5d\xb9\xae\x49\x14\xce\x30\x1b\x00\xce\xae\x63\
\xfe\x87\x1f\xfe\x00\xf1\x9f\xf6\x83\xf9\x3f\xb5\x9c\x00\x10\xaf\
\x01\x60\xca\x27\x00\x60\x00\xf8\xdf\x00\x88\xd7\x08\x70\x62\xb8\
\x11\xe0\x31\xe7\x7f\xfc\x52\x57\x4a\x6a\x9c\x76\xc5\xd4\xee\xf2\
\x69\x77\xc8\x6c\xa1\x3d\x80\xe0\x87\x1f\x7e\xf8\x83\xc3\x7f\x45\
\x65\x1b\xd9\x0e\x42\x28\x4a\xe7\xcd\xad\x8e\x9c\x00\x30\xbb\x8e\
\xf9\x1f\x7e\xf8\x03\xc4\x2f\x73\x3a\x4b\x03\xc0\x89\x8a\x06\x80\
\x18\x00\x01\x34\x00\xf4\x1a\x01\xce\xa8\x6e\x71\xee\xaa\x69\x0e\
\x20\xed\xe7\xeb\xee\x91\x71\xf8\x7c\xf8\xe1\x87\x1f\x7e\x1f\xf3\
\xff\x64\x7d\x37\xd9\x0e\x42\x68\x44\xdd\x7b\x06\x86\xf7\xfe\x9b\
\x3d\x00\x0a\x67\xd7\x33\xff\xc3\x0f\x7f\x50\xf8\x8d\x5c\xce\xcd\
\x06\x80\x18\x00\xfe\x35\x00\x92\x35\x02\x1c\x6f\x44\x71\xb8\x11\
\x60\xc1\xdf\x5e\x7e\x40\x75\x41\x2a\xbb\x54\x3a\x1d\xb0\x6e\x37\
\xfd\x70\xf9\xf9\xf0\xc3\x0f\x3f\xfc\x7e\xe2\xff\xd3\x53\x5b\xc9\
\x78\x10\x42\x23\x7a\xb6\x79\xcf\xc8\xea\xff\xc8\x09\x00\xcc\xff\
\xf0\xc3\x1f\x08\x7e\x99\xcb\x59\x1a\x00\x16\x9b\xb9\x5e\xda\x0d\
\x00\x31\x00\xfc\x67\x00\x1c\x92\xc0\x00\xb0\x36\x02\x3c\xd3\xda\
\x08\x70\xdc\xff\xde\xfd\x0f\x65\x13\x8a\x98\x92\x1a\xd5\xf7\x5d\
\x1e\xc0\xba\x25\x3d\x8e\x8f\x01\x81\x1f\x7e\xf8\xe1\xf7\x2f\xff\
\xdf\x9e\xdf\x46\xc6\x83\x10\x1a\xd1\xa2\xd7\xb6\x8e\x1c\xff\x27\
\x2b\x00\x98\xff\xe1\x87\x3f\x38\xfc\x32\x97\xb3\x35\x00\x3c\xd3\
\xd6\x00\x70\x8c\x4e\x03\x40\x0c\x00\x7f\x1b\x00\x89\x1a\x01\xca\
\xae\x90\x85\xe1\x46\x80\x27\x7f\xe5\xaf\x5f\xd7\x2e\x41\xc9\x75\
\x49\x8f\xd3\xdf\xe7\xf8\xe7\xe1\x87\x1f\x7e\xf8\xbd\xcb\x3f\xf5\
\x19\x2a\x00\x10\x42\x11\xfd\xe6\x91\x8e\xc8\x09\x00\x33\x6b\x98\
\xff\xe1\x87\x3f\x40\xfc\x32\x97\xb3\x34\x00\x2c\x34\x73\xbd\xb4\
\x1b\x00\x62\x00\x04\xc3\x00\x48\xd6\x08\xf0\xec\x23\x8e\x3d\xfd\
\x12\xe3\x02\xea\x2f\xcc\xe4\x9e\x95\x6c\x77\xd1\x54\xfc\x7d\x61\
\x56\xf9\x68\xfd\x1a\x7e\xf8\xe1\x87\x3f\x08\xfc\x3f\x7f\x98\x1e\
\x00\x08\xa1\x88\x3e\xbb\xa6\x31\x64\x00\x4c\x0c\x19\x00\xb5\xcc\
\xff\xf0\xc3\x1f\x1c\xfe\x7e\x99\xcb\xc9\x9c\xce\xad\x06\x80\x18\
\x00\xfe\x35\x00\xe2\x35\x02\x3c\x36\x41\x23\xc0\xf3\x0b\x6f\x7a\
\xe7\x4d\xad\x0b\x56\xb7\xc4\x26\xeb\x4d\x36\x32\xfc\xfb\xe0\x87\
\x1f\x7e\xf8\x3d\xcc\xff\xe5\x3b\x3a\xc8\x78\x10\x42\x21\x0d\x0d\
\x0d\x89\xc9\xb3\xab\xe2\x9c\x00\xc0\xfc\x0f\x3f\xfc\x7e\xe7\x97\
\x39\x9c\xcc\xe5\x12\x34\x00\x3c\x36\x9d\x06\x80\x18\x00\xfe\x36\
\x00\x52\x6e\x04\x38\x71\xea\xd3\xab\x9c\x5d\xe0\xba\x0e\x97\x3d\
\x74\x5f\xcf\xa9\xc3\xa6\xf8\xfd\xf0\xc3\x0f\x3f\xfc\x3e\xe6\x3f\
\x7b\x41\xa3\x18\x34\x6e\xfa\x11\x42\xa8\xb9\x77\xbf\xb9\xff\x7f\
\x38\x86\x4f\x00\x60\xfe\x87\x1f\xfe\x20\xf0\xcb\x1c\xce\xed\x06\
\x80\x18\x00\xfe\x34\x00\xb4\x1b\x01\x9e\xfe\xa3\x25\xbf\xce\xae\
\xc3\x96\xe1\x92\x19\xcf\x3b\x8c\xf0\xc3\x0f\x3f\xfc\x99\xe5\xaf\
\xda\xba\x9f\xcc\x07\x21\x24\x1e\xa9\xdb\x95\xe0\x04\x00\xe6\x7f\
\xf8\xe1\xf7\x3b\xbf\xcc\xe1\xdc\x6e\x00\x88\x01\xe0\x7f\x03\x20\
\x59\x23\xc0\x82\x70\x23\xc0\x63\x2e\xbc\xe2\xb2\xa2\x8a\xc6\xa1\
\xf4\x1d\x2b\xdb\x1e\x9b\xd9\x0d\x23\x8f\xd6\xaf\xdd\xdb\x93\x93\
\xe9\x09\x04\x7e\xf8\xe1\x87\xdf\xdf\xfc\xb3\x5f\xd9\x4e\xe6\x83\
\x10\x12\xb3\x5e\xda\x12\x31\x00\x66\x56\x31\xff\xc3\x0f\x7f\x50\
\xf8\x2b\x9a\x86\x8e\x39\xef\x13\x97\x59\x1a\x00\x16\xb8\xd1\x00\
\x10\x03\x20\x38\x06\x40\xb2\x46\x80\x67\x19\x71\x41\xe1\xf4\xaa\
\x7a\xf7\x06\x9c\xde\x80\xc9\xbc\xe3\x97\x69\x87\x0f\x7e\xf8\xe1\
\x87\xdf\x5b\xfc\x57\x54\xb6\x91\xf9\x20\x84\xc4\x4f\x1e\x68\x8b\
\x6c\x01\x18\x39\x01\x80\xf9\x1f\x7e\xf8\xfd\xce\x2f\x73\x37\x99\
\xc3\x99\xb9\x9c\x6b\x0d\x00\x31\x00\xfc\x6d\x00\xc4\x6b\x04\x38\
\x36\x41\x23\xc0\x77\x4f\xbc\xf6\xf9\xdb\xc2\x17\xd8\xb0\x5b\xd5\
\x90\xd8\xc1\x0a\x7f\x2d\x1f\xad\x5f\xa7\x3a\x60\x94\x3f\xaf\x37\
\x20\x94\x7f\xaf\xe6\x00\x86\x1f\x7e\xf8\xe1\x0f\x02\xff\x1b\x9d\
\xfd\x64\x3f\x08\xe5\xb9\x3e\xbe\xbc\x3e\x52\xfe\x3f\xb3\x96\xf9\
\x1f\x7e\xf8\x03\xc2\x3f\xfe\x9a\x67\x6f\x93\x39\x5c\x82\x06\x80\
\x63\xd3\x6d\x00\x88\x01\xe0\x7f\x03\x40\xd5\x08\xb0\x28\xdc\x08\
\xf0\x8c\x9f\x2e\xff\x43\x60\xf7\xf0\xc4\x0c\x38\xcb\x63\x4e\xba\
\x76\xc2\x0f\x3f\xfc\xf0\x67\x9e\xff\x87\x0f\x72\x1c\x20\x42\xf9\
\xac\x03\x07\x87\x44\xc9\x4c\x23\xf9\x9f\xb6\x29\x14\x85\xb3\x6b\
\x99\xff\xe1\x87\x3f\x20\xfc\x32\x77\xb3\x34\x00\x2c\x72\xab\x01\
\x20\x06\x80\x7f\x0d\x80\x78\x8d\x00\x47\xdb\x1a\x01\xca\x3d\x22\
\x85\xe1\x46\x80\xc7\xbe\xe7\x8b\xff\x96\x72\x49\x8b\x75\x10\xa5\
\x30\xa0\xd4\x7b\x62\x34\x07\x4c\xcc\xef\xd7\x74\xd0\xb4\x1d\x38\
\xf8\xe1\x87\x1f\x7e\x1f\xf2\x1b\x37\xfb\xd5\x5b\xa9\x02\x40\x28\
\x5f\x55\xb5\xa5\xdf\x2c\xff\x37\x2b\x00\x66\xd5\x33\xff\xc3\x0f\
\x7f\x40\xf8\x8f\x7d\xff\x17\xff\xcd\xd2\x00\xb0\xd0\xcc\xed\xac\
\x0d\x00\x47\xa7\xd3\x00\x10\x03\x20\x18\x06\x40\xa2\x46\x80\x67\
\x98\xcd\x22\xca\x8c\x38\x5b\xee\x21\x29\x9a\x51\xd5\x92\x11\x47\
\x4c\xb3\x64\x46\xb7\x89\x86\x2a\x9c\x0f\x40\xf8\xe1\x87\x1f\x7e\
\xff\xf1\x17\xcc\xac\x16\x5f\xbd\xad\x89\x2c\x08\xa1\x3c\xd5\xdd\
\x9b\x7b\x43\x89\xff\xc4\x69\x9b\x8c\xd8\xcc\xfc\x0f\x3f\xfc\x41\
\xe1\x9f\x51\xdd\x62\xee\xff\x3f\xdb\xcc\xe5\x0a\xcc\xdc\xce\x71\
\x03\x40\x0c\x80\x60\x19\x00\xf1\x1a\x01\x4e\xb0\x34\x02\x3c\x7f\
\xe2\xf5\x2f\xde\x93\x8e\xe3\x16\x7b\xc1\x46\x1e\x33\xe3\xe8\xb9\
\x7d\x8e\xa6\xa2\x84\x07\x7e\xf8\xe1\x87\xdf\x67\xfc\x85\xb3\xeb\
\x46\x56\xfe\xee\xaf\xde\x49\x26\x84\x50\x1e\xea\x86\xe7\xba\x23\
\x15\x00\x33\xab\x99\xff\xe1\x87\x3f\x20\xfc\x13\xaf\x7f\xfe\x1e\
\x99\xbb\x59\x1a\x00\x4e\x70\xab\x01\x20\x06\x80\xff\x0d\x80\x44\
\x8d\x00\x4f\x30\x9b\x44\xc8\xbd\x22\xc5\xe6\xde\x91\x77\x9f\xfe\
\xf3\x35\x7f\x71\xc5\x21\xd3\x6e\x92\xe1\xf0\xf5\xed\xa1\x1a\x40\
\xb6\x01\x57\x68\x79\x84\x1f\x7e\xf8\xe1\x0f\x02\x7f\xc1\xcc\x5a\
\xb3\xec\x77\x93\xb8\x60\x7e\x8d\xe8\xde\x33\x40\x36\x84\x50\x9e\
\xe9\xbb\x77\xb7\x8c\xcc\x03\xa1\x13\x00\x98\xff\xe1\x87\x3f\x10\
\xfc\xe3\x8c\x9c\xcd\x6c\x00\x38\xd9\xcc\xe5\xc6\x9b\xb9\xdd\x09\
\x4e\x1b\x00\x62\x00\x04\xc3\x00\xb0\x37\x02\x3c\xc6\xbc\x38\xe4\
\x1e\x91\x33\xcd\xa6\x11\xa1\x3e\x00\x27\x5c\xfa\xad\x4f\xa7\x35\
\xc0\x54\x17\xbc\xed\xfb\xca\x01\x97\xe9\x01\xa4\xbb\x47\x08\x7e\
\xf8\xe1\x87\xdf\x67\xfc\x72\xb5\x6f\xe4\xec\x6f\x23\xbe\x79\x67\
\x8b\x18\x1a\x1a\x22\x23\x42\x28\x8f\xf4\xc1\xc5\x75\xb6\x13\x00\
\x98\xff\xe1\x87\x3f\x08\xfc\x32\x67\xb3\xec\xff\x2f\x32\x73\xba\
\x53\xcc\x1c\xef\x18\x27\x0d\x00\x31\x00\xfc\x6d\x00\xa4\xd2\x07\
\x20\xdc\x08\xb0\xdc\x88\x73\x8c\xb8\xb0\x70\x46\x55\xa7\x7a\xcf\
\x8d\x6e\x09\x8b\xb3\x2e\x99\x31\xc7\x72\x58\x1e\xdd\x28\xc9\xd1\
\xdf\x73\x04\x3f\xfc\xf0\xc3\xef\x5d\xfe\x42\xe3\x71\x78\xcf\xef\
\xf0\xd9\xdf\xe1\xc7\x39\x2f\x6f\x21\x23\x42\x28\x4f\xb4\x7b\xff\
\xc1\xa8\xf1\x5f\x38\xab\x8e\xf9\x1f\x7e\xf8\x83\xc0\x6f\xe4\x6a\
\x32\x67\x33\x73\xb7\x72\x4b\x03\x40\x57\xf6\xff\x63\x00\x04\xcf\
\x00\x88\xd7\x07\x60\xa2\xa5\x0f\xc0\x05\x13\xaf\x7b\xf1\x3e\x95\
\x03\xa5\xdb\x54\x43\x77\x00\x6b\x3b\x80\x9a\x0e\x9c\xd3\xd7\x83\
\x1f\x7e\xf8\xe1\xf7\x32\xbf\xec\xf4\x3d\xb2\xfa\x3f\x6d\x53\xe4\
\xd1\x88\x07\x6b\x76\x91\x19\x21\x94\x07\xda\xd0\xbe\x37\x6a\xfc\
\x47\x9d\x00\xc0\xfc\x0f\x3f\xfc\xbe\xe5\x97\xb9\x9a\xd9\x00\x30\
\xbc\xff\x7f\xa2\x9b\xfb\xff\x31\x00\x82\x61\x00\x24\xea\x03\x70\
\xa2\xb9\x57\x44\x36\x8d\x28\x31\x62\x8a\xdc\x4b\x72\xc6\x8f\x57\
\xfc\xc9\xfd\x63\x35\x74\xf7\xc8\xb8\xfc\xfb\xdc\xde\x43\x04\x3f\
\xfc\xf0\xc3\xef\x61\x7e\xb9\xd2\x67\x2d\xff\xb7\xc6\xa4\x59\x9b\
\xc5\x5b\x5d\x7b\xc9\x8e\x10\x0a\xb8\xd6\xbc\xbd\xc3\x32\xf6\xab\
\x98\xff\xe1\x87\x3f\x20\xfc\x32\x57\x33\xf7\xff\x4f\x31\x73\xb8\
\x09\x66\x4e\x77\xa2\x1b\xfb\xff\x31\x00\x82\x63\x00\xd8\xfb\x00\
\x84\x1b\x01\x9e\x6a\xef\x03\x70\xf4\xf9\x9f\xbc\xbc\xa8\xa2\x69\
\x28\xf9\x05\x6e\x3b\xf7\x52\x55\x02\xa3\xeb\xa8\xa9\x1c\x32\x6d\
\x87\x2d\xfa\xef\x8d\x79\xbe\xaa\x6b\x27\xfc\xf0\xc3\x0f\xbf\x8f\
\xf8\x0b\x66\xd4\x8c\xac\xf8\x87\x9a\x7f\x85\x1f\xcd\x72\xe0\x0b\
\xe6\x57\x8b\xea\xad\xfd\x64\x48\x08\x05\x58\x7f\x79\xa2\x33\x32\
\xfe\x67\x54\x33\xff\xc3\x0f\x7f\x10\xf8\x8d\x1c\x4d\xe6\x6a\x71\
\xf6\xff\x9f\x6a\x69\x00\xe8\x68\xff\x3f\x06\x40\x30\x0d\x80\xd1\
\x66\x73\x88\xe3\x13\xf5\x01\x28\xb8\x79\x63\x75\xf2\xae\x98\x8a\
\x73\x2b\xb5\x4b\x5c\x6c\x03\x4a\xd7\x61\x73\xd9\x11\x54\x77\x05\
\x85\x1f\x7e\xf8\xe1\xf7\x2e\x7f\xa1\x34\x00\x12\x54\x00\x84\xe3\
\xa2\x05\x35\xa2\x6e\x1b\x26\x00\x42\x41\xd5\x57\x6e\x6b\x8e\x8c\
\xf9\x50\x03\x40\xe6\x7f\xf8\xe1\xf7\x3b\x7f\xa1\x91\xa3\x25\xd9\
\xff\x7f\xbc\x99\xe3\x8d\xc6\x00\xc8\x6f\x03\x20\x51\x1f\x80\x70\
\x23\x40\xb9\x57\xe4\x0c\x7b\x1f\x80\xf1\x53\x9f\x58\xe1\xea\x9e\
\x18\xa7\x5d\x30\x15\x25\x3a\xca\xa6\x1f\x76\x87\x4e\x59\xf2\xe3\
\xf2\x9e\x20\xf8\xe1\x87\x1f\xfe\x2c\xf2\x87\x2a\x00\xa6\xdb\x56\
\xff\xa7\xc5\xc6\x25\x98\x00\x08\x05\x56\xe7\xcf\xab\x1e\x19\xff\
\xa1\x13\x00\x98\xff\xe1\x87\xdf\xf7\xfc\xe3\xff\xf2\xc4\x8a\x38\
\xfb\xff\xcf\x30\x73\xba\x70\x03\x40\x47\xfb\xff\x31\x00\x82\x63\
\x00\x68\xf5\x01\x38\xe5\xdb\x33\x7f\xec\xe6\xb1\x17\x19\x1f\x70\
\x4e\x9b\x6a\x64\xf8\xd8\x0f\xf8\xe1\x87\x1f\xfe\x6c\xf2\xcb\x9b\
\xfd\x44\x4d\x00\xa3\xfe\xcd\x88\xf3\xe7\x56\x8b\x37\x3b\xe9\x09\
\x80\x50\x90\xd4\xbd\x67\x20\x6a\xac\x17\xce\xac\x63\xfe\x87\x1f\
\xfe\x00\xf0\x9f\xf2\xbd\x99\x3f\xce\xf4\xfe\x7f\x0c\x80\x60\x19\
\x00\xa9\xf6\x01\x38\x6f\xcc\xa9\x05\x1f\x30\x2e\xb4\xfe\x84\x03\
\xcc\x65\x47\x2e\xc6\x11\x53\xfe\x3e\x67\x25\x43\x2a\xc7\x4e\x39\
\xc1\xc0\x0f\x3f\xfc\xf0\x7b\x98\x3f\x74\x0a\x40\x82\x84\x7f\xa2\
\xf9\x75\xe4\x98\xc0\xe1\xc6\x80\x4f\x35\xee\x26\x6b\x42\x28\x20\
\x7a\xa6\x69\x77\xf4\x09\x00\xcc\xff\xf0\xc3\x1f\x04\xfe\x7e\x99\
\xa3\xc9\x5c\x2d\x93\xfb\xff\x31\x00\x82\x6b\x00\x28\xfb\x00\x14\
\xde\xf0\xc6\xcb\x69\x3b\x56\x2e\x3b\x5e\x8e\xbb\x6c\xaa\x22\xd3\
\xbf\x0f\x7e\xf8\xe1\x87\x3f\x8b\xfc\xf2\x66\x3f\x5e\xc9\x7f\xdc\
\x30\x13\x84\x92\x99\x9b\xc5\xda\x77\x76\x90\x39\x21\x14\x00\x2d\
\xdc\xb0\xd5\x32\xc6\xab\x98\xff\xe1\x87\x3f\x00\xfc\x32\x37\xcb\
\xc6\xfe\x7f\x0c\x80\x60\x18\x00\xba\x7d\x00\xce\x0e\xf5\x01\xf8\
\xed\xbd\xb3\x12\x39\x52\x4a\xc7\x4a\x75\x01\x2b\x7e\x5e\x77\x8f\
\x8c\xf6\x9e\x1a\xb7\xff\x3e\xf8\xe1\x87\x1f\x7e\x8f\xf1\x17\xcc\
\xa8\x4a\x69\x0b\x80\xfd\xfb\xb2\x73\xf8\xc0\xe0\x10\x19\x14\x42\
\x3e\xd6\xaf\x1e\xee\x88\x8c\xeb\x19\x35\xcc\xff\xf0\xc3\x1f\x00\
\x7e\x99\x9b\x99\xfb\xff\xcf\xce\xe4\xfe\x7f\x0c\x80\x60\x19\x00\
\x5a\x7d\x00\x4e\xfe\xec\xff\x7e\x3d\x63\x0e\x98\xf6\x1e\x9a\x46\
\xcb\x63\xa3\xed\xdf\xd2\x28\xc9\x51\x95\xd8\x38\x75\xf0\xe0\x87\
\x1f\x7e\xf8\x73\xcc\x5f\x30\xab\x2e\x7e\xc9\xbf\xe5\x31\x51\x7c\
\xf5\xb6\x26\xb1\x7d\xef\x00\x59\x14\x42\x3e\xd5\xa7\x56\x37\x46\
\xc6\xbf\x31\x17\x30\xff\xc3\x0f\xbf\xff\xf9\x65\x6e\x96\x8d\xfd\
\xff\x18\x00\xc1\x33\x00\x52\xed\x03\x70\xee\x11\x47\x1c\x71\x71\
\xd1\xcc\x9a\x6d\xf1\x2e\x68\x5d\x07\xcc\xe9\x9e\x1a\x5d\x07\x2d\
\x36\xa2\x07\x50\xa1\xf9\x75\xba\x5d\x38\xe1\x87\x1f\x7e\xf8\xbd\
\xce\x1f\xe9\x03\xb0\xd9\xf2\x68\x26\x04\xd3\xa2\x7b\x00\x4c\x8c\
\x53\x11\xf0\x81\x45\x35\xe2\xb5\x8e\x3e\x32\x29\x84\x7c\xa6\xc1\
\xa1\x21\x51\x3e\x33\x32\xee\x87\x4f\x00\x60\xfe\x87\x1f\x7e\x5f\
\xf3\x1b\x39\x99\xcc\xcd\x64\x8e\x96\xe9\xfd\xff\x18\x00\xc1\x36\
\x00\x94\x7d\x00\x26\x5e\xf7\xc2\xfd\x6e\x74\xbd\x74\x7d\xc0\x28\
\x1d\x39\xcb\x63\xbc\x01\xef\x70\x02\x82\x1f\x7e\xf8\xe1\xf7\x03\
\x7f\xc1\x8c\xea\xd8\x84\x5f\x55\x01\x60\x31\x01\x64\x5f\x80\xf9\
\xaf\x6e\x15\x43\x43\x6c\x09\x40\xc8\x2f\xaa\xdf\xbe\x3f\xca\xf0\
\x2b\x9c\xd5\xc0\xfc\x0f\x3f\xfc\x3e\xe7\x97\x39\x59\xb6\xf6\xff\
\x63\x00\x04\xc7\x00\x48\xd6\x07\xe0\x58\x73\xef\xc8\xe9\x96\x3e\
\x00\xf2\x6c\xc9\x0b\x4e\xbb\x7a\xf1\xef\xbc\xb0\x27\xc6\xf5\xd0\
\x2c\xe9\x81\x1f\x7e\xf8\xe1\xf7\x23\x7f\xe1\xac\xda\xa4\x09\x7e\
\xdc\xb0\xf5\x04\x90\x09\xc4\x77\xee\x6c\x16\xdb\xd8\x12\x80\x90\
\x2f\xf4\x60\xcd\xce\xa8\x31\x5f\xc8\xfc\x0f\x3f\xfc\xbe\xe7\x97\
\x39\x99\xb9\xff\xff\x2c\xcb\xfe\xff\xd3\xcd\x1c\xee\x58\x37\xf7\
\xff\x63\x00\x04\xd7\x00\x48\xa9\x0f\xc0\xe8\xd2\x8b\x2f\x2d\x9e\
\x5d\x3f\xa0\x76\xc8\x34\x1d\x37\x6d\x87\x2d\xf9\xeb\xdb\xc3\xfa\
\x9c\x78\x7b\x86\xec\x03\x2e\xf6\xe7\x75\x1d\x42\xf8\xe1\x87\x1f\
\x7e\xef\xf1\x17\xce\x6e\x34\x93\xf9\xe8\x84\x3e\xfc\x18\x2f\x12\
\x55\x08\x5c\x3c\xbf\x5a\x3c\x56\xbf\x8b\xec\x0a\x21\x8f\x6b\xda\
\x0b\x3d\x23\x15\x00\x72\xfc\x33\xff\xc3\x0f\xbf\xbf\xf9\x8b\x67\
\x37\x0c\xc8\x9c\x4c\x73\xff\x3f\x06\x00\x06\x40\xd2\x3e\x00\xc7\
\x24\xea\x03\x60\xc4\x45\x85\xff\x78\xfd\x15\xe5\x2a\x93\xa6\x83\
\xe7\xd8\xf1\xd3\x2c\xc1\xd1\x7e\xbe\xee\x2a\x1b\xfc\xf0\xc3\x0f\
\xbf\x47\xf9\x0b\x67\xd7\x27\xed\xfa\xaf\x1b\xbf\x79\xb8\x5d\xec\
\xea\x3f\x48\x96\x85\x90\x47\x75\xd5\xbd\xad\x91\x31\x3b\xb3\x86\
\xf9\x1f\x7e\xf8\x7d\xce\x2f\x73\x31\x99\x93\x25\xd9\xff\x7f\x8c\
\x9b\xfb\xff\x31\x00\x82\x6d\x00\x1c\x61\xee\x15\x09\x1f\x07\x18\
\xee\x03\x50\x60\x44\x59\xb8\x0f\xc0\x99\xbf\xba\x73\x9a\xe3\x01\
\xe4\xb0\xcb\x67\xa6\x07\x98\xd3\x12\x1e\xf8\xe1\x87\x1f\x7e\x2f\
\xf3\x4f\x9c\x51\x9d\x30\xa1\xb7\x57\x04\xc4\x54\x00\xc4\x39\x36\
\xf0\x03\xb7\xd4\x8a\xe7\x5b\xf6\x90\x69\x21\xe4\x41\x7d\x78\x71\
\x6d\x64\x3c\xcf\xa8\x61\xfe\x87\x1f\x7e\x9f\xf3\x9f\x61\xe4\x62\
\x96\xfd\xff\x65\x66\xae\x16\xde\xff\x1f\x3e\xfe\x6f\xb4\x99\xdb\
\x61\x00\x60\x00\xa4\xd4\x07\xe0\xa8\x24\x7d\x00\xce\x3f\xfe\xb2\
\xef\x7d\xde\x5e\x52\x13\x5b\xe2\xa2\x57\x72\xa3\x3f\x20\x93\xbf\
\xbe\xe3\x63\x40\x94\xcf\x87\x1f\x7e\xf8\xe1\xf7\x2f\xbf\x8c\x89\
\x23\x27\x00\x24\x4f\xf0\x63\x8f\x0d\x8c\x9c\x1c\x60\x3f\x45\xe0\
\x0f\x8f\x75\x88\x3d\xfb\x07\xc9\xb8\x10\xf2\x88\xf6\x1e\x18\x14\
\x85\x56\xc3\x6e\x56\x2d\xf3\x3f\xfc\xf0\xfb\x9c\x5f\xe6\x62\x32\
\x27\x4b\xb2\xff\xff\x28\x37\xf7\xff\x63\x00\x04\xd3\x00\x38\x34\
\x41\x1f\x80\x13\xcc\xbd\x24\xe3\x8d\x28\x36\x62\xb2\x11\xe7\x19\
\x71\x71\xe1\xcd\x9b\x9a\x8a\x32\x59\xd2\xa3\x79\xce\xa7\xeb\xc7\
\x80\x38\x6c\x3a\x02\x3f\xfc\xf0\xc3\xef\x75\xfe\xc2\x59\x75\xf1\
\x8f\x01\x54\x9d\x0a\xa0\x88\xf7\x2f\xaa\x11\xcf\x34\xed\x26\xf3\
\x42\xc8\x03\x7a\xa3\x73\x6f\x74\x03\xc0\x59\x0d\xcc\x7f\xf0\xc3\
\xef\x63\x7e\x99\x83\xc9\x5c\xcc\xcc\xc9\x26\x9b\x39\xda\x78\x33\
\x67\x3b\x21\xc1\xfe\xff\x43\x31\x00\x30\x00\x52\xed\x03\x20\x8f\
\x90\x38\xc5\x2c\x29\x89\xea\x03\x30\xfe\x2f\x4f\xac\x4a\xea\xb8\
\x39\x1c\x70\xea\x01\x94\xed\x12\x21\xbd\x09\x09\x7e\xf8\xe1\x87\
\xdf\x0f\xfc\x05\x33\x6b\xd5\x25\xff\xd3\x36\x5b\x1e\x37\xdb\xfe\
\x2d\x71\xfc\xef\x23\x1d\x62\x27\xbd\x01\x10\xca\xa9\xd6\xbe\xb3\
\x23\x6a\x3c\x17\x32\xff\xc1\x0f\xbf\xaf\xf9\x65\x0e\x16\x67\xff\
\xff\x38\x33\x67\x3b\x3e\x13\xfb\xff\x31\x00\x82\x6d\x00\x1c\x9e\
\xa0\x0f\xc0\x19\x96\x3e\x00\x67\xcb\x23\x27\x4e\xfd\xfa\xdf\xaf\
\x2e\x74\xe4\xa8\x39\x1b\x50\x8e\x4b\x82\x5c\x77\x18\xe1\x87\x1f\
\x7e\xf8\xfd\xc7\x3f\x7c\x2a\x40\x75\xd2\x84\x5e\xd7\x20\xb0\x56\
\x14\x5c\xb2\xa0\x46\x3c\xde\x40\x35\x00\x42\xb9\xd2\xd4\x27\x3b\
\x23\x63\x75\x46\x15\xf3\x1f\xfc\xf0\xfb\x9c\x5f\xe6\x60\xe6\xf1\
\x7f\x67\x5b\xf6\xff\x9f\x91\x60\xff\xff\xe1\x18\x00\x18\x00\xe9\
\xf4\x01\x88\x7b\x1c\xe0\x11\xc7\x9e\xf8\xbe\xa2\x99\xf5\xbb\xd2\
\x75\xb0\x74\x8f\xdd\x70\xdb\xd1\xd3\x3f\xf6\xc3\x5d\x07\x0f\x7e\
\xf8\xe1\x87\xdf\x2b\xfc\x05\xa1\xa6\x80\x55\x69\x25\xf8\xf1\x9e\
\x1f\xcf\x30\xf8\xc5\x43\xed\xa2\x77\x1f\xd5\x00\x08\x65\x5b\x5f\
\x5d\xd7\x14\x19\x9f\x33\xaa\x99\xff\xe0\x87\xdf\xcf\xfc\xb3\xea\
\x76\xca\x1c\x2c\xc9\xf1\x7f\x19\xd9\xff\x8f\x01\x10\x5c\x03\xc0\
\xda\x07\x20\xbc\x0d\x60\x6c\x92\xe3\x00\x2f\x9e\x78\xdd\x0b\x0f\
\xbb\x75\x6c\x86\xbe\x23\x66\x1b\x90\xb3\x1a\x46\x1e\xc3\xfb\xdb\
\x22\xfb\xdc\xdc\x28\xe1\xc9\x74\xc0\x0f\x3f\xfc\xf0\xe7\x8e\xbf\
\x70\x56\xbd\x28\x98\x5e\x95\xf6\xbe\xff\x54\xe2\xe2\x05\x35\xe2\
\x91\xba\x5d\x64\x64\x08\x65\x51\xe7\xcf\xad\x19\x31\xf0\x0a\x67\
\xd4\x32\xff\xc1\x0f\xbf\x8f\xf9\x27\x5e\xf7\xd2\xc3\xe6\xfe\xff\
\x44\xc7\xff\x8d\xb5\x95\xff\xbb\xb2\xff\x1f\x03\x20\xd8\x06\x80\
\xb5\x0f\xc0\x68\x4b\x1f\x80\xf0\x71\x80\x85\x46\x94\x87\x8f\x03\
\x3c\xfd\x07\x0b\x7f\xeb\xde\x00\xb5\x39\x78\x96\xe7\xa4\xf2\x7c\
\xa7\x4d\x39\x54\xbf\x4f\xff\xef\x81\x1f\x7e\xf8\xe1\xf7\x17\x7f\
\xc1\xcc\x7a\x31\x71\xda\xb0\x09\x30\xf1\x66\xcb\x8a\xfe\xcd\x91\
\x47\xeb\xd7\x89\x93\x7d\x5b\xc5\xc0\xcd\x9b\x46\x1e\x65\xfc\xec\
\xc1\x36\xb1\x63\x2f\xd5\x00\x08\x65\x5a\xdd\x7b\x06\xa2\xab\x74\
\x66\xd5\x31\xff\xc1\x0f\xbf\x8f\xf9\x4f\xbf\x6a\xe1\x6f\x2d\xc7\
\xff\x95\x9b\xb9\x59\xf8\xf8\xbf\xf0\xfe\xff\xd1\x6e\xef\xff\xc7\
\x00\x08\xbe\x01\x60\xdd\x06\x70\x74\xb2\xe3\x00\x47\x9f\x51\xfe\
\xff\x8a\x66\xd7\xef\x4b\x65\xc0\xa9\x4b\x6c\x9c\x0e\x68\xbd\x3d\
\x40\x99\x6e\xfa\x01\x3f\xfc\xf0\xc3\xef\x47\xfe\xe1\x4a\x80\xea\
\xb4\x9a\xfe\x25\xda\x02\x60\x0f\xf9\xbd\x8b\xe6\x57\x8b\xf5\xb5\
\x54\x03\x20\x94\x49\x3d\xdd\xb8\xdb\x76\x02\x40\x3d\xf3\x1f\xfc\
\xf0\xfb\x96\xbf\x7e\x9f\xcc\xbd\x14\xc7\xff\x1d\x9d\xa0\xfc\x1f\
\x03\x00\x03\x40\xfb\x38\xc0\x13\x13\x1d\x07\x58\xf0\xb7\x97\x9f\
\x48\xcd\x21\x53\x74\xed\x74\xd9\x81\x73\xea\x20\xc6\x0c\xe0\x59\
\x96\xc7\xb4\xfe\x3e\xf8\xe1\x87\x1f\x7e\x7f\xf0\x17\x48\x13\xc0\
\xd2\x13\x20\xb4\x72\x9f\xa4\x02\x40\x5d\x21\x90\xf8\x14\x81\x9f\
\x3e\xd0\x26\xb6\xef\x1d\x20\x53\x43\x28\x03\x5a\xf0\xea\x56\xcb\
\x78\xdc\xcc\xfc\x07\x3f\xfc\x3e\xe6\x9f\x78\xfd\xcb\x4f\x24\x39\
\xfe\xef\xc4\x4c\x1d\xff\x87\x01\x90\x1f\x06\x80\xd6\x71\x80\xa7\
\xff\x68\xe9\x9f\xbd\xb3\x8f\x26\x93\x25\x3d\xfe\x0a\xf8\xe1\x87\
\x1f\x7e\x27\xfc\xa1\xe6\x80\x23\x95\x00\x99\x8d\x0b\xe7\x55\x8b\
\x07\x6b\x76\x92\xad\x21\xe4\xb2\x64\xf3\xcd\x11\x03\xc0\x18\xcf\
\xcc\x7f\xf0\xc3\xef\x5f\x7e\x99\x73\xe5\xe2\xf8\x3f\x0c\x80\xfc\
\x31\x00\x52\x3e\x0e\x70\x74\xc9\x45\x1f\x2d\x9e\x55\xbf\xdf\x3e\
\xa0\xec\xa1\x3b\x00\x75\xbf\xaf\xfa\x7d\x99\x9e\x30\xe0\x87\x1f\
\x7e\xf8\x83\xc6\x1f\x32\x01\x66\x54\x2b\x57\xf8\xed\xdf\xb7\x47\
\xaa\x15\x03\x3f\xb9\x9f\x6a\x00\x84\xdc\xd4\x27\x57\xd6\x5b\x8e\
\x00\xac\x61\xfe\x83\x1f\x7e\x9f\xf2\xcb\x5c\x6b\x74\xc1\xbb\x3f\
\x9a\x8b\xe3\xff\x30\x00\x82\x6d\x00\xa4\x75\x1c\xa0\x11\x97\x14\
\xfc\xfd\xd5\xe7\xdc\x76\xe8\x32\xde\x14\x24\xc7\x0e\x20\xfc\xf0\
\xc3\x0f\xbf\x5f\xf8\x0b\x67\xd4\xb8\xba\xe2\x9f\xcc\x50\x90\xbd\
\x01\x1e\xaa\xa5\x1a\x00\x21\xa7\x1a\x18\x1c\x12\x65\x33\x23\xbd\
\x3b\x0a\x67\xd6\x32\xff\xc1\x0f\xbf\x4f\xf9\x27\xfe\xed\xd5\xe7\
\x64\xce\x95\x8b\xe3\xff\x30\x00\xf2\xc3\x00\xd0\x3d\x0e\xf0\xa2\
\x71\x3f\x59\x7d\x8d\xdb\x25\x36\x6e\x4f\x10\x6e\xff\x3d\x4e\x1d\
\x3e\xf8\xe1\x87\x1f\x7e\x3f\xf1\x17\xce\xaa\x33\x92\xf4\xcd\x8e\
\x56\xf8\x75\x0c\x02\x7a\x03\x20\xe4\x4c\x35\x5b\xfb\xa3\xc7\xde\
\xcc\x7a\xe6\x3f\xf8\xe1\xf7\x29\xff\xb8\x9f\xad\xbe\x26\x4e\xf9\
\x7f\x56\x8e\xff\xc3\x00\xc8\x1f\x03\xc0\x7e\x1c\xa0\x75\x1b\xc0\
\x38\xfb\x36\x80\xa3\xa7\x7c\xf0\xf2\xe2\xd9\x0d\x03\xb9\x74\xfc\
\xb4\x4b\x82\x66\x59\x1e\xc3\xcf\x99\xe5\x5e\x49\x11\xfc\xf0\xc3\
\x0f\x7f\xd0\xf8\x0b\xcd\xe6\x80\x6e\xae\xf8\x27\x7b\xbe\xec\x0d\
\xc0\x49\x01\x08\xa5\xa7\x7b\xab\x76\x46\x8d\xb7\x42\xe6\x3f\xf8\
\xe1\xf7\x25\xbf\xf1\xf7\x0d\xc8\x5c\x2b\x4e\xf9\xff\xb8\x38\xe5\
\xff\x19\xd9\xff\x8f\x01\x10\x6c\x03\x40\xb5\x0d\x20\x7c\x1c\xe0\
\x04\xeb\x71\x80\xb2\x24\xa5\xf0\x86\xd7\x5f\xce\xe5\x9e\x99\x6c\
\x97\xec\xb8\xbd\xc7\x07\x7e\xf8\xe1\x87\xdf\x0f\xfc\x05\xb2\x13\
\xf1\xf4\x1a\x47\x15\x00\xba\x3d\x03\x64\x35\xc0\x8e\x7d\x07\xc9\
\xe8\x10\xd2\xd0\x8d\xcf\x75\x47\x8c\xb5\xe9\x55\xcc\x7f\xf0\xc3\
\xef\x53\x7e\x99\x63\x99\xe5\xff\xd6\xe3\xff\x26\xd8\x8e\xff\xcb\
\x68\xf9\x3f\x06\x40\x7e\x18\x00\xf6\xe3\x00\xed\xdb\x00\xc6\xdb\
\xb6\x01\x5c\x3c\xee\x7f\x6e\xfd\x47\xd4\xa0\xb1\x39\x6c\x51\xff\
\x96\x89\x3d\x34\x96\xc7\x78\xbf\xcf\xf1\xf3\x75\x27\x1c\xf8\xe1\
\x87\x1f\xfe\x00\xf3\x17\xce\xaa\xb5\x1c\xe9\x67\x8b\x9b\x2d\x8f\
\x37\xdb\xfe\x2d\xcd\xb8\x78\x7e\xb5\x78\xb4\x8e\x6a\x00\x84\x52\
\xd5\x77\xef\x6a\x89\x3a\x01\x80\xf9\x0f\x7e\xf8\xfd\xc9\x2f\x73\
\x2c\xf3\xf8\x3f\x6b\xf9\xff\xf8\x38\xe5\xff\x47\x66\xaa\xfc\x1f\
\x03\x20\x7f\x0c\x00\xfb\x36\x80\xf0\x71\x80\xe1\x6d\x00\x85\x46\
\x94\x1b\x71\x8e\x11\x17\x1e\x7d\xce\x65\x9f\x90\xdb\x00\x64\x89\
\xa8\x8c\xe1\x01\x53\x9f\xa4\xe4\xa6\x7e\xe4\x71\x38\x1a\x2c\x8f\
\x99\x3f\x07\xd4\xfd\xd7\x8b\x30\xc3\x0f\x3f\xfc\xf0\xe7\x03\x7f\
\x68\x4b\xc0\x74\xf5\x29\x01\x76\x43\x60\xa2\xe5\x51\xb7\xa7\x80\
\x3c\xd6\xac\x97\x6a\x00\x84\x94\x7a\xff\xc2\x9a\xc8\xd8\x99\x5e\
\xc3\xfc\x07\x3f\xfc\x3e\xe4\x0f\x95\xff\x1b\x39\x96\xcc\xb5\xcc\
\x9c\xab\xdc\xcc\xc1\xc2\xe5\xff\xe1\xe3\xff\x32\x5a\xfe\x8f\x01\
\x90\x5f\x06\x40\xb2\x6d\x00\x13\x6d\xdb\x00\xde\x53\xf0\xb7\x57\
\x5f\x48\xdb\x41\x53\x39\x66\x8a\xef\x67\xbb\xc9\x87\xeb\x7f\x0f\
\xfc\xf0\xc3\x0f\xbf\x4f\xf9\x65\x77\xf1\x02\x27\x4d\x00\x55\x15\
\x03\xb6\xef\x5f\xb2\xa0\x46\x3c\x5e\xbf\x9b\x0c\x0f\xa1\x04\xda\
\xd9\x7f\x30\x6a\x8c\xc9\x8a\x1d\xe6\x3f\xf8\xe1\xf7\x1f\xbf\xcc\
\xad\x64\x8e\x65\x2b\xff\x9f\x98\x62\xf9\x3f\x06\x00\x06\x40\xda\
\x7d\x00\x46\x59\x0c\x80\xf0\x36\x80\xd3\xcc\xd2\x93\x62\x23\x26\
\x1b\x71\x9e\x2c\x4d\x39\xfd\x47\xcb\xff\x2f\x51\x53\x0d\xfd\x3d\
\x32\xd1\x8e\x5a\x0a\x0e\x99\x9e\xc3\x66\x2b\x01\xb2\x3f\xdf\xfa\
\x6f\xe9\x94\x14\xc1\x0f\x3f\xfc\xf0\xe7\x13\xbf\xec\x30\x5e\x30\
\xad\x2a\xee\x0a\x7f\xa6\x7a\x04\xfc\xe6\xe1\xf6\x50\xa2\x83\x10\
\x8a\xd6\x2b\x6d\x7d\xd1\x63\x66\x66\x2d\xf3\x1f\xfc\xf0\xfb\x90\
\x5f\xe6\x56\x66\xf9\xff\x79\x66\xce\x55\x6c\xe6\x60\xa7\x59\xca\
\xff\x8f\xb2\x95\xff\xbb\xbe\xff\x1f\x03\x20\x7f\x0c\x80\x64\xdb\
\x00\x4e\x89\xb7\x0d\x60\xf4\xf8\x73\x2e\x2d\x9a\x5d\xbf\x2f\x6e\
\x49\x8c\x62\x40\xc5\x38\x60\xf6\xd0\x75\xd8\x9c\xee\xc1\x51\x4c\
\x28\x31\x25\x3e\x31\x8e\x22\xfc\xf0\xc3\x0f\x7f\x7e\xf1\xcb\x2e\
\xe3\x85\x33\x6a\x62\x13\x7c\xcb\x63\x2a\x2b\xfc\x31\x61\x7b\xbe\
\xf5\xf5\xdf\xbb\xa0\x46\x3c\xd3\x44\x35\x00\x42\x56\x2d\x7f\x73\
\x5b\xd4\xf8\x29\x64\xfe\x83\x1f\x7e\x1f\xf2\xd7\xef\x93\xb9\x55\
\x82\xf2\xff\x53\xb2\x59\xfe\x8f\x01\x90\x7f\x06\x80\x75\x1b\x40\
\xf8\x38\xc0\x84\xdb\x00\x26\x5e\xfb\xe2\xa3\xa9\x0c\x98\xd8\x92\
\x1b\xab\x4b\xa7\x7e\xbe\xba\x89\x47\xf2\x01\xe8\xf4\xd8\x0f\xb5\
\x03\x08\x3f\xfc\xf0\xc3\x9f\x9f\xfc\x05\x33\xeb\x8c\xa4\xa3\xda\
\xb5\x53\x00\x52\x31\x14\xfe\xf0\x68\x87\xd8\xb3\x7f\x90\xcc\x0f\
\x21\x43\xbf\x37\xc6\xc3\xc8\x78\x99\x5e\xc5\xfc\x07\x3f\xfc\x3e\
\xe4\x9f\x78\xdd\x8b\x8f\x2a\xca\xff\xc3\xc7\xff\x65\xbc\xfc\x1f\
\x03\x20\x3f\x0c\x00\xd5\x36\x80\x13\x13\x6d\x03\x38\xf5\xbf\x2a\
\x7e\x9d\xce\xb9\x9b\x6e\x37\xe1\xd0\x2d\x19\xb2\x47\xcc\xdf\xe7\
\xb4\x6b\x28\xfc\xf0\xc3\x0f\x7f\x9e\xf1\x87\x7a\x03\xa4\xd0\x04\
\x50\xd5\x23\x20\xd5\x2d\x03\x1f\x5c\x54\x2b\x5e\x6c\xd9\x43\xf6\
\x87\xf2\x5e\xff\xb1\xa6\x31\x32\x5e\x66\x54\x33\xff\xc1\x0f\xbf\
\x0f\xf9\x65\x4e\x95\xa4\xfc\xff\xc4\x6c\x96\xff\x63\x00\xe4\x97\
\x01\x60\xdf\x06\x30\x46\xb5\x0d\x60\xd4\xd8\x53\x3f\x50\x34\xa3\
\x76\xa7\xae\x23\x17\x3b\x00\x15\x7b\x72\x54\xa1\x39\x40\x55\x5d\
\x3c\x95\x13\x8c\x43\x47\x12\x7e\xf8\xe1\x87\x3f\x88\xfc\xf2\x79\
\x13\x65\x6f\x80\x64\x2b\xf8\xb6\x88\x31\x08\x14\xcf\xb7\xc7\xd4\
\x27\x3b\xc5\xbe\x03\x54\x03\xa0\xfc\xd4\xd0\xd0\x90\x98\x32\xcb\
\x72\x44\xa7\x79\x02\x00\xf3\x1f\xfc\xf0\xfb\x88\x7f\x46\xcd\x4e\
\x99\x53\xa5\x50\xfe\x3f\x26\x1b\xe5\xff\x18\x00\xf9\x69\x00\x84\
\xb7\x01\x8c\x4e\x65\x1b\xc0\x84\xa9\xcf\xdc\xad\x7d\xcc\x85\xdb\
\xc7\x78\x28\x1c\xb7\x98\x92\x1f\xc5\x00\xd6\xed\x52\x0a\x3f\xfc\
\xf0\xc3\x0f\x7f\x84\xbf\x20\xd4\x1b\x60\xb3\xab\x2b\xfe\xc9\x8e\
\x1d\xbc\x74\x49\x9d\xd8\xd0\xde\x47\x36\x88\xf2\x4e\xcd\x3b\xf6\
\x47\xf7\xd4\x98\x59\xc7\xfc\x07\x3f\xfc\x3e\xe3\x97\xb9\x54\x8a\
\xe5\xff\xa3\xb3\x51\xfe\x8f\x01\x90\x3f\x06\x40\xda\xdb\x00\x4e\
\xfa\xcf\xbf\xfd\x50\xb7\xe9\x85\xca\xf1\x73\xbc\xa7\x46\xe5\x20\
\x2a\x1c\x43\xfb\xeb\xd9\x07\xb4\xf2\xf7\xc1\x0f\x3f\xfc\xf0\xe7\
\x39\xbf\xfc\xb7\x82\xe9\xd5\xea\x2d\x01\xb6\x15\x7f\xdd\x53\x05\
\xac\xaf\xf3\xb7\xa7\xbb\x44\xff\x00\xd5\x00\x28\x7f\xb4\xbe\x76\
\x57\xd4\x38\x28\x9c\x59\xcf\xfc\x07\x3f\xfc\x3e\xe3\x3f\xd5\xc8\
\xa5\xbc\x54\xfe\x8f\x01\x90\x7f\x06\x80\xf6\x36\x80\x23\x8e\x38\
\xe2\xbd\x45\xd3\xaa\xbb\x93\xee\x79\xd1\x3c\x36\x43\xd9\x25\x54\
\x55\x42\xe4\xb4\xa4\x47\xb3\xe4\x48\xb9\xe7\x07\x7e\xf8\xe1\x87\
\x3f\x4f\xf9\x0b\x67\xd4\x86\xaa\x01\x52\xee\x09\xa0\x3a\x25\x40\
\xb1\x85\xe0\xe3\xcb\xeb\xc4\xdb\x5d\x7b\xc9\x0c\x51\x5e\x68\xfa\
\x0b\x3d\x51\xd7\x3f\xf3\x1f\xfc\xf0\xfb\x8c\xdf\xc8\xa1\x64\x2e\
\xe5\xa5\xf2\x7f\x0c\x80\xfc\x35\x00\xb4\xb6\x01\x8c\xff\xe3\xa3\
\xab\x92\x95\xbc\xa8\xbb\x74\xba\xeb\xf8\xa9\x07\xa0\xb3\x09\x43\
\xe5\x10\xc2\x0f\x3f\xfc\xf0\xc3\xdf\x10\xf5\x3a\xb2\x37\x80\x9b\
\x2b\xfe\xc9\x2a\x08\x8a\x8d\xe7\xdf\xf4\x5c\x8f\x38\x70\x70\x88\
\x0c\x11\x05\x5a\x57\xdd\xdb\x1a\xb9\xfe\xa7\x55\x33\xff\xc1\x0f\
\xbf\xcf\xf8\x65\x0e\xe5\xb5\xf2\x7f\x0c\x80\xfc\x32\x00\xd2\xde\
\x06\x70\xc2\x27\xae\xfe\x6a\xf2\x2e\x9b\x7a\x4d\x3e\xb4\x9b\x82\
\x38\x2e\x39\x52\x74\x01\xd5\xfc\x7d\xf0\xc3\x0f\x3f\xfc\xf0\xc7\
\xfe\x7e\xd9\x1b\xa0\x20\xdc\x1b\xc0\xad\xa6\x80\xd6\xaa\x01\x5b\
\x05\xc1\x15\x2b\xea\xc5\xa6\x9e\x7d\x64\x89\x28\xb0\xfa\xf0\xe2\
\xda\xc8\x35\x6f\x8c\x2f\xe6\x3f\xf8\xe1\xf7\x17\xbf\xcc\xa1\xbc\
\x56\xfe\x8f\x01\x90\x9f\x06\x80\xf6\x36\x00\x23\xde\x5b\x70\xc3\
\x5b\xff\x4a\xdd\x11\x73\xe6\xe8\xa9\x9a\x7a\x28\x07\x9c\x6e\x09\
\xab\xf2\xef\xd3\x6b\x02\x02\x3f\xfc\xf0\xc3\x9f\xaf\xfc\x05\x33\
\x87\x7b\x03\xe8\xac\xe8\x17\xdc\xbc\x29\xed\xe7\x97\x4e\xdf\x24\
\xe6\xbc\xb4\x45\x1c\x1c\xa4\x1a\x00\x05\x4b\x7d\x07\x06\xa3\xae\
\x79\xb9\xdd\x86\xf9\x0f\x7e\xf8\xfd\xc3\x3f\xf1\x86\x37\xff\x25\
\x73\x28\xaf\x95\xff\x63\x00\xe4\xb7\x01\xa0\xb5\x0d\x60\xdc\xcf\
\xd6\xdc\x90\xbe\xe3\xa7\xb7\x27\x28\x76\xc0\x45\x87\x7a\x02\xb1\
\x97\xf0\xe8\xfd\xbc\xca\x21\x84\x1f\x7e\xf8\xe1\x87\x3f\x39\xbf\
\x4c\x56\xac\xd5\x00\xa9\xf6\x04\x48\xd7\x10\xf8\xec\xea\x06\x51\
\xb7\xad\x9f\xac\x11\x05\x46\xaf\xb5\xf7\x45\x5f\xfb\x23\x27\x00\
\x30\xff\xc1\x0f\xbf\x1f\xf8\x4f\x37\x72\x27\x2f\x96\xff\x63\x00\
\xe4\x9f\x01\xa0\xda\x06\x70\x42\xa2\x6d\x00\xa3\x8b\x2f\xf8\x58\
\xe1\xcc\xba\xfe\xd4\x1c\x32\xd5\x80\x73\x38\x81\xe8\x36\xf5\x50\
\xbc\x9e\xae\x03\x08\x3f\xfc\xf0\xc3\x0f\xbf\x9a\x5f\x26\x2c\x72\
\xdf\xf2\x44\x07\x5b\x00\x74\x9e\x5f\x3e\x73\xb3\xb8\x65\xc3\xd6\
\xd0\xd9\xe9\x08\xf9\x5d\xab\xdf\xda\x1e\x7d\xcd\x33\xff\xc1\x0f\
\xbf\x7f\xf8\x8d\x9c\x49\xe6\x4e\x49\xca\xff\x4f\xc8\x55\xf9\x3f\
\x06\x40\xfe\x1a\x00\x69\x6d\x03\x98\x70\xcd\xf3\xeb\xdd\x18\x80\
\x2a\x47\x4d\xd5\xc5\xd3\xe9\xf3\x95\x7b\x8e\x32\x3c\x01\xc1\x0f\
\x3f\xfc\xf0\xe7\x13\x7f\xb8\x1a\x20\x95\x04\xdf\x8d\x2d\x03\x5f\
\x5a\xdb\x28\x5a\x7a\xf7\x93\x41\x22\x5f\xeb\x8f\x8f\x75\x46\xae\
\xf9\x69\x55\xcc\x7f\xf0\xc3\xef\x23\xfe\x89\x46\xce\xe4\xd5\xf2\
\x7f\x0c\x00\x0c\x80\xf0\x36\x80\x23\xcd\x12\x94\x63\x2d\xdb\x00\
\x26\xd8\xb6\x01\x5c\x72\xca\x7f\xde\xf0\x13\x77\x4a\x6e\xdc\x6d\
\x1a\x92\xed\xd7\x83\x1f\x7e\xf8\xe1\x87\x5f\x8f\x5f\x9e\x5f\x6e\
\xad\x06\x70\xab\x02\x20\xd1\xf7\xa7\xcc\xda\x2c\x56\xbd\xb9\x9d\
\x2c\x12\xf9\x56\x5f\xac\x6c\x8c\x5c\xd3\xd3\xab\x98\xff\xe0\x87\
\xdf\x47\xfc\x32\x67\x92\xb9\x93\xad\xfc\x7f\x82\xa5\xfc\xff\x58\
\x33\xf7\x3a\x32\xdb\xe5\xff\x18\x00\x18\x00\x89\xb6\x01\x9c\x6a\
\x96\xa8\x14\x19\x31\xc9\x88\x73\x8d\xb8\x68\xd4\xa8\x51\xef\x2f\
\x98\xb6\xb9\xc3\x69\xc9\x8e\xf6\x31\x1e\xda\x8e\x9d\xb3\x3d\x44\
\x4e\xff\x1e\xf8\xe1\x87\x1f\x7e\xf8\xe3\xbf\x5e\x81\xa5\x37\x80\
\x4e\x42\x5f\x90\x62\xd8\x7f\xfe\x1b\xb7\x37\x8b\x8e\x5d\x07\xc8\
\x26\x91\xef\x74\xf6\xec\xaa\xc8\x35\x3d\xbd\x86\xf9\x0f\x7e\xf8\
\x7d\xc2\x5f\x30\xad\xaa\x43\xe6\x4c\x32\x77\x32\x73\xa8\x49\x66\
\x4e\x35\xde\xcc\xb1\x54\xe5\xff\x18\x00\x18\x00\x59\xdb\x06\x30\
\xda\xb2\x0d\xe0\x64\xb3\x44\xa5\xc0\x88\x32\x23\xce\x36\xe2\x02\
\x59\xca\x32\xee\xb7\xf7\x2f\xd6\x76\xcc\x66\xd6\x8f\x3c\x86\x62\
\x96\xe5\x31\x95\x01\xa5\xf8\xf9\x98\x73\x3c\x67\xd6\x47\x1e\x2d\
\x3f\x9b\x39\x47\x10\x7e\xf8\xe1\x87\x1f\xfe\x54\xf9\x0b\x66\xd4\
\x89\x89\xd3\xaa\x52\xab\x00\xb8\x29\xf2\x18\x8a\x9b\x2d\x8f\xf1\
\xc2\xfa\x1c\xf3\x67\xcf\x31\x12\xa9\x3b\x36\xf6\x92\x51\x22\xdf\
\x48\x6e\x61\xb1\x5e\xff\xf2\x08\x40\xe6\x3f\xf8\xe1\xf7\x07\xff\
\x78\x23\x57\x32\xcb\xff\x2f\x30\x73\xa8\x32\x33\xa7\x1a\x67\xe6\
\x58\xe1\xf2\xff\xd1\xb9\x28\xff\xc7\x00\xc0\x00\xb0\x6f\x03\x38\
\x2a\xce\x36\x80\x12\x23\xa6\x18\xf1\x6e\x59\xca\x32\xf6\xfd\x57\
\x7e\xbe\x70\x76\xe3\xd0\xc8\x20\x4b\xc3\xe1\xd3\x1f\x80\xce\xf6\
\x20\xc5\x94\xec\xe8\x4e\x10\x31\x13\x90\xe5\x35\xe0\x87\x1f\x7e\
\xf8\xe1\x4f\xeb\xef\x95\xbd\x01\xd2\x2d\xf1\x4f\xa7\x22\xe0\xbf\
\xee\x6e\x11\x5b\xfa\x06\xc8\x2e\x91\xe7\xf5\x48\xdd\xae\xe8\x6b\
\xdd\x1c\x73\xcc\x7f\xf0\xc3\xef\x71\x7e\x23\x47\x92\xb9\x92\x59\
\xfe\xff\x6e\x33\x87\x2a\x89\x53\xfe\x7f\x54\xae\xca\xff\x31\x00\
\xf2\xd7\x00\x48\x74\x1a\xc0\x18\xdb\x36\x80\x33\xed\xdb\x00\x8c\
\x78\x5f\xc1\xdf\x5f\xdb\x60\x1d\x30\x31\x25\x37\x56\x97\x2e\xce\
\x00\xd3\x1e\x50\xb6\xe7\xc7\xbc\x9e\xe6\xef\xd7\x9e\x80\x5c\xfe\
\xfd\xf0\xc3\x0f\x3f\xfc\xf0\x9b\x7d\x01\x8c\x98\x78\x73\x55\x62\
\x03\xc0\x56\x01\x10\xb5\x2a\x1a\xaf\x29\x60\x9c\x0a\x00\xeb\xf3\
\xcf\xaf\xa8\x16\x0f\x54\xef\x24\xc3\x44\x9e\xd6\xcc\x17\x7b\xa2\
\xae\x5d\xe6\x3f\xf8\xe1\xf7\x07\xff\xc4\xbf\x6f\xd8\x20\x73\xa5\
\x38\xe5\xff\x67\xda\xca\xff\xc7\xe4\xa2\xfb\x3f\x06\x00\x06\x40\
\xa2\x6d\x00\x47\x9b\xe7\x52\xca\x12\x95\x33\xe2\x6c\x03\x78\xcf\
\x69\x3f\x98\xff\x27\x67\xe7\x82\xba\x5b\x32\xa4\xbb\x87\xc7\xed\
\xae\xa1\xf0\xc3\x0f\x3f\xfc\xf0\x3b\x7b\xfe\xf0\x49\x01\xea\x92\
\x7f\xdd\x0a\x81\x44\xa7\x06\xfc\xe4\xfe\x36\xb1\x63\xef\x41\x32\
\x4d\xe4\x49\x5d\x75\x4f\x6b\xe4\xba\x9f\xb6\x99\xf9\x0f\x7e\xf8\
\x7d\xc2\x2f\x73\x24\x99\x2b\xc5\x29\xff\x3f\xc3\xcc\xad\x8e\x33\
\x73\xad\x9c\x95\xff\x63\x00\x60\x00\x24\xdb\x06\x70\xa2\x79\x4e\
\xe5\x04\xf3\xdc\xca\xc9\xe6\x39\x96\x17\x8f\x1a\x7b\xca\x87\x0a\
\x67\xd4\x6c\x75\xcd\x11\xd4\x1d\x70\x2a\x47\x4e\xf3\xfb\xb1\x7b\
\x8a\x14\x4d\x43\xdc\x76\x44\xe1\x87\x1f\x7e\xf8\xe1\x17\x05\x33\
\xeb\xa2\x4e\x0a\x48\xa5\x27\x40\x4c\x45\x80\xc6\xf7\x2f\x9e\x57\
\x23\x1e\xad\xdf\x45\xb6\x89\x3c\xa7\x0f\x2f\xae\x8d\x5c\xf7\x96\
\x06\x80\xcc\x7f\xf0\xc3\xef\x5d\xfe\x82\x19\xd5\x5b\x65\x8e\x24\
\x73\x25\x33\x67\x9a\x6c\xe6\x50\x13\xcc\x9c\xea\x44\x2f\x94\xff\
\x63\x00\xe4\xb7\x01\x60\x35\x01\x0e\xb7\x54\x01\x8c\x31\x1b\x53\
\x9c\x60\x9e\x53\x39\xce\x3c\xb7\xb2\xdc\x3c\xc7\x52\x9e\x67\xf9\
\xde\x33\x7f\xff\xd0\xb2\x6c\x95\xd8\x28\xbb\x7c\xda\x26\x18\xdd\
\x26\x23\xca\x3d\x44\xf6\x09\xc3\x16\xf0\xc3\x0f\x3f\xfc\xf0\xbb\
\xc7\x5f\x30\xbd\x3a\xe5\x2e\xff\xf6\x92\x7f\x55\xc5\x40\xbc\xf8\
\xcd\xfa\x76\xb1\xab\x9f\x6a\x00\xe4\x0d\xf5\x1d\x18\x8c\xba\x3e\
\x0b\xad\x06\x00\xf3\x1f\xfc\xf0\x7b\x96\x7f\x82\x91\x1b\x99\xcd\
\xff\x2e\x34\x73\xa6\x72\x33\x87\x1a\x67\xe6\x54\x27\x98\x39\xd6\
\x18\xcb\xea\xff\xe1\xd9\x4e\xfe\x31\x00\x30\x00\xec\xdb\x00\x8e\
\x88\xb3\x0d\x40\x36\xac\x98\x68\x9e\x5f\x79\x96\x79\x9e\x65\xa8\
\x19\x60\xd1\xac\xc6\xc1\x74\x9a\x6c\x64\x7a\x4f\x8f\xee\x00\x8e\
\x71\x00\xb5\xf7\x10\xc1\x0f\x3f\xfc\xf0\xc3\xef\x26\xbf\xac\x06\
\x98\x38\x7d\xb3\x72\x4f\xbf\xb2\x09\xa0\x7d\x4b\x81\x3d\xcc\xef\
\xbd\x6f\x61\x8d\x78\xb6\x69\x0f\xd9\x27\xca\xb9\x5e\x6b\xef\x8b\
\x32\xb8\xe4\xd1\x99\xcc\x7f\xf0\xc3\xef\x75\xfe\xc6\xc1\xb1\xef\
\xff\x42\xb8\xf9\xdf\xf9\x66\xce\x54\x6a\xe6\x50\xa7\xc7\x29\xff\
\x3f\x22\x57\xe5\xff\x18\x00\x18\x00\x87\x26\x68\x06\x78\x94\xd9\
\xa0\x22\xbc\x0d\x60\xbc\x65\x1b\x40\xb8\x19\xe0\xfb\x27\x5e\xf7\
\xca\xf3\xe9\x94\xf4\x64\xba\xe4\x47\xe5\xd0\x39\xee\x2a\xaa\x39\
\x81\xc1\x0f\x3f\xfc\xf0\xc3\xaf\xcf\x5f\x68\xa9\x06\x48\xb5\xe4\
\xdf\x1e\xaa\xa6\x81\xf6\x0a\x81\x3f\x3d\xd6\x19\x5a\x81\x45\x28\
\x57\x5a\xf5\xe6\xf6\xa8\xeb\xbb\x90\xf9\x0f\x7e\xf8\x3d\xcf\x5f\
\x70\xfd\x2b\xcf\xcb\xdc\xc8\xd2\xfc\x2f\x5c\xfe\x3f\xde\x52\xfe\
\x3f\xd6\x52\xfe\x3f\x2a\x57\xe5\xff\x18\x00\x18\x00\x89\x9a\x01\
\x86\xb7\x01\x1c\x6f\x3a\x56\xe1\x6d\x00\xd6\x66\x80\xef\x3d\xf5\
\xdb\xd3\x7f\x9d\x4a\x57\x4f\x5d\x47\x50\xe9\xd0\x39\xdd\xa3\xa4\
\xfa\x7d\x8a\xd0\xed\x6a\x0a\x3f\xfc\xf0\xc3\x0f\x7f\xfa\xfc\x72\
\x05\x34\x54\x0d\x10\xa7\x99\x9f\xf6\xa9\x01\xaa\x8a\x00\x23\x3e\
\xb4\xa8\x56\xbc\xd2\xda\x47\x26\x8a\x72\xa2\x3f\x3c\xda\x11\xb9\
\x1e\x65\x03\x40\xe6\x3f\xf8\xe1\xf7\x3c\xbf\xcc\x89\xcc\xf2\x7f\
\x6b\xf3\xbf\x70\xf9\xff\xc9\x66\x4e\x65\x2f\xff\xcf\x49\xf2\x8f\
\x01\x80\x01\x90\x4a\x33\xc0\x93\xcc\xd2\x95\x09\xe6\x39\x96\x53\
\xcc\x73\x2d\x2f\x19\x35\x66\xcc\x07\x0b\xa7\x55\x75\x68\xef\xe1\
\xd1\x3c\x06\xc4\xb1\x23\xa9\xf9\xf7\x65\x7c\x0f\x13\xfc\xf0\xc3\
\x0f\x3f\xfc\x5a\xfc\xa1\xef\x4f\xaf\x71\xbd\x29\x60\xa2\x28\x34\
\xe2\xba\xa7\xba\xc4\xbe\x01\xaa\x01\x50\x76\xf5\xf9\x35\x8d\x91\
\x6b\x71\x5a\x35\xe3\x1f\x7e\xf8\x3d\xce\x5f\x70\xf3\xe6\x0e\x99\
\x13\x99\xe5\xff\xef\x36\x73\xa5\x12\x33\x77\x3a\xdd\xcc\xa5\x3c\
\xd1\xfc\x0f\x03\x00\x03\x40\xb5\x0d\x60\x8c\x59\xaa\x72\x82\x79\
\x6e\xe5\x99\xe6\x39\x96\x93\x2c\xdb\x00\xde\x77\xe6\xaf\xee\x5a\
\xe0\xb8\x24\xc7\xe9\xf3\x35\x9b\x7e\x38\xdd\x13\x94\x71\x1e\xf8\
\xe1\x87\x1f\x7e\xf8\x13\x74\x59\xae\x13\x05\xd3\xab\xd2\x6e\xfa\
\x97\x6a\x4f\x80\xf0\xeb\x5d\xb6\xa4\x4e\xbc\xd9\xb9\x97\xac\x14\
\x65\x45\x43\x43\x43\x62\xca\xcc\xc8\xf5\x1d\xde\xff\xcf\xf8\x87\
\x1f\x7e\xef\xf2\x9f\xf9\x9b\x7b\x16\xc8\x9c\xc8\x52\xfe\x3f\xc9\
\xcc\x99\xce\x34\x73\xa8\x13\xcc\x9c\x6a\x8c\x17\xca\xff\x31\x00\
\x30\x00\x92\x6d\x03\xb0\x37\x03\x3c\x23\x4e\x33\xc0\xf7\x1c\xf5\
\xee\x8f\x7d\xba\x68\x56\xfd\x40\x32\x07\xcf\xb1\x43\xe8\x70\x02\
\xd1\xfd\x79\xb7\x1d\x4c\xf8\xe1\x87\x1f\x7e\xf8\xdd\xe3\x2f\x30\
\x1e\x0b\xcc\x6a\x80\x54\x4a\xfa\x93\xf6\x04\x48\xa1\x42\xa0\x68\
\xda\x26\xf1\xcf\x67\xbb\xc5\xfe\x83\x43\x64\xa8\x28\xa3\x6a\xda\
\xb1\x3f\xfa\x7a\x9c\x51\xc3\xf8\x87\x1f\x7e\x0f\xf3\x17\xcd\xac\
\x1b\x38\xea\xdd\x9f\xf8\xb4\xcc\x89\xe2\x34\xff\x3b\x23\x4e\xf3\
\xbf\x9c\x97\xff\x63\x00\x60\x00\xa4\xb2\x0d\x20\x51\x33\xc0\xf3\
\xcc\x73\x2e\xdf\x3f\xf1\x9a\x17\x1e\x73\xe6\xe0\x65\x76\x02\x71\
\xdb\x71\x74\xdf\xc1\x84\x1f\x7e\xf8\xe1\x87\x5f\x97\x5f\x3e\x16\
\x4c\xdb\xec\x68\x4b\x80\x8e\x41\x70\xf9\xb2\x7a\xf1\x4e\xf7\x3e\
\xb2\x54\x94\x31\x3d\x58\xb3\x33\xba\x82\x65\x46\x2d\xe3\x1f\x7e\
\xf8\x3d\xcc\x3f\xf1\xba\x17\x1f\x33\x9b\xff\x5d\x6c\xe6\x46\xaa\
\xe6\x7f\x39\x2f\xff\xc7\x00\xc0\x00\xb0\x1b\x00\x87\x5a\xb6\x01\
\xd8\x9b\x01\x9e\x62\x69\x06\x58\x6e\x9e\x6f\x19\x6a\x06\x78\xf2\
\x17\xfe\x74\x95\x9b\x03\x30\xe3\x25\x49\x8a\x92\x21\xc7\xe7\x9e\
\xc2\x0f\x3f\xfc\xf0\xc3\x9f\x15\x7e\x59\x0d\x30\x71\x7a\x4d\xea\
\x09\xbf\x62\xcb\x80\xca\x20\x28\x99\xbe\x49\x4c\x7b\xbe\x47\x0c\
\x0c\x52\x0d\x80\xdc\xd7\xcd\xcf\xf5\x44\x1b\x52\x8c\x7f\xf8\xe1\
\xf7\x34\xbf\xcc\x81\x2c\xcd\xff\xce\x31\x73\xa4\x70\xf3\xbf\x53\
\x12\x34\xff\x3b\xdc\x96\x7b\x61\x00\x60\x00\x1c\xe2\xa5\x2a\x80\
\xf0\x36\x80\xa4\xcd\x00\x8d\xf8\xc0\xc4\x1b\xde\x78\x27\x5b\x25\
\x37\x6e\x0f\x70\xb7\x1d\x4f\xf8\xe1\x87\x1f\x7e\xf8\xb3\xcb\x5f\
\x30\xbd\xd6\x48\xe4\x37\x6b\x27\xf8\xba\x5b\x02\xc2\x5f\x5f\xb1\
\xa2\x5e\x6c\xee\xa1\x1a\x00\xb9\xab\xff\xba\xab\x25\xb2\xfa\x3f\
\xbd\x8a\xf1\x0f\x3f\xfc\x1e\xe6\x97\xb9\x8f\xcc\x81\x52\x68\xfe\
\x17\x2e\xff\xf7\xc4\xea\x3f\x06\x00\x06\x80\x6b\xcd\x00\x4f\xfb\
\xde\x9c\x3f\xa4\x3f\xc0\x22\x8f\xd6\xaf\xd3\xee\xda\xe9\xb1\x12\
\x27\xf8\xe1\x87\x1f\x7e\xf8\x33\xcf\x2f\x4b\x47\x27\x4e\xab\x4e\
\xbb\xc4\x5f\x77\xcb\x40\xc9\xb4\x4d\x62\xce\x4b\x5b\xc4\x41\xaa\
\x01\x90\x4b\x7a\xff\x82\x48\x6f\x8b\x89\xe6\x09\x00\x8c\x7f\xf8\
\xe1\xf7\x26\xbf\xcc\x7d\xfc\xd6\xfc\x0f\x03\x00\x03\xc0\x49\x33\
\xc0\x02\x7b\x33\xc0\x51\x63\xc6\x7c\xa8\xe0\xa6\x8d\xad\xa1\xc1\
\x32\xd3\x1c\x34\x33\x1b\xa2\xbe\xce\x54\x53\x0f\xd7\xcf\x31\x75\
\xea\x68\xc2\x0f\x3f\xfc\xf0\xc3\x9f\x33\xfe\xe1\x6a\x80\xf4\x0c\
\x80\x74\x9a\x08\x7e\x76\x75\x83\xa8\xd9\xda\x4f\xf6\x8a\x1c\xa9\
\x77\xdf\xc1\xe8\x6b\x6c\x7a\x35\xe3\x1f\x7e\xf8\xbd\xca\x3f\x6d\
\x73\xab\xcc\x7d\xe2\x34\xff\x2b\xf0\x72\xf3\x3f\x0c\x00\x0c\x00\
\xdd\x66\x80\xc7\xaa\x9a\x01\x9e\xf1\xb3\xb5\x37\x67\xc5\x31\xb4\
\x4d\x30\xa1\xe7\xcd\x74\xe0\x08\x5a\x1e\x8b\xc2\xbf\x37\x87\xc7\
\x9a\xc0\x0f\x3f\xfc\xf0\xc3\xef\x8c\xbf\x30\xb4\x2d\xa0\x46\xdd\
\xf4\xcf\xf2\x58\x10\x4e\xec\xd3\x68\x1a\x58\x3e\x63\xb3\x58\xf0\
\xea\x56\x31\x38\x44\x35\x00\x4a\x4f\x2f\xb5\xf6\x45\x5d\x73\x85\
\x33\xea\x18\xff\xf0\xc3\xef\x51\xfe\x33\x7e\xb6\xe6\xe6\x14\x9a\
\xff\x1d\xeb\xb5\xe6\x7f\x18\x00\x18\x00\xa9\x6e\x03\x48\xb9\x19\
\xe0\xe8\xd3\x8a\x3f\x56\x38\xbd\xa6\xd7\xf1\x04\xa1\xe9\x20\xea\
\x3a\x7e\xda\xe7\x82\x3a\xfc\xfb\xe0\x87\x1f\x7e\xf8\xe1\xcf\x0d\
\x7f\xe1\xcc\xda\xe8\xae\xea\xb6\xd0\xae\x00\xb0\x19\x06\xd6\x7f\
\x93\xf1\xf9\x35\x8d\xa2\x61\xfb\x7e\xb2\x59\xa4\xad\xc5\xaf\x6d\
\x8b\xba\xa6\x0a\x19\xff\xf0\xc3\xef\x4d\xfe\xe9\xb5\xbd\x32\xe7\
\x49\xb3\xf9\x1f\x06\x00\x06\x80\xe7\x0c\x80\x78\xdb\x00\x52\x6d\
\x06\x28\x1d\xb0\x0f\x9c\xf9\xbf\xf7\x2f\x8b\x19\x70\x56\x57\xcd\
\xe6\xba\x65\xe4\x58\x11\x97\x4b\x82\x9c\xfe\x7d\xf0\xc3\x0f\x3f\
\xfc\xf0\xe7\x8e\x3f\x74\x52\xc0\xb4\xaa\x8c\xf7\x04\x08\x7f\x4f\
\x56\x03\x2c\x31\x92\xb9\x21\xaa\x01\x90\x86\x7e\xbd\xbe\x3d\x72\
\x7d\xc9\x0a\x00\xc6\x3f\xfc\xf0\x7b\x92\x5f\xe6\x3a\x66\xf3\xbf\
\x8b\x35\x9a\xff\x79\xa6\xfc\x1f\x03\x00\x03\xc0\xcd\x66\x80\x17\
\x4a\x27\xec\xa8\xf3\x2e\xfb\x4c\xd1\xcc\xba\xfd\xd9\xdc\xb3\xe3\
\xf6\x9e\xa4\x5c\xef\x51\x82\x1f\x7e\xf8\xe1\x87\xdf\x7d\xfe\xc2\
\x19\x66\x35\xc0\x4d\xce\xf6\xfc\xa7\x5a\x31\xf0\xa5\xca\x46\xd1\
\xb4\x83\x6a\x00\x94\x9a\xe4\xc9\x12\x91\xe3\x2a\xab\x18\xff\xf0\
\xc3\xef\x41\xfe\xe2\x99\xf5\xfb\x65\xae\x63\xae\xfe\x5f\xe8\xb7\
\xe6\x7f\x18\x00\x18\x00\x6e\x34\x03\x9c\x68\x6b\x06\x38\x7c\x24\
\xe0\xff\x3d\x75\x9f\x75\x4f\x8e\xee\x80\xd4\x75\x10\x5d\x3f\x86\
\x44\xf3\xf7\xa9\xf6\x24\xc1\x0f\x3f\xfc\xf0\xc3\xef\x0d\xfe\x82\
\x19\x75\xa2\x60\x5a\x75\xc2\x04\x3f\xaa\x0f\x40\x9c\x12\x7f\xdd\
\x1e\x02\xb2\x1a\x60\xd9\xeb\x54\x03\xa0\xe4\x1a\x18\x1c\x12\xa5\
\xd3\x37\x47\xae\xc7\x19\xb5\x8c\x7f\xf8\xe1\xf7\x20\xff\x78\x23\
\xc7\xb1\x1c\xfd\x67\x6d\xfe\x37\xd1\x0f\xcd\xff\x30\x00\x30\x00\
\xd2\x6d\x06\x38\x36\x4e\x33\xc0\xa8\x23\x01\x4f\xf8\xd8\xf7\xbf\
\x51\x38\xab\x61\x28\x63\x7b\x8a\x54\x13\x88\xeb\x7b\x48\x33\x5c\
\x82\x04\x3f\xfc\xf0\xc3\x0f\x7f\x56\xf9\x43\x0d\x02\x35\xf6\xfe\
\x3b\xad\x08\xb8\x72\x6d\x93\x68\xa6\x1a\x00\x25\xd0\xe6\x9e\x7d\
\xd1\x66\xd2\x8c\x1a\xc6\x3f\xfc\xf0\x7b\x8d\x7f\x76\xe3\x90\xcc\
\x71\xe2\x1c\xfd\x67\x6f\xfe\x37\xd6\xab\xcd\xff\x30\x00\x30\x00\
\x9c\x36\x03\x3c\xd9\x6c\x74\x21\x8f\xbb\x28\x33\xe2\x6c\xb3\x11\
\x86\x3c\x0e\xe3\x83\x05\xd7\xbf\xfc\x42\xea\x25\x3a\xd1\x5d\x38\
\x75\x1d\x47\xc7\x4d\x42\xec\x5d\x40\x67\x36\x58\x1e\x53\x99\x90\
\x92\xff\xfd\xf0\xc3\x0f\x3f\xfc\xf0\x7b\x8f\x3f\x54\x0d\x70\x73\
\x55\xf4\x0a\xbe\x2d\x74\x2b\x00\xec\xcf\xb7\x9a\x04\x93\x67\x52\
\x0d\x80\xe2\xeb\x8e\x8d\xbd\x36\x03\xa0\x96\xf1\x0f\x3f\xfc\x1e\
\xe3\x9f\x68\xe4\x36\x32\xc7\x31\x73\x9d\x0b\xcc\xdc\xa7\xcc\xcc\
\x85\xc6\x99\xb9\x91\xa7\x9b\xff\x61\x00\x60\x00\xb8\x75\x24\xe0\
\x84\x78\x47\x02\x9e\xf2\x95\x6b\x7f\x9a\xab\x01\x1c\x33\x01\xb9\
\xfe\xfb\x1c\xee\x29\x82\x1f\x7e\xf8\xe1\x87\xdf\x33\xfc\xe1\xe3\
\x02\xdd\x38\x05\x20\x95\x9f\xff\xca\xad\x4d\xa2\xa5\x97\x6a\x00\
\x14\xd1\xb5\x4f\x76\x45\x5f\x27\x8c\x7f\xf8\xe1\xf7\x1c\xbf\xcc\
\x6d\x12\x1c\xfd\x37\xc1\x0f\x47\xff\x61\x00\x60\x00\xb8\x51\x05\
\x70\x42\xb2\x23\x01\x8d\xf8\x50\xc1\x0d\x6f\x55\xb9\xe1\xf0\xc5\
\x86\xd5\xa5\x4b\x63\x4f\x90\xc3\x09\x43\x9f\x07\x7e\xf8\xe1\x87\
\x1f\x7e\x2f\xf3\xcb\x6a\x00\xd9\x78\x4d\xb9\xa2\xaf\x69\x00\x24\
\x7a\xfe\x24\x7a\x03\x20\x8b\xbe\x7a\x6b\x53\xe4\x7a\x99\xb6\x99\
\xf1\x0f\x3f\xfc\x1e\xe3\x97\x39\x8d\xcc\x6d\x14\x47\xff\x9d\xe0\
\x87\xd5\x7f\x0c\x00\x0c\x00\x27\x47\x02\x1e\xa7\x3a\x12\xf0\xf4\
\x1f\x2c\xfc\xab\x1b\x13\x82\x53\x87\xd2\x1e\xae\xef\x09\xd2\xde\
\xc3\x04\x3f\xfc\xf0\xc3\x0f\xbf\xd7\xf8\x0b\x42\xd5\x00\xd5\x7a\
\x3d\x01\x1c\x1a\x02\x5f\xa6\x37\x40\xde\x4b\x9a\x40\x67\xcf\xb2\
\x1c\x53\x39\xad\x9a\xf1\x0f\x3f\xfc\x1e\xe3\x3f\xfd\xbf\x17\x4c\
\x4d\xe1\xe8\xbf\xe3\xbc\x7c\xf4\x1f\x06\x00\x06\x80\xd3\x23\x01\
\x8f\x4a\x72\x24\xe0\x39\xe1\x23\x01\x47\x1d\x73\xfc\x47\x8a\x6e\
\xde\xdc\xa5\x6a\xd2\xa1\xeb\xe8\x69\x4f\x20\x33\x2c\x8f\x33\xcc\
\xe7\xce\x48\xdd\x01\xd4\xff\xfb\xf4\x9a\x94\xc0\x0f\x3f\xfc\xf0\
\xc3\xef\x1d\x7e\xb9\xff\xba\x60\x5a\x55\x66\x7a\x02\xd8\x4f\x0d\
\x30\x62\x32\xd5\x00\x79\xad\xda\xad\xfd\x51\xd7\x4b\xe1\xf4\x6a\
\xc6\x3f\xfc\xf0\x7b\x89\xff\xe6\x4d\x5d\x32\xa7\xb1\x1c\xfd\x77\
\x4e\x92\xa3\xff\x8e\xf2\xea\xd1\x7f\x18\x00\x18\x00\xba\x06\x40\
\xda\x47\x02\x8e\xfb\x9f\x75\xb3\x73\xdd\x15\xd4\xf5\x73\x49\xb3\
\xec\x60\xc2\x0f\x3f\xfc\xf0\xc3\x9f\x5d\xfe\x44\xd5\x00\x4e\x7b\
\x00\xa8\x4e\x0a\x68\xa2\x1a\x20\xef\x74\xfb\xc6\xde\xa8\xeb\xab\
\x60\x7a\x2d\xe3\x1f\x7e\xf8\x3d\xc4\x2f\x73\x19\x17\x8e\xfe\xc3\
\x00\xc0\x00\xf0\x8d\x01\x90\xca\x91\x80\xe1\x2a\x80\xf1\x96\x2a\
\x80\x91\x23\x01\x8f\x9c\x70\xce\x27\x8a\x67\xd4\xec\x4e\x3a\x61\
\xd8\x1c\xba\xa8\x7f\x4b\xc1\xd1\xb3\x3f\x3f\x66\x82\xb2\xb8\x7e\
\xf1\x9f\x9f\xd9\xa6\x26\xca\x09\x13\x7e\xf8\xe1\x87\x1f\x7e\x4f\
\xf2\xcb\x6a\x00\xb9\x27\xdb\xad\x15\xff\x18\xc3\xe0\x9f\x96\x47\
\x23\xca\x67\x6c\x16\x8b\x37\x6c\x13\x83\x54\x03\xe4\x8d\xfe\xfc\
\x58\xe7\xc8\xfb\x1f\xba\x3e\x18\xff\xf0\xc3\xef\x19\xfe\x22\x23\
\x87\x91\xb9\x4c\x9c\xa3\xff\x8a\xcc\xdc\x27\xde\xea\xff\x11\x5e\
\x5e\xfd\xc7\x00\xc0\x00\xd0\xad\x02\x38\xdc\x56\x05\x60\x3d\x12\
\xf0\x0c\xf3\x18\x8c\x98\x2a\x80\xf1\xbf\x5f\xbf\x46\xa7\x24\xc7\
\x1e\x4e\xbb\x7a\x6a\x4f\x50\xb6\x09\x23\xf4\xdc\x19\x49\x7e\x9f\
\xc3\x09\x0c\x7e\xf8\xe1\x87\x1f\x7e\xef\xf2\xcb\x84\xac\x60\x5a\
\x4d\x4a\x09\x7c\xd4\xbf\xc5\x0b\xdb\xf3\x0b\x6e\x8a\x3c\x5a\xe3\
\x0b\x6b\x1a\x45\xfd\xb6\x7e\xb2\xe3\x3c\xd0\x67\x56\x36\x44\xde\
\xfb\x9b\x37\x33\xfe\xe1\x87\xdf\x43\xfc\xe3\x7f\xb7\x7e\x4d\x82\
\xd5\xff\x02\xcb\xea\x7f\xf8\xe8\xbf\xd1\xb6\xe6\x7f\x87\x62\x00\
\x60\x00\xf8\xd5\x00\xd0\x39\x12\x70\xbc\xe5\x48\xc0\x91\x2a\x80\
\xb1\x17\x7e\xfa\xf3\x45\x33\xeb\x06\xd2\x77\x18\x55\x5d\x3b\xdd\
\x2d\x49\xd2\x77\x10\x33\x7b\x0c\x09\xfc\xf0\xc3\x0f\x3f\xfc\xb9\
\xe7\x2f\x98\x2e\x4f\x0a\x88\x4e\xf0\xdd\x3e\x35\xc0\x1a\x65\x33\
\x36\x8b\x05\xaf\x6c\xa5\x1a\x20\xc0\xda\x7f\x70\x48\x94\x4e\xb7\
\x54\x98\xdc\x5c\xc5\xf8\x87\x1f\x7e\x8f\xf0\x17\xcd\xa8\x1b\x90\
\x39\x8c\x6d\xf5\x3f\x7c\xf4\xdf\x78\xbf\x1d\xfd\x87\x01\x80\x01\
\xe0\xf6\x91\x80\xe1\x2a\x80\x71\xa6\x23\x56\x66\xc4\xd9\xe6\x31\
\x19\xef\x31\xe2\x83\x13\xfe\xfa\xec\xfa\xb4\x4b\x70\x32\x5d\x22\
\xe4\xf4\x18\x11\xc5\x04\xa9\xfe\x7b\xe0\x87\x1f\x7e\xf8\xe1\xf7\
\x03\xbf\x8c\x89\xd3\x6b\x22\x09\xbd\x65\x15\x3f\x6e\x05\x80\xa2\
\x42\x20\x95\x2d\x02\x9f\x5d\xd5\x20\x6a\xb6\x52\x0d\x10\x44\x6d\
\x68\xeb\x8b\x7e\xff\xa7\x55\x33\xfe\xe1\x87\xdf\x23\xfc\x32\x77\
\x91\x39\x8c\x99\xcb\x5c\x60\xe6\x36\x65\x66\xae\x33\xce\xb6\xfa\
\xef\xf9\xa3\xff\x30\x00\x30\x00\x32\x59\x05\x30\xc1\x52\x05\x70\
\x9e\x79\x5c\xc6\xfb\x4f\xf8\xd8\xf7\xbf\x51\x38\xb3\x61\x30\xb5\
\x92\x9b\xe4\x5d\x3a\x95\x8e\x9d\xa2\x84\x48\x7b\x42\xb2\x94\x41\
\xb9\x31\xa1\xc0\x0f\x3f\xfc\xf0\xc3\xef\x6f\xfe\x82\x19\xc3\xd5\
\x00\x4e\x8f\x01\xb4\x1b\x08\xf6\x2d\x01\xe1\xe7\xca\x55\xe2\x8a\
\x97\xb6\x88\x83\x83\x54\x03\x04\x49\x33\x5e\xe8\x89\x7a\xff\x0b\
\x67\xd4\x30\xfe\xe1\x87\xdf\x13\xfc\x8d\x83\x32\x77\x91\x39\x8c\
\x99\xcb\x9c\x67\x59\xfd\x9f\xe0\xe7\xd5\x7f\x0c\x00\x0c\x00\xb7\
\xab\x00\x4e\x31\x1d\xb1\x42\x23\xca\x2d\x55\x00\xef\x0d\x55\x01\
\x4c\x7d\xe6\xe1\x94\x1c\x43\x4d\x47\x2f\xe6\xfb\xb6\x88\xdd\x63\
\x64\x3d\x7a\x44\x3d\xc1\xb9\xfd\xfb\xe1\x87\x1f\x7e\xf8\xe1\xf7\
\x3f\xbf\x3c\x29\x60\xe2\xb4\x9a\xe8\x15\x7e\x5b\xc4\x24\xf4\xaa\
\x8a\x01\x45\xcf\x80\x4f\xad\x6c\x10\x9b\x7a\xf6\x91\x39\x07\x44\
\x5f\x5e\xdb\x14\x5d\x11\x32\xa3\x8e\xf1\x0f\x3f\xfc\x1e\xe0\x97\
\x39\x8b\xb9\xfa\xff\x5e\xcb\xea\x7f\xb9\x99\xe3\x8c\x33\x73\x1e\
\x5f\xae\xfe\x63\x00\x60\x00\x38\x31\x01\x46\x99\x4e\x57\xf8\x48\
\x40\xe9\x80\x9d\x64\xc4\xe9\xa6\x33\x56\x62\xc4\x14\x6b\x15\xc0\
\xb1\x1f\xfa\xc6\xd7\x8c\x41\x75\x50\x79\x2e\xa7\xc3\x3d\x47\x6e\
\x1f\x6b\xa2\xef\x70\xea\x95\x34\xc1\x0f\x3f\xfc\xf0\xc3\xef\x5f\
\x7e\x79\x6c\xdb\xc4\x9b\x37\xa7\xd5\xf5\x5f\xd7\x20\x90\xdf\x2b\
\x9e\xb6\x49\x4c\x7b\xbe\x47\x1c\x38\x48\x35\x80\x9f\xb5\xef\xc0\
\xa0\x28\x93\xfb\xff\x2d\xef\x3f\xe3\x1f\x7e\xf8\x3d\xc1\x7f\x50\
\xe6\x2c\xb6\xd5\xff\x29\x66\x6e\x33\xc1\xcc\x75\x4e\x32\x73\x9f\
\xf0\xd1\x7f\x47\xc4\x39\xfa\xef\x10\x0c\x00\x0c\x80\xa0\x19\x00\
\xe1\x2a\x80\x23\x4d\xe7\x2b\x7c\x24\xa0\xbd\x0a\xe0\x1c\x23\x2e\
\x34\x1d\xb4\x0f\x8d\xff\xcb\xd3\xf7\x2b\x1d\x3f\xa7\x25\x43\xba\
\x7b\x92\xec\xe1\xf0\x58\x11\x6d\x07\x13\x7e\xf8\xe1\x87\x1f\x7e\
\x5f\xf3\x0f\x57\x03\x54\x2b\x57\xf0\x95\x2b\xfe\x1a\x5b\x06\x2e\
\x5f\x5a\x2f\xde\xea\xdc\x4b\x26\xed\x53\x3d\xd3\xb8\x3b\xfa\xfd\
\x9e\xb6\x99\xf1\x0f\x3f\xfc\x1e\xe0\x97\xb9\x8a\xcc\x59\xcc\xdc\
\xe5\x42\x33\x97\xb1\xaf\xfe\x87\x8f\xfe\x1b\x63\xe6\x42\xbe\x59\
\xfd\xc7\x00\xc0\x00\x70\x72\x24\x60\xbc\x2a\x80\xe3\x12\x54\x01\
\xbc\xdb\x74\xd0\x3e\x70\xcc\x7b\x3e\x7f\xa5\x3c\x11\x20\xd9\x80\
\xd4\xdd\x03\xe4\xb4\xe9\x87\xf6\x39\xa5\xca\x12\x23\xdb\x1e\x24\
\xcd\x09\x09\x7e\xf8\xe1\x87\x1f\x7e\x7f\xf2\x17\x4e\xaf\x0d\x1d\
\xe5\x96\x6e\x93\xc0\x44\x3d\x00\x12\x19\x04\x85\x46\xfc\xfd\xe9\
\x6e\xb1\x6f\x60\x90\x8c\xda\x67\xfa\xfb\x33\xdd\xd1\xef\xff\xcd\
\xd5\x8c\x7f\xf8\xe1\xcf\x31\x7f\xb1\x91\xa3\xc8\x5c\xc5\x3c\xfa\
\xef\x62\x33\x87\x89\xb7\xfa\x7f\x9c\x62\xf5\x1f\x03\x00\x03\x20\
\x30\x06\x40\xb2\x2a\x80\xa3\x2c\x55\x00\xa7\x1a\x71\xa6\x11\x45\
\x46\x4c\x8a\xa9\x02\xf8\xe3\x63\x77\x6b\x95\x00\xc9\x3d\x71\x23\
\x8f\xe6\xfe\x38\xfb\x3e\x39\x9d\x2e\xa5\xba\xa1\x5b\x82\xa4\xb9\
\x67\x09\x7e\xf8\xe1\x87\x1f\xfe\xe0\xf0\x87\xaa\x01\x8c\x64\x2e\
\xad\x84\xdf\x6e\x18\xfc\x73\xa3\xe5\x71\xa3\xf9\xb3\x1b\x63\x8c\
\x80\x4b\x17\xd7\x89\x57\xff\x7f\x7b\x67\x02\x26\x47\x55\xee\xef\
\x92\xc4\x84\xec\xfb\xec\xdd\x3d\xd9\x21\x21\x24\x90\x84\x24\xac\
\x01\xc2\xbe\x09\x2a\x22\xf8\x77\x01\x54\xae\xa8\x08\xb2\x09\x88\
\x10\xb2\x4d\x92\x49\xe0\xaa\x57\x04\xc5\x0d\x15\x05\x44\xae\x17\
\x10\x51\x04\x14\xbc\xb2\x6f\x49\x66\x09\xe0\x0e\x08\x17\x44\x85\
\xb0\x24\x99\x7f\x9d\x99\x53\x99\xd3\xa7\xab\xea\xd4\xe9\xaa\xea\
\xee\xe9\x79\xbf\xe7\xf9\x9e\xce\x93\x4c\xba\xfb\x9d\xe9\xa9\xfa\
\xbe\xdf\xf9\x96\xbf\xbc\x4e\x56\xdd\x87\x4c\x54\x70\xa8\x3f\xf3\
\xe6\xf5\x1d\xfc\xfe\xc3\x0f\x7f\x99\xf9\x45\x8e\xe2\x73\xfa\x3f\
\x5d\xe6\x34\x8d\x32\xc7\xf1\x4e\xff\x87\xf6\xc5\xd3\x7f\x04\x00\
\x04\x80\xa4\xaa\x00\x06\x69\x55\x00\x62\x2d\x46\xbd\xeb\x59\xd7\
\xa7\xb8\x3e\x43\x2a\x68\xf3\xbb\xab\x00\xf6\x3c\xea\x84\x49\x57\
\x6d\x7e\x2b\x72\x9f\x8e\xf5\x05\x23\xfc\x02\x16\xb7\x27\x2a\xf6\
\x05\xce\xb6\x67\x09\x7e\xf8\xe1\x87\x1f\xfe\x3e\xc7\x9f\x5b\xd7\
\x53\x0d\x60\x73\xa2\x6f\x6a\x21\x08\x13\x0c\x72\xae\x2f\xbd\xfb\
\x85\xee\xde\x72\xac\xb2\xed\x0f\xaf\xbe\x55\xd8\xee\xe1\x97\xd8\
\xf0\xfb\x0f\x3f\xfc\x25\xe3\x17\xb9\x89\xc8\x51\xe4\xe9\xff\x7c\
\x99\xbb\xcc\x90\xb9\x4c\x56\xe6\x36\xe3\xb5\xd3\xff\x41\x7d\xed\
\xf4\x1f\x01\x00\x01\x20\x8d\x95\x80\x41\x55\x00\xb3\xa4\x92\xb6\
\xb0\xbb\x0a\xe0\xa2\x3b\x6f\x2a\xfa\x17\x38\x71\x85\xd1\xce\xe3\
\xf6\x1c\xc5\xbe\x80\xc1\x0f\x3f\xfc\xf0\xc3\xdf\x27\xf8\x73\x57\
\xca\xd9\x00\x91\x4f\xfc\x35\x37\x54\x10\xf8\xfd\xbb\xa8\x06\x78\
\xf8\xaf\x54\x03\x54\xb2\x5d\xfd\xe0\xcb\x85\x02\x0e\xbf\xff\xf0\
\xc3\x5f\x56\x7e\x91\x9b\xc8\xd3\xff\x85\x32\x67\x99\x15\xe1\xf4\
\xff\xdd\x7d\xed\xf4\x1f\x01\x00\x01\x20\xe9\x95\x80\x3b\x2b\x2b\
\x01\xfd\xaa\x00\xe6\x78\x55\x00\x43\x67\x2d\x7e\x4f\xf3\x95\x9d\
\x5b\xfc\x4a\x7a\x92\xde\xeb\x69\x3b\x84\xc4\x7a\xe8\x89\xed\x90\
\x13\x95\x19\x7e\xf8\xe1\x87\x1f\xfe\xaa\xe7\xdf\xb1\x29\x40\x2d\
\xe3\xf7\x29\xe9\xd7\x87\xfe\xe9\x6e\xda\x2a\x90\x55\x92\xca\xe5\
\xf7\xbc\xc0\x6c\x80\x0a\xb5\xf7\x5c\xff\x6c\xfe\xcf\xbf\x75\x23\
\xbf\xff\xf0\xc3\x5f\x56\xfe\xcd\x5b\x44\x6e\xa2\x9c\xfe\xcf\x09\
\x39\xfd\x1f\xae\x9d\xfe\x23\x00\x20\x00\xf4\x0b\x01\x20\x4a\x15\
\xc0\x58\xd7\x6b\x5d\x6f\xd2\xaa\x00\xe6\x4a\x65\x6d\xbf\xc6\x2f\
\xdc\xf1\xc3\x62\xa6\x92\x26\x3e\x94\xc4\xe8\x5a\x0f\x52\xde\xdf\
\xa5\xa0\x68\xc2\x0f\x3f\xfc\xf0\xc3\x5f\x75\xfc\x79\xd5\x00\x41\
\x09\xbc\x6d\x05\x80\xe6\x7a\x85\xc1\x41\xd7\x6d\xee\x7a\xf4\x6f\
\x6c\x0a\xa8\x24\x7b\xe1\x5f\x6f\x17\xfe\x3c\x5b\xdb\xf8\xfd\x87\
\x1f\xfe\x32\xf2\x37\x5e\x70\xc7\x0f\x45\x6e\x22\x73\x94\xb9\xda\
\xe9\x7f\x93\xcc\x69\xc6\x56\xc3\xe9\x3f\x02\x00\x02\x40\x1a\x55\
\x00\x43\x7c\xaa\x00\x72\xbe\x55\x00\xd3\xf7\x39\x76\xe2\x95\x9d\
\x6f\xd8\x4e\x1d\xb5\xbe\x80\x98\x86\x88\xd8\xf6\x2c\xd9\x4e\x85\
\x36\xad\x2d\x81\x1f\x7e\xf8\xe1\x87\xbf\xdf\xf0\xe7\xba\x37\x05\
\x44\x3c\xd1\x8f\x29\x08\x88\xd3\xe5\x9e\x4d\x01\x2f\x74\xbd\x49\
\x35\x40\x45\xd8\x75\x8f\xfc\x5f\x41\x45\x47\x6e\x7d\x3b\xbf\xff\
\xf0\xc3\x5f\x2e\xfe\xf5\x9d\x6f\x88\x9c\x24\xe0\xf4\x3f\xa7\x9c\
\xfe\x8f\x96\x39\xce\x90\xbe\x7c\xfa\x8f\x00\x80\x00\x90\x66\x15\
\xc0\x48\xad\x0a\x60\x92\x6f\x15\xc0\x79\xff\xf3\xbd\xb8\x3d\x46\
\xb1\x4b\x96\x12\xee\x39\xb2\xbd\xe0\xc2\x0f\x3f\xfc\xf0\xc3\xdf\
\xbf\xf8\xbb\xab\x01\x5a\xdb\x8d\x27\xf8\xa6\x35\x82\x7a\xcb\x40\
\xd8\xd7\x1f\x7c\xdd\xe6\xae\xc7\xa9\x06\x28\xbb\x1d\xf1\xdd\x67\
\x0a\x7f\xee\xeb\x3b\xf9\xfd\x87\x1f\xfe\x32\xf1\x8b\x5c\x24\xe0\
\xf4\x7f\x92\x76\xfa\x3f\xb2\x1a\x4e\xff\x11\x00\x10\x00\xca\x5f\
\x05\x30\x69\xee\x51\x13\xd7\x77\xfc\x2b\xac\xc4\xc8\xb6\x24\xa9\
\xf0\x17\x5e\xeb\x39\x8a\x5b\xc2\x94\xf0\x50\x14\x23\x0f\xfc\xf0\
\xc3\x0f\x3f\xfc\x55\xc9\x9f\x5b\xdf\xe1\x26\xe7\x9b\x7a\x67\x02\
\xe4\xad\xfe\xf3\x3f\xd1\xcf\x5b\x0b\xa8\x7f\x7d\x41\x85\x40\xfe\
\xcc\x01\x51\x0d\xd0\x72\xdf\x8b\x5d\x6f\x6d\xdd\x4e\x26\x5e\x06\
\x7b\xea\x85\x2d\x5a\xc5\xc6\x06\x39\x00\x90\xdf\x7f\xf8\xe1\x2f\
\x07\xbf\xc8\x41\x44\x2e\xd2\x9f\x4e\xff\x11\x00\x10\x00\xd2\x58\
\x09\x68\x5f\x05\x70\xee\x7f\x5f\x27\x7e\x21\xa3\x96\x04\x15\x5e\
\x70\x36\xef\x78\x2c\xea\x02\x67\xb8\x60\xa8\xaf\x11\x69\x4f\xa9\
\xe5\x05\xa9\xe0\xf9\xe1\x87\x1f\x7e\xf8\xe1\xef\x37\xfc\x22\xf9\
\xcb\xad\x6b\x8f\xd4\x12\x50\x58\x21\xb0\x61\xc7\xa3\x9f\x20\x10\
\x54\x51\x70\xe8\xb7\x9e\xe9\xda\xf0\xe2\x16\x32\xf2\x12\xdb\x17\
\x7f\xf9\xb7\x3c\x41\xc6\xfb\x59\xf3\xfb\x0f\x3f\xfc\xe5\xe1\x6f\
\xf8\xfc\x4f\xaf\x2b\xf2\xf4\xbf\xcf\xad\xfe\x43\x00\x40\x00\x28\
\x47\x15\x40\x83\x54\xd2\xa6\xea\x55\x00\x83\x9b\x66\x1d\xd1\xbc\
\xae\xe3\xb5\xf4\x4a\x92\x2c\x3d\xe1\x92\xa9\xd8\x6b\x58\xe0\x87\
\x1f\x7e\xf8\xe1\xaf\x7a\xfe\xdc\xba\x4e\x59\x0d\x10\x6f\x0d\x60\
\xf8\x4c\x80\x5e\x9f\xd4\xba\xb1\xeb\xaa\x07\x5e\xea\xda\xba\x8d\
\x6a\x80\x52\x98\x98\xc1\x30\xeb\x3f\xdb\x0a\xd7\x3e\x06\x0d\x00\
\xe4\xf7\x1f\x7e\xf8\xd3\xe5\x77\x73\x0f\x91\x83\xf8\x9c\xfe\x4f\
\x95\x39\x4b\x43\x35\x9e\xfe\x23\x00\x20\x00\x54\x4c\x15\x40\xfd\
\xd9\x37\x7f\xbd\x68\x85\x31\xed\xa9\xa5\x49\x0f\x21\xb1\x7e\x3f\
\xf0\xc3\x0f\x3f\xfc\xf0\xf7\x07\xfe\x5c\xb7\x10\xd0\x1e\xbd\xe4\
\xdf\xb2\x45\xc0\xaf\x22\xe0\x98\xef\x3d\xdb\xd5\xf9\xf2\x9b\x64\
\xe8\x29\xdb\x8f\x9e\x7c\xd5\xf7\xe7\x21\x7e\xde\x7c\xfe\xe1\x87\
\xbf\xf4\xfc\x22\xf7\xe8\x8f\xa7\xff\x08\x00\x08\x00\x15\x33\x0b\
\x60\x70\xfd\x94\xc3\x9a\x5b\xdb\x5e\x49\x62\xed\x87\xf9\x82\x66\
\x7b\x41\x8a\x59\x62\x94\xb2\x02\x0b\x3f\xfc\xf0\xc3\x0f\x7f\x75\
\xf1\x8b\xa1\x70\xd9\xd6\x4d\xd6\x6b\xff\x0a\x86\x00\x46\x14\x08\
\xa6\xae\xdb\xd4\x75\xcd\x43\x2f\x77\x6d\xdb\x4e\x35\x40\x1a\xb6\
\xdd\xfd\xbe\x8a\x21\x8c\xbe\x3f\xc3\x75\x9d\x7c\xfe\xe1\x87\xbf\
\xd4\xfc\x6e\xce\x21\x72\x8f\xfe\xd6\xfb\x8f\x00\x80\x00\x50\xce\
\x2a\x80\x89\x7e\x55\x00\x0d\x9f\xbd\xe1\xab\x45\x0d\xfd\x48\xf9\
\x02\x97\xf8\x90\x92\xc4\x9f\x0f\x7e\xf8\xe1\x87\x1f\xfe\x6a\xe3\
\xef\xd9\x14\xd0\x96\x72\x05\x40\xfe\x0c\x81\xf7\xfe\xe0\xb9\xae\
\x3f\xbe\xfa\x16\x19\x7b\xc2\x76\x57\xe7\x3f\x03\x7f\x3e\x39\x3e\
\xff\xf0\xc3\x5f\x72\xfe\x86\xb3\x6e\xf8\x6a\xc0\xe9\xff\xc4\x6a\
\x3f\xfd\x47\x00\x40\x00\xa8\xa8\x2a\x80\x9d\xc7\x35\x2c\x99\xb8\
\xae\xed\xa5\x92\x2b\x8e\x09\xbb\xed\xfb\x2b\xbb\xe2\x0a\x3f\xfc\
\xf0\xc3\x0f\x7f\xc5\xf2\xe7\xd6\x75\xec\x98\x0d\x60\x7f\xe2\x6f\
\xef\xd3\xaf\xdc\xd4\xf5\xbd\xc7\x5e\x21\x6b\x4f\xd0\x4e\xf8\xfe\
\x73\x01\xa7\xff\x9b\xf8\xfc\xc3\x0f\x7f\x89\xf9\x73\xad\x6d\x2f\
\x89\x9c\xa3\xbf\x9e\xfe\x23\x00\x20\x00\x54\x4a\x15\xc0\x9e\x52\
\x81\xdb\xb7\xfe\xcc\xef\xae\x37\xff\xf2\xc6\x55\x18\xed\x14\x45\
\x7b\xc5\x34\xae\x82\x09\x3f\xfc\xf0\xc3\x0f\x3f\xfc\x5a\x35\x80\
\x10\x02\x8c\x33\x01\xe2\xfe\x7b\xaf\x7f\xf0\x47\x7f\xe8\xfa\xd3\
\x3f\xa8\x06\x88\x6b\x0f\xfc\xf1\xdf\xc1\xdf\x6f\xf7\x67\xca\xe7\
\x1f\x7e\xf8\x4b\xcb\x2f\x72\x0d\x91\x73\xc8\xdc\x63\xcf\xfe\x76\
\xfa\x8f\x00\x80\x00\x50\x71\x55\x00\x03\x77\x1e\xbe\xb8\x79\xf5\
\x93\xcf\x86\xaf\x1d\x49\x57\x91\x34\x5f\x70\x74\x4f\xf6\x82\x66\
\x5e\xbb\x02\x3f\xfc\xf0\xc3\x0f\x7f\x7f\xe4\xcf\xad\xdf\x1c\x79\
\xca\x7f\x12\x15\x03\xd3\xd6\x6f\xec\xfa\xc6\xc3\xcc\x06\x88\xd3\
\xfb\x7f\xd4\x77\x9f\x0d\xfe\xf9\xac\xef\xe0\xf3\x0f\x3f\xfc\x25\
\xe4\x17\x39\x86\xc8\x35\xfa\xf3\xe9\x3f\x02\x00\x02\x40\xda\x55\
\x00\x03\x2c\xab\x00\x16\x08\x45\x6e\xfc\x07\x96\x9d\x93\xac\x82\
\x68\x7b\x01\x4b\x7b\x6a\x69\xda\x3d\x50\xf0\xc3\x0f\x3f\xfc\xf0\
\x57\x2b\xbf\xe8\x19\xcf\xb6\xb6\x47\x4c\xe2\xf5\x13\x7f\xdd\xa3\
\x55\x08\x1c\x77\xfd\x73\x5d\xed\x2f\xb1\x29\xc0\xd6\x6e\xd9\xf8\
\x8f\xd0\xef\x6f\x8e\xcf\x3f\xfc\xf0\x97\x94\x5f\xe4\x18\xf2\xf4\
\x7f\x81\xe5\xe9\xff\x80\x6a\x39\xfd\x47\x00\x40\x00\x28\x77\x15\
\x40\xd6\xaf\x0a\xc0\xf5\xfd\xb3\x97\xff\xee\xfe\xf4\x2e\x28\x25\
\xee\x89\x52\x1e\x27\x6a\x7f\x57\x9a\x92\x27\xf8\xe1\x87\x1f\x7e\
\xf8\xab\x8d\xbf\xbb\x1a\xa0\x75\xa3\xe5\x90\xc0\xe2\x7d\xb2\xfb\
\x5a\x57\x3d\xf0\x52\xd7\xdb\x5b\xa9\x06\x88\x62\x6f\xbe\xb3\xad\
\x6b\xef\xaf\x77\xf4\x9c\xf4\x4b\xcf\x2a\x8f\xd9\xb5\x6d\x7c\xfe\
\xe1\x87\xbf\x84\xfc\x22\xb7\x10\x39\x46\xc0\xe9\x7f\xb6\xbf\x9c\
\xfe\x23\x00\x20\x00\x94\xa3\x0a\x60\x44\x94\x2a\x80\x91\xfb\x9e\
\x72\xf2\xc4\x2b\x3b\xdf\x4e\x42\xf1\x9b\x28\xff\xdc\x7b\x01\xea\
\xfd\xbb\x68\x17\x94\x78\x8a\xa9\xfd\xbf\xc7\x2d\xb1\x82\x1f\x7e\
\xf8\xe1\x87\xbf\x3f\xf0\xe7\xba\x87\x04\xb6\x07\x9f\x30\xcb\x3f\
\xf7\x26\xa0\xbd\x7f\x17\xad\x02\xa0\xb0\x62\xe0\xd0\x6f\x6d\xee\
\x7a\xf2\xf9\x37\xc8\xf0\x0d\xb6\xe6\x37\x2f\x86\xcf\x5c\x68\x6d\
\xe7\xf3\x0f\x3f\xfc\x25\xe2\x9f\x74\xe5\xe6\xb7\x45\x6e\x11\xf1\
\xf4\x7f\x44\x35\x9f\xfe\x23\x00\x20\x00\x54\x5a\x15\xc0\x6c\xb5\
\x0a\xa0\xf1\xfc\xdb\x6f\x88\xa4\x20\xae\xdf\xdc\xfb\xa8\xfe\xb9\
\x64\x8a\xa5\xa5\x02\x6b\xf9\x7e\xe1\x87\x1f\x7e\xf8\xe1\x87\x3f\
\x8c\xbf\x67\x53\x80\x4c\xe2\x57\x17\x5f\x01\xa0\x9e\x52\x17\x9c\
\x58\x2b\xde\xec\xbe\xd6\x8a\x7b\x5e\xe8\xda\xf2\xce\x36\x32\x7d\
\x1f\x7b\xf2\x85\x37\xba\x26\xfa\xcd\x5a\xf0\x7e\x36\xee\x63\x6e\
\x5d\x27\x9f\x7f\xf8\xe1\x2f\x11\xbf\xc8\x29\xb4\xd3\xff\xd9\xfd\
\xf5\xf4\x1f\x01\x00\x01\xa0\xdc\x55\x00\x35\xae\x37\x2a\x55\x00\
\xbb\xa9\x55\x00\x83\x9b\x66\x1d\xd9\xdc\xda\xf6\x8a\x75\x8f\x92\
\xf1\x02\x66\xa9\x38\x1a\x2e\x30\xf6\xaf\x97\xee\x1e\x55\xf8\xe1\
\x87\x1f\x7e\xf8\xfb\x1f\x7f\x77\x3f\xb9\xac\x06\x08\x4e\xe0\x2d\
\x67\x02\x28\x09\x6b\xde\x9f\xe5\xbf\xef\x7b\x4d\x67\xd7\xaf\x9e\
\xf9\x17\x19\xbf\x62\xa2\x45\xe2\xd0\x6f\x3d\x13\xbe\x75\x61\xed\
\x26\x3e\xff\xf0\xc3\x5f\x2a\x7e\x37\x97\x10\x39\x85\x76\xfa\xbf\
\x9b\x72\xfa\xdf\x28\x73\x92\x7e\x71\xfa\x8f\x00\x80\x00\x50\x8e\
\x2a\x80\x9d\xa5\xb2\x36\xca\xa7\x0a\x60\x57\xa9\xc8\xcd\x73\x7d\
\x91\x50\xea\xea\xce\xb8\x6e\x6d\xf7\x2f\xf7\x7a\x9b\x12\x24\xcd\
\xd7\x2b\x8f\x09\x28\xa4\x71\x2f\x68\x85\x25\x59\x26\x45\x13\x7e\
\xf8\xe1\x87\x1f\x7e\xf8\xa3\xf1\x8b\xc9\xf2\x3d\xb3\x01\xbc\xa4\
\x7d\x43\x60\x02\x6f\xef\xfe\x09\xed\x69\x3f\xf9\x53\xd7\x9f\xff\
\xf1\x36\xd9\xbf\x6b\xcb\xef\x79\xc1\xdc\x92\xd1\xda\xce\xe7\x1f\
\x7e\xf8\x4b\xc4\x2f\x72\x09\x79\xfa\xbf\x48\xe6\x18\xb3\x65\xce\
\xa1\x9f\xfe\x8f\x92\x39\xca\xce\xd5\x7c\xfa\x8f\x00\x80\x00\x50\
\x6a\x11\x40\xaf\x02\x18\xa3\x55\x01\x4c\x93\x8a\xdc\x1e\x52\xa1\
\xdb\x67\xe0\xce\x3b\x1f\x98\x6d\x79\xa2\x23\xd9\xc1\x24\xc9\x2a\
\xa0\x05\xcf\x67\xbc\xe0\x96\x7b\x68\x0b\xfc\xf0\xc3\x0f\x3f\xfc\
\xd5\xcc\x5f\x38\x1b\x20\x9d\x0a\x00\xf5\xff\x4c\x5d\xbf\xb1\xeb\
\x3f\x1f\xf8\x7b\xbf\x6e\x0b\xf8\x9f\xb6\xd7\x0c\x82\x4b\xcf\x9f\
\x45\xcb\x06\x9f\x7f\xf8\xe1\x4f\x9f\x5f\xe4\x10\x22\x97\x10\x39\
\x85\xcc\x2d\xf6\x90\xb9\xc6\x34\xed\xf4\x7f\x4c\x84\xd3\x7f\x07\
\x01\x00\x01\x00\x01\x20\x5e\x15\xc0\x30\xa5\x0a\xa0\x4e\x2a\x70\
\x93\x7d\xaa\x00\xf6\x1b\xfb\xde\x4b\xce\x0a\xbf\x20\x19\x14\xc2\
\x94\x4b\x98\x62\x4f\x39\x8d\xcd\x03\x3f\xfc\xf0\xc3\x0f\x3f\xfc\
\x85\x5f\xdf\x3d\x1b\xa0\x75\x53\x60\x42\x6a\xee\xf9\xdf\x10\xba\
\x65\xc0\xef\xff\x8b\xc9\xf7\x3f\xdd\xf8\x8f\xae\xed\xdb\xfb\xd7\
\xb6\x80\x4d\x7f\xdf\xd2\x35\xfd\xca\x4d\xbe\x33\x13\xf2\x7c\xed\
\x46\xb9\xfe\x8f\xcf\x3f\xfc\xf0\xa7\xcd\x2f\x72\x08\x91\x4b\xf8\
\x9c\xfe\x4f\x96\xb9\x47\x9d\x72\xfa\x3f\xac\x3f\x9c\xfe\x23\x00\
\x20\x00\x54\x5a\x15\x40\xb3\x56\x05\xb0\x97\x54\xec\x0e\xc8\x5c\
\x76\xff\x3d\x81\x25\x44\xeb\x37\xef\x78\x8c\x54\xe2\x64\x52\x34\
\x63\x2b\x9e\xf1\x2e\xc8\xd6\x25\x54\xf0\xc3\x0f\x3f\xfc\xf0\xc3\
\x1f\xf0\x7c\x79\xd5\x00\xa6\x13\x7d\x8b\x13\x7f\xff\x16\x83\xde\
\xc7\x63\xbe\xf7\x4c\xd7\x83\x7f\x7e\xbd\x5f\x24\xff\x7f\x79\xed\
\xed\xae\x45\x57\x77\xe4\x7f\x4f\x82\x2a\x2a\xc4\xf4\x7f\x3e\xff\
\xf0\xc3\x9f\x3a\xbf\xc8\x1d\x44\x0e\x21\x73\x89\xbd\xb4\xd3\xff\
\xe6\xfe\x7a\xfa\x8f\x00\x80\x00\x50\x29\x55\x00\xe3\xa4\x02\x97\
\x91\x8a\xdc\x2e\xae\xef\x2e\x95\xba\x85\x42\xb9\x1b\x39\xef\xf8\
\x93\xdc\x5f\xea\xb7\x52\x51\x14\x4d\x25\x49\x31\x2f\x58\xe9\xbf\
\x1e\xfc\xf0\xc3\x0f\x3f\xfc\xf0\x87\xf3\xf7\xcc\x06\xd8\x64\x58\
\xfb\x67\xdb\x02\x60\x9e\x11\x20\xe6\x03\x6c\x78\x71\x4b\xd5\x26\
\xff\x2f\xfc\xeb\xed\xae\xfd\xae\xed\x8c\xf6\xfd\x14\xfd\xff\x89\
\x26\x48\x7c\xfe\xe1\x87\xdf\xf7\xff\xaf\xeb\x7c\x6b\xe4\x82\xe3\
\x4f\x92\xa7\xff\x0b\x65\x4e\xb1\xbb\xcc\x31\x26\xcb\x9c\xa3\x4e\
\xe6\x20\xfd\xea\xf4\x1f\x01\x00\x01\xa0\x92\xaa\x00\x26\xb8\xde\
\x20\x15\xb9\xa9\xae\xcf\x54\xaa\x00\xc4\xca\x8e\x03\x1a\xce\xbb\
\xf5\xfa\x1d\x17\x85\xf5\x9b\x63\x28\x98\x09\x2b\xa2\xd6\xff\x9e\
\x7f\x41\xb6\x1e\x8a\x02\x3f\xfc\xf0\xc3\x0f\x3f\xfc\x45\xbc\x1f\
\x51\x0d\x20\x4e\xa0\x23\x27\xf8\x09\xfe\xfb\x27\x6e\xf9\x53\x77\
\x99\x7c\x35\xd9\xf3\xff\x7c\xbb\xeb\xa0\x6f\x6e\x8e\xfe\xfd\x59\
\xbb\x81\xcf\x3f\xfc\xf0\x97\x80\x5f\xe4\x0c\xf2\xf4\x7f\x6f\xe5\
\xf4\x7f\xa6\xcc\x31\x9a\x65\xce\x31\xa1\x3f\x9e\xfe\x23\x00\x20\
\x00\x54\x5a\x15\x40\xad\x54\xe4\x26\x49\x85\x6e\x96\xeb\x73\xbd\
\x2a\x80\xc1\x75\x93\x8f\xc8\xb5\x6e\x7a\xc9\x7e\x68\x88\xed\x90\
\x92\x94\x15\x55\xeb\xbd\xa8\x71\x87\xa6\xc0\x0f\x3f\xfc\xf0\xc3\
\x0f\xbf\x52\x0d\xb0\xae\xb3\xf7\x64\x3a\xec\x44\xbf\x20\xc1\x37\
\x94\xb8\x1b\x4f\xc0\x37\x76\x9d\x71\xeb\x9f\xbb\x9e\x7c\xfe\x8d\
\x3e\x9f\xfc\x0b\x86\x79\xff\xd5\x61\xc5\x2f\x5a\x31\xf8\xfc\xc3\
\x0f\x7f\xba\xfc\xb9\xd6\xb6\x97\x44\xce\xa0\x9c\xfe\xcf\x95\x39\
\xc5\x2e\x32\xc7\xc8\xc8\x9c\xa3\x5f\x9e\xfe\x23\x00\x20\x00\x54\
\x42\x15\xc0\x10\x9f\x2a\x80\x9c\x54\xe8\x66\xb8\x3e\xc7\xf5\xf9\
\x52\xc1\xdb\xbf\xf6\xf4\x6b\x57\x1a\x15\x46\x83\x42\x58\x30\xb4\
\xc4\xd4\x43\x65\xab\x70\x96\x5b\xa1\x85\x1f\x7e\xf8\xe1\x87\x1f\
\x7e\x03\x7f\xb3\xac\x06\xc8\x25\x59\x01\xa0\x7b\xc8\xd7\xbf\xf7\
\xfb\xcf\x75\xdd\xd1\xf1\x5a\xd7\xb6\x3e\x38\x2c\xf0\xbf\x37\xbd\
\xd6\x35\x6d\xfd\x26\x6b\xfe\x1c\x9f\x7f\xf8\xe1\x4f\x9d\x5f\xe4\
\x0a\x72\xed\xdf\xde\x32\x87\x98\x23\x73\x8a\xa9\x32\xc7\xd0\x4f\
\xff\x87\xf4\xa7\xd3\x7f\x04\x00\x04\x80\x72\x09\x00\x3b\x49\x85\
\xed\xdd\x4a\x15\xc0\x48\xd7\xc7\x4a\x45\xae\x49\xae\xe6\x98\x2e\
\x15\xbb\x3d\xe5\xea\x8e\x7d\x07\x0e\x1c\xb8\x38\xb7\xf2\xf1\x4d\
\x56\x0a\x61\xd2\x17\x9c\xb4\xbf\xde\xf6\x82\x0a\x3f\xfc\xf0\xc3\
\x0f\x3f\xfc\x45\xf2\x77\x57\x03\xac\xdd\x54\x5c\xcf\x7f\x02\x5f\
\xbf\xcf\xd7\x3b\xba\xae\x79\xe8\xe5\xae\x97\xfe\xfd\x4e\xc5\x27\
\xfe\xff\xd8\xb2\xb5\xeb\x33\x3f\xfb\x4b\x71\xfc\xad\x6d\x7c\xfe\
\xe1\x87\x3f\x65\xfe\xdc\xca\x47\x37\x89\x5c\x41\xe4\x0c\x32\x77\
\xd8\x53\xe6\x12\xd3\x65\x6e\xd1\x24\x73\x8d\xb1\x32\xf7\xf0\x4e\
\xff\xdf\x2d\x73\x93\x9d\x10\x00\x10\x00\x10\x00\x4a\xd3\x0a\x20\
\x94\xb7\xe1\xae\x8f\x96\xab\x38\xea\xe5\x6a\x8e\x29\x52\xb1\x53\
\xd7\x02\xee\x3f\xee\x98\xf3\x3f\xd5\x7c\xd5\xb3\xdb\xd3\x53\x2c\
\x63\x4e\x31\xed\x6b\x3d\x5b\xf0\xc3\x0f\x3f\xfc\xf0\xf7\x6b\x7e\
\x71\x32\x9d\x5d\xdb\x16\x6d\x8a\x7d\x4a\x15\x01\x13\xdd\xd7\xf9\
\xd8\x4f\xfe\xd4\x75\x5b\xdb\x6b\x5d\x6f\x6d\xad\xac\xaa\x00\x51\
\xa5\xf0\xe3\xa7\x5e\xed\x9a\xf7\xd5\xf6\xa2\xf9\xc5\x4a\x46\x3e\
\xff\xf0\xc3\x9f\xaa\x40\xb1\x5d\xe4\x08\xf2\xf4\x5f\x5d\xfb\x37\
\x43\xe6\x14\x59\x99\x63\x8c\x97\x39\xc7\x70\x99\x83\xf4\x9b\xd2\
\x7f\x04\x00\x04\x80\x72\x0a\x00\xef\xd2\xaa\x00\xd4\x81\x80\x63\
\x95\xb5\x80\x13\xb5\xb5\x80\x0b\x76\xac\x05\xfc\xd2\x6f\xee\x0a\
\xbc\xc0\x18\x15\x43\x4b\xb7\x56\x24\x93\x5e\xbb\x62\xf9\x7e\xe0\
\x87\x1f\x7e\xf8\xe1\x87\xbf\x08\xfe\xbc\x6a\x80\x62\x12\x7a\xdb\
\x0a\x81\x80\x7f\x9f\xf5\xe5\xb6\xae\x73\xef\xf8\x6b\xd7\xed\xed\
\xaf\x75\xfd\xeb\xad\xad\x65\x4b\xfc\xb7\x6e\xdb\xde\xfd\x1e\x0e\
\xb9\x6e\x73\x3c\xfe\x35\x9b\xf8\xfc\xc3\x0f\x7f\xca\xfc\x99\x2f\
\xde\x77\x97\xb2\xf6\x6f\x81\xb6\xf6\x6f\xa2\xb2\xf6\x6f\xac\xcf\
\xe0\xbf\x81\x5a\xf2\x8f\x00\x80\x00\x80\x00\x50\xc2\x2a\x80\x51\
\x52\x99\x53\xd7\x02\xee\xaa\xac\x05\x14\x8a\xde\x7e\xc3\xe7\x1c\
\xf5\xfe\xe6\x2b\x37\x6f\x29\xaa\x04\xca\xd6\x6d\x15\xd1\xb8\x8a\
\xa7\xf6\xef\x39\xe5\xd1\xeb\x1f\xcc\xc5\x29\x01\x83\x1f\x7e\xf8\
\xe1\x87\x1f\xfe\x00\xdf\x51\x0d\x10\x65\xe8\x5f\x8c\x13\xff\x28\
\xff\x9e\x71\x7d\xf2\xda\x0d\x5d\x1f\xfc\xd1\x1f\xba\xae\x7d\xe8\
\xe5\xee\xc1\x7b\x6f\x97\xa0\x3a\xe0\x0f\xaf\xbc\xd5\xf5\xe5\xdf\
\xfd\xbd\x6b\xc1\xd5\xed\x89\xf0\x0b\x61\x85\xcf\x3f\xfc\xf0\xa7\
\xc9\xdf\xb9\x45\xe4\x06\x72\xf0\xdf\x22\x65\xed\xdf\xae\xda\xda\
\xbf\xf1\x32\xd7\xe8\xb7\xa7\xff\x08\x00\x08\x00\x95\x50\x05\x10\
\xb4\x16\xb0\x46\x59\x0b\x38\xcd\x77\x2d\xe0\xd9\x37\x7f\xa3\x24\
\x25\x47\xa5\x5e\x9b\x62\x3b\xb5\x15\x7e\xf8\xe1\x87\x1f\x7e\xf8\
\x13\xe6\xcf\xad\x17\xd5\x00\xc9\x9c\xe8\x47\xef\x99\xd7\xa6\xe8\
\xab\x22\x84\xfc\xba\xa9\xad\x1b\xbb\xde\x73\xfd\x73\x5d\x5f\xfa\
\xd5\xf3\x5d\x3f\xd9\xf0\x8f\xae\xc7\xfe\xf6\x46\xd7\xcb\xaf\xc7\
\x9b\x1f\xf0\xd7\xd7\xde\xee\xfa\x9f\xb6\xd7\xba\x96\xfd\xfa\x85\
\xae\x83\xc5\x69\x7f\x92\x15\x0d\xae\xf3\xf9\x87\x1f\xfe\x74\xf9\
\x45\x4e\x10\xb0\xf6\x6f\x9a\xb2\xf6\xaf\x26\xe2\xda\x3f\x04\x00\
\x04\x00\x04\x80\x32\xae\x05\xac\x0b\x59\x0b\xb8\xef\xc0\x61\xe3\
\x96\xe4\x56\x3d\xf1\x6c\xe2\x3d\x50\xb6\x25\x55\x71\x4b\xb2\xd2\
\x7e\x3f\xf0\xc3\x0f\x3f\xfc\xf0\xc3\x5f\xc4\xeb\xe5\x55\x03\x14\
\xd3\xf3\x6f\x5b\x11\x60\xeb\xca\x73\x4c\xbf\x72\x53\xd7\xc1\xdf\
\xdc\xdc\xf5\xe1\x9b\xfe\xd8\xf5\xa9\x5b\xff\xdc\xf5\xf9\xdb\xff\
\xd2\x75\xc9\x5d\xcf\x77\x2d\x77\x93\xfa\xd6\xdf\xfe\xbd\x6b\xc5\
\x3d\x2f\x74\x5d\xf4\x8b\xbf\x75\x7d\xee\xb6\xbf\x74\x7d\xfc\x96\
\x3f\x75\x9d\xfc\xa3\x3f\xb8\x5f\xdf\xd9\x35\x75\x5d\xba\xef\x3f\
\xd7\xda\xc1\xe7\x1f\x7e\xf8\x53\x7c\x3f\xb9\x96\x27\x9e\x15\x39\
\x81\x1c\xfc\x17\xb4\xf6\xaf\xae\x3f\xaf\xfd\x43\x00\x40\x00\xa8\
\xf4\x2a\x00\xab\xb5\x80\x63\x8e\x3a\xfb\x53\xcd\xeb\x9f\xd9\x96\
\x6a\x4f\x94\xf5\x05\xf5\x19\xe5\xd1\xfb\x1a\xf5\x54\xa5\xb7\x8c\
\x29\xa7\x95\x39\x25\xf2\xfe\xe0\x87\x1f\x7e\xf8\xe1\x87\x3f\x41\
\x7e\x91\xc4\x16\xf6\xb5\xfb\x25\xc0\x1b\x95\x47\xef\x6b\x7a\x4f\
\xd0\x33\xf2\xeb\x33\xb2\xbc\x3f\xab\x3c\x46\xea\xa9\x37\x9d\xc8\
\xdb\x26\xf0\xb6\xcf\x6f\xcb\xdf\x3d\xf9\x9f\xcf\x3f\xfc\xf0\xa7\
\xc7\xff\xec\x36\x91\x0b\x24\xb8\xf6\x0f\x01\x00\x01\x00\x01\xa0\
\xd2\xd7\x02\xba\xbe\xb8\xf1\x82\x3b\x6e\x8c\x35\x94\x24\xc2\x09\
\x48\x5e\x0f\x92\xe9\x82\x15\xb7\x24\xab\xc0\xb5\x0b\x6a\xde\xdf\
\x25\x30\x94\x05\x7e\xf8\xe1\x87\x1f\x7e\xf8\x0d\xfc\x59\xe1\xad\
\xed\xe1\x09\x7b\xdc\x99\x00\x05\xae\x25\xd4\x79\x7f\x97\xc0\x50\
\x42\x83\xab\x22\x45\x24\xc1\x42\x7b\xfe\xee\xde\x7f\x3e\xff\xf0\
\xc3\x9f\x1a\xbf\xc8\x01\x44\x2e\xc0\xda\x3f\x04\x00\x04\x80\xbe\
\x5b\x05\x50\xcc\x5a\xc0\xfd\x06\xd7\x4d\x3e\x22\xb7\x66\xe3\xf3\
\x91\x2f\x60\xfa\x10\x91\xa4\xa7\xb0\xa6\x3d\xe5\xd5\xf2\x02\x0a\
\x3f\xfc\xf0\xc3\x0f\x3f\xfc\x49\xf1\xf7\xb4\x05\x6c\x4c\x66\xe8\
\x9f\x6d\x82\x6e\x29\x20\x14\x24\xf0\x4a\x15\x42\xea\xef\xaf\xb5\
\x9d\xcf\x3f\xfc\xf0\xa7\xf8\xfc\xb9\x35\x1b\x9e\x17\x39\x80\x36\
\xf8\x2f\xce\xda\x3f\x04\x00\x04\x00\x04\x80\x3e\xb0\x16\x70\x2f\
\x6f\x2d\xe0\xb8\x13\x97\x5f\x90\x58\x4f\x91\x49\x71\x2c\xb5\x82\
\x6b\x59\x62\x05\x3f\xfc\xf0\xc3\x0f\x3f\xfc\x69\xf2\xe7\xba\x57\
\x06\xb6\xa7\x7f\x82\x6f\xd9\x62\x10\x7b\xa6\x80\xe9\xfd\x46\x15\
\x20\xd6\x6c\x90\xc9\x17\x9f\x7f\xf8\xe1\x4f\x8b\x7f\xdc\x49\xcb\
\x2f\x50\xd6\xfe\xed\xc5\xda\x3f\x04\x00\x04\x80\xea\x5e\x0b\xb8\
\x8b\x5c\xed\xe1\x0d\x04\x14\xca\xdf\x81\x99\x2f\xde\xf3\x8b\xd2\
\x94\x24\xa5\xbc\xe6\x44\x2f\xb1\xaa\xb8\x92\x2c\xf8\xe1\x87\x1f\
\x7e\xf8\xe1\x97\xd5\x00\x6b\x36\xc5\x5a\xf3\x17\x5a\x62\x9f\x70\
\x49\x7e\xe2\x43\x09\x03\xfe\xff\x8e\xd2\x7f\x3e\xff\xf0\xc3\x9f\
\x0a\x7f\xa3\x1b\xf3\x8b\xd8\x5f\xe6\x00\xde\xe0\xbf\xdd\x65\x8e\
\xc0\xda\x3f\x04\x00\x04\x80\x2a\x59\x0b\x38\x41\x59\x0b\x38\x55\
\xae\xf6\xc8\x1b\x08\x38\x74\xf2\x5e\xef\x69\x6e\x6d\x7b\x35\xee\
\x05\xaa\x60\x48\x89\xa1\x64\xca\x7c\x01\xb3\x55\x54\x95\xc7\x24\
\x14\x58\xf8\xe1\x87\x1f\x7e\xf8\xe1\x4f\x91\x3f\xbb\xae\xbd\x2b\
\xb3\xc6\x2f\x81\xb7\x3d\x51\x57\x1e\xe3\x9c\xc0\x17\xd9\x92\x50\
\x30\xa4\xd0\xd0\x32\xe0\x27\x48\xf4\x0c\xfe\xe3\xf3\x0f\x3f\xfc\
\xa9\xf1\xaf\x6b\x7f\x55\xc4\xfc\x3e\x83\xff\x66\xca\x1c\xa1\xd9\
\x67\xf0\x5f\xbf\x5e\xfb\x87\x00\x80\x00\xd0\x97\xd7\x02\xd6\x2a\
\x6b\x01\x7d\x07\x02\xd6\x9e\xfa\x5f\xcb\x53\x2f\x81\x4a\xbd\x64\
\xaa\xd4\xcf\x0f\x3f\xfc\xf0\xc3\x0f\x3f\xfc\xf1\xf8\x73\xae\x8b\
\xbe\xf7\x58\x09\x7b\x5a\x25\xf9\x49\xbd\x9e\xe9\xeb\xd7\x6e\xe2\
\xf3\x0f\x3f\xfc\x29\xf3\x8b\x58\x3f\x64\xf0\x9f\xb7\xf6\xaf\x96\
\xb5\x7f\x08\x00\x08\x00\x7d\x7b\x2d\xa0\x3a\x10\xd0\x5b\x0b\xe8\
\x3b\x10\xb0\xbb\x15\xe0\x8a\xff\xfd\x7d\xa2\x25\x52\x31\x2f\x90\
\x71\x4b\xb6\xca\x5e\x22\x06\x3f\xfc\xf0\xc3\x0f\x3f\xfc\x11\xf9\
\x45\xf9\xbb\x48\x84\x93\x28\xd9\x2f\x7b\x8b\x80\x8d\x40\xb0\xa3\
\xef\x9f\xcf\x3f\xfc\xf0\xa7\xc5\x2f\x62\x7c\xa5\xf4\xdf\x6f\xf0\
\x9f\xb7\xf6\x4f\x1f\xfc\xc7\xe9\x3f\x02\x00\x02\x40\x1f\x5b\x0b\
\x38\x54\x5b\x0b\x18\x3a\x10\x70\xd8\x1e\x47\x7e\xb0\x79\x7d\xe7\
\x1b\xd1\x15\x4c\xc3\x94\x51\xdb\xbd\xa5\xb1\x87\xa2\xc4\x1d\x9a\
\x62\x28\xa1\x82\x1f\x7e\xf8\xe1\x87\x1f\xfe\x94\xf9\x73\xad\x1d\
\x3e\xdb\x02\x4c\x27\xec\x71\x87\x06\x1a\x5a\x08\x2c\x7b\xfa\x0b\
\x5a\x02\x82\x04\x05\x97\x33\xa7\x7f\x4f\xf8\xfc\xc3\x0f\x7f\xb2\
\xfc\xeb\x3a\xde\x10\x31\x7e\x84\xc1\x7f\xea\xda\xbf\xa1\xac\xfd\
\x43\x00\x40\x00\xe8\xdb\x6b\x01\x23\x0f\x04\xac\x3b\xf3\xfa\xaf\
\x94\x6e\x6a\xaa\x49\xf1\x7c\x46\x99\x06\x5c\xc4\x05\x39\xb6\xc3\
\x0f\x3f\xfc\xf0\xc3\x0f\x7f\x79\xf8\xc5\x7c\x80\xde\xa4\xdc\x32\
\x21\x8f\xed\x69\x6f\x0d\x90\x27\xff\xeb\x3a\xf8\xf9\xc3\x0f\x7f\
\xca\xfc\x22\xb6\x4f\x78\xf0\x1f\x02\x00\x02\x00\x02\x40\x1f\x59\
\x0b\xe8\x37\x10\x70\x86\x3e\x10\x70\xe0\xce\x3b\x1f\x9c\x5d\xfe\
\xc8\xc6\x74\x7a\x9e\xd2\xed\xa1\x52\x2f\x9a\x45\x0d\x55\x49\xfd\
\xfd\xc2\x0f\x3f\xfc\xf0\xc3\x0f\x7f\xf4\xe7\xeb\xe6\xe9\x16\x02\
\xc2\x13\xf4\x8c\xfc\x73\x70\xc9\xbf\x6d\x8f\x7e\xd2\x3d\xff\xc1\
\xc9\x3f\x3f\x7f\xf8\xe1\x4f\x8f\x5f\xc4\xf4\x22\xb6\xf7\x19\xfc\
\x37\x23\xe2\xe0\xbf\x81\x24\xff\x08\x00\x08\x00\xd5\x31\x10\xb0\
\x29\x60\x20\xa0\x28\x0b\x5a\x3c\x6a\xf1\xa9\xa7\xe5\xd6\x77\xbe\
\xa3\x5f\x40\x6d\x7b\xaa\xec\x2f\xd0\x96\x3d\x50\xb1\x2f\xa8\x76\
\xef\x0f\x7e\xf8\xe1\x87\x1f\x7e\xf8\xcb\xc1\x9f\x93\x1b\x03\x0a\
\x5b\x03\x8a\x4d\xd0\xed\x04\x04\xdb\x99\x02\xa1\xcf\xbf\xb6\x67\
\xdd\x1f\x3f\x7f\xf8\xe1\x4f\x97\x7f\xe2\xfa\xcd\xef\x8c\x5a\x7c\
\xfa\x69\x72\xf0\xdf\x3e\x01\x83\xff\x9a\x18\xfc\x87\x00\x80\x00\
\xd0\x3f\x06\x02\xd6\xbb\x9e\x95\x43\x3f\x76\xf5\x1b\x08\xd8\x78\
\xce\xad\xdf\x4b\xbc\xe7\x2a\x75\x45\xb5\xd4\xef\x07\x7e\xf8\xe1\
\x87\x1f\x7e\xf8\x4b\xcb\xdf\x3d\x23\x60\xcd\xa6\x64\x4f\xe4\x63\
\x0a\x08\x91\x5f\x6f\xed\xa6\x80\x44\x86\x9f\x3f\xfc\xf0\x27\xcd\
\x2f\x62\xf9\x80\xc1\x7f\xbb\xca\x1c\x20\x2b\x73\x02\x06\xff\x21\
\x00\x20\x00\x54\x59\x15\x80\xda\x0a\xe0\x0d\x04\xac\x91\xc3\x3e\
\x9a\xe5\xf0\x8f\x99\xca\x40\xc0\x9e\x56\x80\x91\xf5\x87\xe5\x5a\
\x9e\xfa\x63\xfe\x84\xe2\xde\x47\xf5\xcf\x49\xed\x35\x35\xfd\x7f\
\xdb\x1e\x29\xd3\xfb\xb5\xee\xd1\x82\x1f\x7e\xf8\xe1\x87\x1f\xfe\
\x0a\xe1\xcf\x76\x6f\x0d\x68\x57\x7a\xf1\x95\x2d\x00\x2d\xbd\x8f\
\xea\x9f\x8b\x15\x04\x4c\xcf\x17\x65\x8b\x40\xae\xb5\x9d\x9f\x3f\
\xfc\xf0\x97\x88\x5f\xc4\xf0\x22\x96\x57\x4a\xff\xbd\xc1\x7f\x33\
\x65\xec\xdf\x2c\x73\x81\x1a\x6d\xf0\x9f\x5a\xfa\xcf\xe9\x3f\x02\
\x00\x02\x40\x15\x0c\x04\x54\x5b\x01\xbc\x81\x80\x93\xe4\x10\x10\
\xb5\x15\x40\xec\x07\x5d\x3c\xee\xb8\xf3\x3f\xdb\x7c\xe5\x33\xdb\
\xfb\x4e\x4f\x94\xdd\xf3\xd9\x96\x64\xc1\x0f\x3f\xfc\xf0\xc3\x0f\
\x7f\xa5\xf1\xf7\xce\x09\xd8\x54\x5c\x49\x7e\xa4\x92\xfe\x18\x15\
\x03\xe2\xd4\x7f\x5d\x27\x3f\x7f\xf8\xe1\x2f\xd5\xf3\xb9\xb1\xbb\
\x88\xe1\x65\xe9\xff\xbe\x5a\xe9\xff\x2e\x32\xf6\xf7\x06\xff\xa9\
\xa5\xff\x0c\xfe\x43\x00\x40\x00\xa8\xc2\x56\x00\xbf\x81\x80\x39\
\x59\x06\x34\xc3\xb7\x15\xe0\x0b\xbf\xb8\x35\xb1\xbd\xa5\x96\x8a\
\xaa\xed\x05\x31\x69\xc5\x37\xf1\xbd\xad\xf0\xc3\x0f\x3f\xfc\xf0\
\xc3\x9f\x22\x7f\xb6\xd5\xab\x0a\xd8\x14\xeb\xc4\xdf\xb6\xc4\xdf\
\xb7\x02\x60\x4d\x70\xe2\xcf\xcf\x1f\x7e\xf8\xd3\xe3\x17\xb1\x7b\
\x40\xe9\xff\x0c\x19\xf3\xe7\x0c\x83\xff\x48\xfe\x11\x00\x10\x00\
\xaa\x70\x20\xa0\xd7\x0a\x50\x2b\xcb\x7f\x26\xca\x72\xa0\xdd\x94\
\x56\x00\x31\x2c\xe4\x80\xc1\x8d\xbb\x1d\xdd\xbc\x66\xc3\x8b\xe5\
\x51\x40\xab\xfb\x86\x01\x3f\xfc\xf0\xc3\x0f\x3f\xfc\x69\xf1\xf7\
\x54\x06\x48\x41\x60\xed\xc6\x54\x5b\x04\x76\x3c\xb7\xa8\x42\x68\
\xed\x90\x89\x3f\x3f\x7f\xf8\xe1\x2f\x39\xbf\x1b\xb3\x8b\xd8\x5d\
\xc4\xf0\x32\x96\xf7\x4a\xff\x77\x93\xb1\xfe\x44\x19\xfb\xd7\x2a\
\xa5\xff\x0c\xfe\x43\x00\x40\x00\xe8\x07\xad\x00\xc3\x65\xb9\xcf\
\x78\xa5\x15\x60\xb2\xd2\x0a\x20\xf6\x83\x2e\xf4\x5a\x01\xc6\x9f\
\x70\xe9\xe7\xdd\x0b\xd9\x36\xeb\x9e\x28\xe3\x05\xab\xd4\x17\xe8\
\x84\x15\x5f\xf8\xe1\x87\x1f\x7e\xf8\xe1\xef\x23\xfc\x39\x39\x40\
\x30\xd7\xda\xd6\x5d\x96\xdf\x2d\x0a\xac\x29\xf2\xc4\xbf\x45\x3d\
\xf1\xdf\xd4\xf3\x9c\xad\x9d\xfc\xfc\xe1\x87\xbf\xac\xfc\xcf\x6c\
\x13\x31\xbb\x52\xfa\xbf\x50\xc6\xf4\x5e\xe9\xff\x64\xa5\xf4\x7f\
\xbc\xcc\x05\x86\x53\xfa\x8f\x00\x80\x00\x50\xbd\x22\xc0\xc0\x08\
\xad\x00\x53\x65\x79\xd0\x1c\xa7\x67\x4f\xe8\x22\x39\x3c\xe4\xc0\
\x86\xf3\x6e\xbb\x21\xf6\x05\x78\x9d\xf2\xb8\x4e\xfb\xbb\x04\x2e\
\xd0\xfa\x05\x53\x77\xe3\xfb\xd7\xde\x5f\x4e\x79\x4c\xe4\x06\x04\
\x3f\xfc\xf0\xc3\x0f\x3f\xfc\x15\xc6\xdf\x23\x0c\x74\x76\xcf\x11\
\xc8\xad\xed\xf1\xec\xda\x36\xf7\xd1\x4d\xea\xd7\xb4\xf5\xfc\xb9\
\x5b\x34\x68\xef\xf9\x9a\x75\x1d\x3d\xce\xcf\x1f\x7e\xf8\x2b\x8a\
\xbf\xe1\xdc\xff\xf9\xa1\x2c\xfd\xdf\x5f\xc6\xf0\xf3\x65\x4c\x3f\
\x43\xc6\xf8\xa6\xd2\xff\x81\x24\xff\x08\x00\x08\x00\xd5\x5b\x05\
\xe0\xd7\x0a\xd0\x24\xcb\x82\xa6\xfb\xb5\x02\x0c\x1c\x36\xf6\xd0\
\xec\xca\xc7\x3a\x6c\x2e\x68\xb6\x0a\xa6\xf1\xeb\x63\x5f\x40\x13\
\x76\xf8\xe1\x87\x1f\x7e\xf8\xe1\x87\x1f\x7e\xf8\xe1\x2f\x33\xbf\
\x88\xd1\x45\xac\x1e\x50\xfa\x3f\x5d\xc6\xf8\x4d\x96\xa5\xff\x08\
\x00\x08\x00\x08\x00\x55\x36\x10\xd0\x6b\x05\x18\x2d\xcb\x80\xc4\
\x1e\xd0\xac\x2c\x0f\x12\xfb\x41\x77\x57\x5a\x01\xc4\x10\x91\xc5\
\x23\xf6\x3e\xf9\xa3\xb9\xd6\xce\x2d\x95\xb2\xb7\x35\xf1\x0b\xac\
\xf5\xd7\xc3\x0f\x3f\xfc\xf0\xc3\x0f\x3f\xfc\xf0\xc3\x0f\x7f\x19\
\xf9\xd7\x75\x6e\x11\x31\xba\x2c\xfd\xdf\x4f\x29\xfd\xdf\x5d\xc6\
\xf4\x93\x65\x8c\x5f\x2f\x63\xfe\xd1\x4a\xe9\x3f\x83\xff\x10\x00\
\x10\x00\xaa\x7c\x20\x60\x58\x2b\x40\x8d\x2c\x0b\x6a\xf6\x69\x05\
\xd8\xdb\x6b\x05\xa8\xfd\xe4\x75\x57\x16\xdf\xf3\x64\xba\x80\xf5\
\x3e\x26\xa1\xa8\x16\x2a\xa6\xcf\xf4\x3e\x8a\x01\x49\xf2\xcf\x49\
\xdd\x10\xe0\x87\x1f\x7e\xf8\xe1\x87\x1f\x7e\xf8\xe1\x87\xbf\x94\
\xfc\xb5\x9f\xfc\xe6\x7a\xa5\xf4\x7f\x6f\x9f\xd2\xff\x66\x19\xe3\
\xd7\x18\x4a\xff\x19\xfc\x87\x00\x80\x00\xd0\x8f\x5a\x01\xc4\x10\
\x90\x71\x01\xad\x00\x62\x6f\xe8\x02\xaf\x15\xc0\xf5\x83\xb3\x97\
\xdf\xff\x40\x3a\x53\x5b\x4b\x3d\x25\xd6\x70\xc3\xd0\xdd\xb2\xe4\
\x0c\x7e\xf8\xe1\x87\x1f\x7e\xf8\xe1\x87\x1f\x7e\xf8\xd3\xe2\x17\
\x31\xb9\x88\xcd\x95\xd2\xff\x05\x32\x76\xf7\x2b\xfd\x1f\x27\x63\
\x7e\x4a\xff\x11\x00\x10\x00\x68\x05\xb0\x6a\x05\x38\x70\xc8\xd4\
\x85\x27\xe4\xd6\x6c\x7a\xd9\xd8\x93\x14\xb3\x47\xca\x56\x21\x2d\
\xbf\xc2\x0c\x3f\xfc\xf0\xc3\x0f\x3f\xfc\xf0\xc3\x0f\x3f\xfc\xe9\
\xf3\x8b\x58\x5c\xc4\xe4\xf2\xf4\x9f\xd2\x7f\x04\x00\x04\x00\x2c\
\xb4\x15\x60\x80\xa1\x15\xa0\x51\x69\x05\x98\xe9\xd3\x0a\x70\xd0\
\xb8\xf7\x2e\xbd\xb0\xf9\xca\x67\xb6\x27\xd9\x73\x65\x3b\xe4\x25\
\xf5\xa1\x31\x31\xa7\xc2\xc2\x0f\x3f\xfc\xf0\xc3\x0f\x3f\xfc\xf0\
\xc3\x0f\x7f\xe2\xfc\x6e\x0c\x2e\x62\x71\x11\x93\xfb\x94\xfe\xcf\
\x54\x4a\xff\x1b\x0d\xa5\xff\x03\x28\xfd\x47\x00\x40\x00\xa0\x15\
\x40\x6d\x05\x98\x14\xd6\x0a\xd0\x78\xfe\x1d\x37\xc7\xea\x89\xb2\
\xbc\xc0\xa6\x3d\x55\x35\xe9\x0b\x3c\xfc\xf0\xc3\x0f\x3f\xfc\xf0\
\xc3\x0f\x3f\xfc\xf0\x27\xcd\xdf\x78\xc1\xed\x37\x19\x4a\xff\x27\
\x51\xfa\x8f\x00\x80\x00\x80\x45\x69\x05\x18\xe1\xd3\x0a\x30\x25\
\x68\x2b\xc0\x80\x91\x75\x47\xe4\x56\x3e\xf1\x4c\xd1\x8a\x6b\xc2\
\x5f\x6f\x5d\x32\x66\x5b\xc2\x65\xea\x09\x83\x1f\x7e\xf8\xe1\x87\
\x1f\x7e\xf8\xe1\x87\x1f\xfe\x14\xf9\x73\xab\x9e\x78\x46\xc4\xe0\
\x21\x53\xff\xa7\xf8\x94\xfe\x8f\xa0\xf4\x1f\x01\x00\x01\x00\x11\
\xc0\xb6\x15\xc0\x77\x2b\xc0\xa8\xfd\x4f\x3d\xad\xb9\xb5\xf3\xad\
\x28\x17\xc8\xdc\xba\xce\x1d\x8f\xea\x9f\x83\x15\xd1\xce\x1d\x8f\
\x51\xbe\x3e\x6e\xc9\x98\xe9\xfd\x19\x6f\x30\xf0\xc3\x0f\x3f\xfc\
\xf0\xc3\x0f\x3f\xfc\xf0\xc3\x9f\x16\xff\xba\xce\xb7\x44\xec\x1d\
\x61\xea\x3f\xa5\xff\x08\x00\x08\x00\x58\x62\x5b\x01\xf6\x70\x7d\
\x2f\xa5\x15\xe0\xa0\xba\x33\xaf\xff\x4a\x12\x43\x58\x62\x2b\xbe\
\xb6\x3d\x56\x26\xb7\xed\x19\x83\x1f\x7e\xf8\xe1\x87\x1f\x7e\xf8\
\xe1\x87\x1f\xfe\x94\xf8\xeb\x3e\xf5\xbd\x2f\xcb\xbe\x7f\xaf\xf4\
\x7f\x2f\x19\x9b\x33\xf5\x1f\x01\x00\x01\x00\x4b\xbc\x15\x40\x4c\
\x12\xdd\x45\x6b\x05\xd8\x57\x96\x1f\x1d\x9c\xb9\xfc\x77\x0f\x16\
\x28\x96\x8a\x8a\x19\xa5\x64\x2a\x76\x0f\x58\xc2\x0a\xb2\xfe\x7a\
\x3d\xcf\x13\xcc\x07\x3f\xfc\xf0\xc3\x0f\x3f\xfc\xf0\xc3\x0f\x3f\
\xfc\x69\xf0\x8b\x58\x5b\xf6\xfd\x2f\x96\x31\xb8\x5a\xfa\xbf\x4b\
\xc0\xd4\x7f\x4a\xff\x11\x00\x10\x00\xb0\xd0\x2a\x80\xa0\x56\x80\
\x06\xad\x15\x60\xb6\xeb\xf3\x5c\x5f\xe4\x78\xab\x01\xa7\xef\xf7\
\xbe\xe6\xb5\x6d\xaf\xc6\xda\xab\x1a\x73\xad\x8a\xfd\x05\x55\x2b\
\xc9\xb2\xbc\x60\x5b\x2b\xb8\xf0\xc3\x0f\x3f\xfc\xf0\xc3\x0f\x3f\
\xfc\xf0\xc3\x6f\xcb\xe7\xc6\xd8\x22\xd6\x76\x7a\x57\xfe\x2d\x92\
\xb1\xf8\x6c\xad\xf4\xbf\xc1\xb2\xf4\x1f\x01\x00\x01\x00\x01\x00\
\x11\xc0\xd8\x0a\x30\x4d\x6b\x05\xd8\xb1\x1a\x70\xc2\x07\x56\x5e\
\xac\x5e\x70\x75\xb7\xbd\x00\x1b\xa7\xb2\x9a\x14\x5f\xfd\x82\x6e\
\xec\xd1\x8a\xb7\x97\x55\x7f\xbf\xf0\xc3\x0f\x3f\xfc\xf0\xc3\x0f\
\x3f\xfc\xf0\xc3\x1f\x97\x5f\xc4\xd8\x4e\xfe\xca\x3f\xb5\xf4\x7f\
\x1a\xa5\xff\x08\x00\x08\x00\x58\x52\xad\x00\xc3\x95\x56\x80\x3a\
\xd7\x33\x4a\x2b\xc0\x2c\x27\x7f\x35\x60\x77\x2b\x40\xe3\x05\x77\
\xfe\x77\x54\x05\xb4\xe0\x02\x67\xe8\x91\xb2\x56\x6c\x8d\x3d\x5a\
\x86\xe7\x4b\x5a\xb1\x86\x1f\x7e\xf8\xe1\x87\x1f\x7e\xf8\xe1\x87\
\x1f\x7e\x0b\xfe\x86\x0b\x7f\x7e\xab\x52\xfa\xaf\xae\xfc\x9b\xa5\
\x94\xfe\x67\x64\xac\xee\x95\xfe\x0f\xa7\xf4\x1f\x01\x00\x01\x00\
\x8b\xdb\x0a\x30\x41\x96\x15\xe5\x9c\x9e\xf5\x22\x6a\x2b\x80\xb7\
\x1a\xf0\xc0\xc1\x13\x9a\x8e\xcc\xad\x7c\xe2\x0f\xc9\xf4\x44\x59\
\x2a\xba\x06\xb7\xbd\xe0\x9a\x86\xba\xa4\xdf\x13\x06\x3f\xfc\xf0\
\xc3\x0f\x3f\xfc\xf0\xc3\x0f\x7f\x7f\xe5\xcf\xae\x7c\xfc\x0f\x22\
\xb6\x56\x4a\xff\x17\x6a\xa5\xff\x53\x64\x6c\xde\x20\x63\x75\x4a\
\xff\x11\x00\x10\x00\xb0\x44\x5a\x01\x46\xba\x3e\x56\x96\x15\x35\
\x2a\xad\x00\x33\x1d\xbf\xd5\x80\x4b\x3e\xf9\x89\xe6\x75\x9d\x6f\
\xc6\x9e\x8a\x6a\xdd\xf3\x95\x7f\xc1\xd5\xdd\xbc\x76\x45\x2f\xe1\
\x0a\xbf\xc0\xdb\x4e\x8d\x85\x1f\x7e\xf8\xe1\x87\x1f\x7e\xf8\xe1\
\x87\x1f\xfe\x48\xfc\xad\x9d\x6f\x8a\x98\xda\xf1\x5f\xf9\x37\x53\
\x29\xfd\x6f\x94\x31\xfa\x58\x19\xb3\x53\xfa\x8f\x00\x80\x00\x80\
\x25\xd2\x0a\x30\x4a\x6b\x05\x98\xe4\xf4\xac\x1b\xd1\x5b\x01\xba\
\x57\x03\xd6\x9c\xf6\xf5\x16\x93\x02\x6a\x7b\xc1\xb5\x56\x70\xe3\
\x0e\x61\x89\xa9\x28\xc3\x0f\x3f\xfc\xf0\xc3\x0f\x3f\xfc\xf0\xc3\
\x0f\x7f\x31\xfc\x22\x96\x76\xf2\x57\xfe\xa9\xa5\xff\xd3\x65\x2c\
\xae\x96\xfe\x8f\xa2\xf4\x1f\x01\x00\x01\x00\x2b\x46\x04\x88\xd2\
\x0a\xe0\xad\x06\x14\x65\x47\xbb\x3a\x01\xab\x01\x1b\x2f\xfc\xf9\
\xad\x56\x7b\x56\xad\x2f\xc0\x76\x25\x62\x89\x7f\x7d\xcc\xf7\x0f\
\x3f\xfc\xf0\xc3\x0f\x3f\xfc\xf0\xc3\x0f\x3f\xfc\xfa\xff\x6f\xcc\
\xef\xfb\xd7\x57\xfe\xed\x2a\x63\x70\x6f\xe5\x9f\x4d\xe9\x3f\x86\
\x00\x80\x00\x80\x45\x6e\x05\x18\xaa\xb4\x02\xd4\xc8\x72\xa3\x66\
\xa7\x77\x35\xe0\x1c\x47\x5b\x0d\x38\x70\xd8\xd8\xc3\xb2\xcb\x1f\
\xd9\x10\xbd\x64\x4b\x55\x41\xed\x15\x55\xa3\x42\x1b\x73\x0d\x8c\
\x79\x6a\xab\xdd\xde\x59\xf8\xe1\x87\x1f\x7e\xf8\xe1\x87\x1f\x7e\
\xf8\xe1\x57\xf9\x45\xec\x2c\x62\x68\xa7\x70\xe5\xdf\x1c\x27\x7f\
\xe5\x5f\xa3\x8c\xc9\xbd\xd2\xff\xa1\x94\xfe\x23\x00\x20\x00\x60\
\x49\x8a\x00\x43\x9c\xe0\xd5\x80\xa2\x0c\xc9\x77\x35\xe0\xf0\xdd\
\x0e\xfe\x40\x6e\xcd\xc6\x57\x8a\x1a\xe2\x62\x3d\x55\x35\xde\xd0\
\x98\xe4\x87\xce\xc4\x7c\x3e\xf8\xe1\x87\x1f\x7e\xf8\xe1\x87\x1f\
\x7e\xf8\xfb\x0f\xff\x9a\x4d\xaf\x88\xd8\xd9\x09\x5e\xf9\x37\xdd\
\x09\x5e\xf9\x37\x84\xe4\x1f\x01\x00\x01\x00\x8b\xdb\x0a\xb0\x93\
\xd6\x0a\xa0\xaf\x06\xac\x77\x82\x57\x03\xee\x2b\x7b\x96\x0e\x1e\
\x7b\xec\x17\xce\xc9\xad\xdb\xbc\xd5\xbe\x47\xca\xa0\x10\x5b\xee\
\x85\x4d\x5e\x61\xb6\xeb\xf1\x82\x1f\x7e\xf8\xe1\x87\x1f\x7e\xf8\
\xe1\x87\x1f\xfe\x80\xff\xbf\x55\xc4\xcc\xb2\xf4\xff\x00\x19\x4b\
\x07\xad\xfc\xab\x77\x82\x57\xfe\x0d\x54\xe2\x78\x92\x7f\x04\x00\
\x04\x00\xac\xe8\x2a\x80\xa2\x57\x03\xba\xbe\xa4\xee\x53\xd7\x7f\
\x2d\xae\xa2\x9a\xb6\x62\x5b\xee\x9e\x33\xf8\xe1\x87\x1f\x7e\xf8\
\xe1\x87\x1f\x7e\xf8\xfb\x27\x7f\xbd\x1b\x2b\x8b\x98\xd9\x61\xe5\
\x1f\x02\x00\x02\x00\x02\x40\x05\xce\x03\xb0\x5e\x0d\x28\x2e\x68\
\x4d\x97\xdc\xf7\xeb\x70\x85\x57\x5b\xdb\x62\xbb\x57\xd5\x5a\xa1\
\xb5\x7b\xfd\xb8\xcf\x1f\xf7\xf5\xe1\x87\x1f\x7e\xf8\xe1\x87\x1f\
\x7e\xf8\xe1\xaf\x3e\xfe\xa6\x4b\xee\xf9\xb5\x92\xfc\xb3\xf2\x0f\
\x01\x00\x01\x00\x01\xa0\x62\x44\x80\xa8\xab\x01\xd5\x79\x00\x3b\
\x56\x03\x0e\xae\x9d\x78\x4c\x6e\xe5\x13\xcf\x45\x5e\xeb\x12\xfb\
\x82\x1e\x5e\xf2\x15\x77\xcd\x4b\x7c\x45\x19\x7e\xf8\xe1\x87\x1f\
\x7e\xf8\xe1\x87\x1f\xfe\xfe\xcc\x2f\x62\x63\x11\x23\x3b\xf9\x2b\
\xff\xf4\xbe\x7f\x56\xfe\x21\x00\x20\x00\x20\x00\x94\x7c\x1e\x40\
\x58\x2b\x80\x37\x0f\x20\xab\xcc\x03\xf0\x56\x03\x7a\xf3\x00\x16\
\x8b\x9e\xa6\x11\x0b\xdf\xff\xd1\xdc\x9a\xb6\x7f\xe7\x5a\xe5\xc5\
\xba\x35\x44\x61\x55\xbe\x26\xca\xd7\xc7\x2d\xe1\x32\xbd\x5e\x6c\
\xc5\xd8\x92\x07\x7e\xf8\xe1\x87\x1f\x7e\xf8\xe1\x87\x1f\xfe\x2a\
\xe6\x5f\xdb\xfe\x6f\x11\x1b\x3b\xf9\x2b\xff\x16\x38\xbd\x2b\xff\
\xbc\xbe\xff\xac\xd2\xf7\xcf\xca\x3f\x04\x00\x04\x00\x04\x80\xb2\
\xb5\x02\x78\xab\x01\xc5\x85\xa8\x26\xc2\x3c\x00\x71\x61\x5b\x32\
\xfe\xa4\x96\x2f\xe6\xd6\x6f\xde\x9e\x76\x89\x55\xb9\x7b\xc8\xca\
\x5d\x62\x06\x3f\xfc\xf0\xc3\x0f\x3f\xfc\xf0\xc3\x0f\x7f\x85\xf2\
\xaf\x7f\x66\xbb\x88\x89\x65\xe9\xff\xe2\x08\x7d\xff\x35\x32\xe6\
\x66\xe5\x1f\x02\x00\x02\x00\x02\x40\xd9\x44\x80\xb0\xd5\x80\x7e\
\xf3\x00\x76\x0c\x05\x6c\x38\xe7\xa7\xd7\xdb\x2a\xbe\xd6\x0a\x6d\
\xab\xf2\x58\x84\x82\x6c\xfb\x7c\x71\x15\x6b\xf8\xe1\x87\x1f\x7e\
\xf8\xe1\x87\x1f\x7e\xf8\xfb\x07\xbf\x88\x85\xb5\xa1\x7f\x41\x7d\
\xff\xac\xfc\x43\x00\x40\x00\x40\x00\x28\x6b\x2b\x80\x69\x35\x60\
\xd8\x3c\x00\x6f\x28\xe0\x41\x03\x07\x0f\x3e\x34\x73\xd9\x03\x0f\
\x25\xa9\xe8\xc6\x2d\xf9\xca\xbb\xc8\x97\x61\x6a\x2d\xfc\xf0\xc3\
\x0f\x3f\xfc\xf0\xc3\x0f\x3f\xfc\xd5\xcf\x2f\x62\x60\x11\x0b\xcb\
\xbe\x7f\x6f\xe8\x9f\xa9\xef\x7f\xb4\xc3\xca\x3f\x04\x00\x04\x00\
\x04\x80\x32\x57\x01\x04\xad\x06\xd4\xe7\x01\x88\xdd\xa5\x7b\xca\
\x9e\x26\x6f\x28\xe0\xc1\x43\x72\xb3\x8f\xcf\xb5\x3c\xfd\x7c\xa9\
\x14\xdf\xd8\x3d\x60\x86\x1b\x86\xfe\xfa\xa6\x1b\x4a\xa9\x15\x6f\
\xf8\xe1\x87\x1f\x7e\xf8\xe1\x87\x1f\x7e\xf8\xcb\xcb\x9f\x5d\xf5\
\xd4\xf3\x22\x06\x96\x7d\xff\xde\xd0\xbf\x05\x32\x56\x9e\xe5\xd3\
\xf7\xcf\xca\x3f\x04\x00\x04\x00\x04\x80\x8a\x9c\x07\x30\xcc\x62\
\x1e\xc0\x8e\xa1\x80\x63\x0e\xfa\xe4\x19\xb9\xd6\x8e\x37\xcb\x32\
\x14\x26\xe1\xe7\x4b\xfb\xf5\xe1\x87\x1f\x7e\xf8\xe1\x87\x1f\x7e\
\xf8\xe1\xef\xc3\xfc\xad\x9d\x6f\x8e\x72\x63\x5f\x6d\xe8\x5f\xd4\
\xbe\x7f\x56\xfe\x21\x00\x20\x00\x20\x00\x54\xfc\x3c\x80\x46\x9f\
\x79\x00\xe2\x02\xb7\x48\x9d\x07\x50\x73\xea\xd5\xab\x8b\xbb\x40\
\x77\x2a\x8f\x9e\xca\x5a\xbc\xe2\x6c\x7b\xc3\xd0\xdd\x56\x31\x8e\
\x3f\x35\x17\x7e\xf8\xe1\x87\x1f\x7e\xf8\xe1\x87\x1f\xfe\xbe\xc2\
\x5f\x73\xea\x7f\xad\xd6\xfa\xfe\x17\xc9\xd8\x58\xef\xfb\x6f\xa4\
\xef\x1f\x01\x00\x01\x00\x01\xa0\x12\x05\x80\xa8\xf3\x00\x26\x86\
\xcc\x03\xe8\x16\x01\x1a\x2f\xfc\xf9\xad\x71\xa7\xb4\x5a\x5f\xa0\
\x0d\x25\x64\xa6\xff\xaf\xdf\x80\xf2\xff\x2e\x01\xc5\x1b\x7e\xf8\
\xe1\x87\x1f\x7e\xf8\xe1\x87\x1f\xfe\xaa\xe0\x6f\x38\xff\xe7\xb7\
\x2a\xc9\x7f\x50\xdf\xff\xc4\x22\xfb\xfe\x11\x00\x10\x00\x10\x00\
\xb0\xb2\xcf\x03\xf0\x44\x80\x7a\x79\x21\x0b\x9b\x07\x70\xd0\xc0\
\x61\x63\x0f\xcf\x5c\xf1\xd0\x53\x36\x8a\xaa\x59\xc1\xb5\xbb\x40\
\xa7\xad\x00\x1b\x15\xe2\x98\xcf\x07\x3f\xfc\xf0\xc3\x0f\x3f\xfc\
\xf0\xc3\x0f\x7f\xe5\xf1\x8b\x18\x57\xc4\xba\x72\xe8\x5f\x58\xdf\
\x7f\x46\xc6\xce\x5e\xf2\x4f\xdf\x3f\x02\x00\x02\x00\x02\x40\x9f\
\x98\x07\xa0\x0f\x05\x54\xe7\x01\xec\xea\xfa\xee\xae\xcf\x95\x17\
\xbe\x1d\xf3\x00\x86\x4c\x9a\xf7\xde\xdc\xaa\xa7\xfe\x12\xf5\x82\
\xde\x73\x51\xed\x2c\xbe\x24\x2b\xf1\x1b\x4e\xda\x3d\x66\xf0\xc3\
\x0f\x3f\xfc\xf0\xc3\x0f\x3f\xfc\xf0\xf7\x25\x7e\x11\xdb\x8a\x18\
\x57\xeb\xfb\x5f\x20\x63\xe1\xdd\x65\x6c\xac\xf6\xfd\xeb\x43\xff\
\xe8\xfb\x47\x00\x40\x00\x40\x00\xe8\x53\x43\x01\xc7\xca\x01\x26\
\xa2\x97\xa9\xd9\xf5\xa9\x3e\x43\x01\xf7\xf3\x44\x80\x11\xf3\x4f\
\xf8\x68\x6e\xcd\xa6\xd7\x92\xb8\x20\xc7\x9d\x32\x9b\xf8\x9e\x5a\
\xc3\x0d\x28\xe9\x1b\x12\xfc\xf0\xc3\x0f\x3f\xfc\xf0\xc3\x0f\x3f\
\xfc\x65\x7c\xbe\xb5\x6d\xaf\x89\xd8\x56\x49\xfe\xf7\xf3\x19\xfa\
\x37\x55\xc6\xc8\x8d\x32\x66\x1e\xcb\xd0\x3f\x04\x00\x04\x00\x04\
\x80\x4a\x17\x01\x76\x52\x44\x00\x7d\x1e\x80\x3a\x14\xb0\xc9\x67\
\x28\xe0\x7c\x7d\x28\xe0\xd8\x23\x3f\x7f\x76\xf3\xda\x8e\xb7\xe2\
\xde\x60\x4a\x3d\xe4\xa5\xd2\x6e\xb0\xf0\xc3\x0f\x3f\xfc\xf0\xc3\
\x0f\x3f\xfc\xf0\x97\x87\x5f\xc4\xb2\x22\xa6\xf5\x19\xfa\x37\xdf\
\x67\xe8\x5f\x93\x36\xf4\x4f\xef\xfb\x1f\xe0\xd3\xf7\x8f\x21\x00\
\x20\x00\x60\x15\x39\x0f\xc0\x6f\x28\xe0\x24\xd3\x50\xc0\x09\x1f\
\xba\x72\x79\x6e\xdd\xe6\xed\x36\x17\x64\xeb\x12\x31\xe5\xb1\x59\
\xfb\x3b\xf5\xff\x06\xf5\x90\xa5\x7d\xc3\xb2\xbd\x21\xc1\x0f\x3f\
\xfc\xf0\xc3\x0f\x3f\xfc\xf0\xc3\x5f\x01\xfc\xeb\x9f\xd9\x3e\xe1\
\x43\xeb\x96\x47\x18\xfa\x37\x29\x60\xe8\x1f\x7d\xff\x08\x00\x08\
\x00\x08\x00\x7d\xb2\x15\x60\xb0\xcf\x3c\x00\x31\xd8\x24\x6b\x1a\
\x0a\xe8\xfa\x21\xf5\x9f\xbd\xe1\x1b\xa5\x2c\xf1\x8a\xab\x08\x1b\
\xdf\x9f\x76\xc3\x91\xfb\x60\x2b\xa6\xc4\x0d\x7e\xf8\xe1\x87\x1f\
\x7e\xf8\xe1\x87\x1f\xfe\xf8\xfc\x22\x86\x15\xb1\x6c\x84\xa1\x7f\
\x59\x19\x1b\xeb\x7d\xff\x83\x29\xfd\x47\x00\x40\x00\x40\x00\xa8\
\x86\x79\x00\x63\x64\x6f\x53\xd0\x50\xc0\x85\xea\x50\x40\x71\xe1\
\x6c\xbc\xf0\x17\xb7\x25\x76\x43\x31\x28\xbe\xb1\x6f\x70\xa5\x9e\
\x82\x0b\x3f\xfc\xf0\xc3\x0f\x3f\xfc\xf0\xc3\x0f\x7f\x45\xf1\x8b\
\xd8\x55\x26\xff\xea\xd0\xbf\x85\x21\x43\xff\x6a\x64\x8c\x4c\xdf\
\x3f\x02\x00\x02\x00\x02\x40\xd5\x0e\x05\xac\x8d\x3a\x14\x70\xe0\
\xb0\x91\x87\x67\x2e\x7b\xe0\xa1\x54\x4a\xc6\xd4\x9b\x46\x11\x37\
\x10\x6b\x05\x5b\x7b\xbd\xc2\x92\xb3\x64\x6f\xb8\xf0\xc3\x0f\x3f\
\xfc\xf0\xc3\x0f\x3f\xfc\xf0\x97\x8e\x5f\xc4\xac\x22\x76\xb5\x18\
\xfa\x57\xcb\xd0\x3f\x04\x00\x04\x00\x04\x80\x6a\x11\x00\x76\xd2\
\xe6\x01\x14\x3d\x14\x70\x50\xc3\xf4\xe3\xb2\x2b\x1e\x7b\xc6\xd8\
\xb3\x15\xf3\x06\x55\xf2\x29\xb6\xad\x9b\x77\x3c\xaa\x7f\x2e\xba\
\x67\x0d\x7e\xf8\xe1\x87\x1f\x7e\xf8\xe1\x87\x1f\xfe\xb2\xf0\x8b\
\x58\x55\xc4\xac\x09\x0d\xfd\x1b\xe8\x33\xf4\x0f\x01\x00\x01\x00\
\x01\x00\x01\xa0\x4f\x0e\x05\x1c\x51\xcc\x50\xc0\x61\x33\x97\x9c\
\x9c\x5b\xbd\xf1\x25\xab\x1e\xaf\x56\xe5\x31\xc2\x0d\x26\xae\x62\
\x9c\x7a\x0f\x9d\x6d\x8f\x1b\xfc\xf0\xc3\x0f\x3f\xfc\xf0\xc3\x0f\
\x3f\xfc\xa9\xf3\x8b\x18\x75\xd8\xac\x25\x27\x17\x39\xf4\x6f\x04\
\x43\xff\x10\x00\x10\x00\x10\x00\xaa\xb9\x15\x20\xea\x50\x40\x55\
\x04\x10\x03\x54\x96\x8c\x5a\xfc\xf1\x33\x9a\xd7\x74\xbc\x5e\xae\
\x12\x30\x5b\xb7\x55\xa4\x0b\xff\x7f\xb8\x42\x0e\x3f\xfc\xf0\xc3\
\x0f\x3f\xfc\xf0\xc3\x0f\x7f\x99\xf9\xd7\xb4\xbd\x2e\x62\x54\x99\
\xfc\x1f\xa4\x25\xff\x51\x87\xfe\x51\xfa\x8f\x00\x80\x00\x80\x00\
\xd0\x2f\xe6\x01\x04\x0d\x05\x9c\x25\x07\xa5\x14\x6c\x06\x98\x70\
\xe2\xb2\x8b\x72\xeb\x36\x6f\xf5\xbb\x41\x34\xef\xf8\x73\xb4\x1e\
\xb3\xa4\x6f\x40\x05\x6e\xea\x79\x8b\x79\x83\x83\x1f\x7e\xf8\xe1\
\x87\x1f\x7e\xf8\xe1\x87\xbf\x8c\xfc\xeb\x9f\xd9\x2a\x62\x53\xc7\
\x7f\xe2\xff\x5c\x19\xd3\x32\xf4\x0f\x01\x00\x01\x00\x01\xa0\x5f\
\x89\x00\x3b\x29\x22\xc0\xbb\xe5\x05\x6e\x88\x93\x3f\x14\x50\x5c\
\x08\xbd\xa1\x80\xe2\x02\x29\x06\xa4\xe8\x9b\x01\xc4\x05\xb5\x7b\
\x33\x40\xed\x27\xbe\x79\x55\x32\x0a\x75\xb2\x0a\x73\xfc\x9e\x38\
\xd3\x5e\xda\x84\xdf\x0f\xfc\xf0\xc3\x0f\x3f\xfc\xf0\xc3\x0f\x3f\
\xfc\x45\xf3\xd7\x9e\xfe\xcd\xab\x9c\xde\x89\xff\x07\x38\x85\x13\
\xff\x67\xc8\xd8\xb6\x59\xc6\xba\x35\x4e\xfe\xd0\xbf\x21\x32\x36\
\x7e\xb7\x92\xfc\xef\x44\xf2\x8f\x00\x80\x00\x80\x00\x50\x0d\x55\
\x00\x51\x87\x02\x8a\x0b\xa4\xdf\x66\x00\x75\x3d\xe0\xa1\x0d\xe7\
\xdc\xfa\x63\x53\x89\x59\xa1\x22\x1d\xde\x13\x66\x1e\x32\x13\xae\
\x38\xc7\x5d\x43\x53\xc0\x93\xf7\x1a\xe6\xf7\x0b\x3f\xfc\xf0\xc3\
\x0f\x3f\xfc\xf0\xc3\x0f\x7f\x69\xf8\x1b\xdd\x58\x54\xc4\xa4\x4e\
\xe1\xba\x3f\xbf\x89\xff\x0c\xfd\x43\x00\x40\x00\x40\x00\xe8\xd7\
\xad\x00\xea\x50\x40\x71\x01\x1c\xed\xf4\x0e\x05\xf4\xdb\x0c\x20\
\x2e\xa4\xde\x66\x80\x6e\x11\x60\xe0\xc0\x81\x87\x36\x5d\x72\xcf\
\x7d\xcd\x16\x3d\x68\xd6\x7b\x5f\x2d\x87\xc8\xc4\x7d\x3d\x73\x49\
\x9a\xe5\xf3\xc3\x0f\x3f\xfc\xf0\xc3\x0f\x3f\xfc\xf0\xc3\x9f\x38\
\x7f\xd3\x25\xf7\xde\x2b\x62\x51\x27\x7f\xdd\xdf\x22\x19\xb3\xce\
\x71\x0a\x27\xfe\xab\x43\xff\x86\x3b\x0c\xfd\x43\x00\x40\x00\x40\
\x00\xe8\xa7\xf3\x00\x6c\x36\x03\x88\x15\x2a\x7b\x3b\xca\x7a\xc0\
\xc1\x63\xea\x8e\xca\x2e\x7b\x78\x43\xf4\x1b\x94\xdd\xda\x19\xeb\
\x35\x34\x96\x37\x10\x6b\xc5\x3b\xf6\x0d\x1a\x7e\xf8\xe1\x87\x1f\
\x7e\xf8\xe1\x87\x1f\xfe\x38\xfc\x99\xa5\x0f\x6f\x10\x31\xa8\x93\
\xbf\xee\x6f\x6f\x19\xab\xda\x4c\xfc\xa7\xef\x1f\x01\x00\x01\x00\
\x01\xa0\x5f\x8a\x00\x41\x9b\x01\xc4\x05\x73\xb2\x63\x58\x0f\x38\
\x64\xca\x5e\xef\xcf\xad\x7a\xf2\xaf\x45\x95\x8c\x59\x7e\x7d\x5c\
\xc5\x39\xf5\xbd\xb7\xf0\xc3\x0f\x3f\xfc\xf0\xc3\x0f\x3f\xfc\xf0\
\xa7\xc6\x9f\x75\x63\x4e\x11\x7b\x3a\xe6\x75\x7f\x93\x65\x2c\xcb\
\xc4\x7f\x04\x00\x04\x00\x04\x80\x7e\x2f\x02\xec\xe4\x98\x37\x03\
\x88\x0b\xa5\x98\x92\x1a\x69\x3d\xe0\xc8\x79\xc7\x7d\x38\xbb\x7a\
\xc3\x4b\xc5\x0e\x83\x89\x3c\x14\x26\xf6\x5a\x1b\xbb\xff\x1f\x57\
\xb1\x86\x1f\x7e\xf8\xe1\x87\x1f\x7e\xf8\xe1\x87\x3f\x19\xfe\x9c\
\x1b\x6b\x8a\x98\xd3\x89\xbe\xee\xaf\x41\x49\xfe\xc3\x26\xfe\x33\
\xf4\x0f\x01\x00\x01\x00\x01\xa0\x5f\x54\x01\x44\xd9\x0c\xa0\xaf\
\x07\xdc\x5d\x5e\x60\x0b\xd6\x03\x8e\x58\x74\xd2\x69\xcd\xab\x37\
\xbe\x1a\xba\x06\xc6\xf6\x06\x67\x54\x88\x4d\xcf\x97\x72\xc9\x9d\
\xed\x1a\x1c\xf8\xe1\x87\x1f\x7e\xf8\xe1\x87\x1f\x7e\xf8\xed\xf9\
\x57\xb7\xbd\x2a\x62\x4d\xc7\x7f\xdd\xdf\x9e\x32\x46\xf5\x5b\xf7\
\x67\x33\xf1\x1f\x01\x00\x01\x00\x01\x00\x01\xa0\x5f\x88\x00\x41\
\x9b\x01\xc4\x05\x53\x4c\x4b\x0d\x5a\x0f\x28\x2e\xb8\xfb\xaa\x22\
\xc0\xa8\xc5\xa7\x9e\xd1\xbc\xa6\xed\x9f\x91\xa7\xd6\x1a\x6e\x70\
\x71\x4b\xd2\xcc\x25\x6b\xf9\x1e\xf7\x86\x65\x3d\xb5\x17\x7e\xf8\
\xe1\x87\x1f\x7e\xf8\xe1\x87\x1f\xfe\x70\x7e\x37\xb6\x14\x31\xa6\
\x96\xfc\xef\x2b\x63\xd1\xa0\x75\x7f\xb5\x32\x96\x65\xe2\x3f\x02\
\x00\x02\x00\x02\x00\x22\x80\x13\xbe\x19\xc0\x6f\x3d\xa0\x27\x02\
\x98\xd6\x03\x1e\x32\xfa\xd0\xcf\x7e\x26\xb7\xa6\xed\xf5\xa2\xca\
\xc0\xd6\x2a\x8f\x6b\xb5\xbf\x4b\x44\xd1\xb6\xbc\xa1\xad\xed\x7d\
\x4c\xe3\xfd\xc0\x0f\x3f\xfc\xf0\xc3\x0f\x3f\xfc\xf0\xc3\x1f\xc2\
\xef\xc6\x94\x22\xb6\x94\xc9\x7f\x94\x75\x7f\x5e\xf2\x1f\xb6\xee\
\x8f\xbe\x7f\x04\x00\x04\x00\x04\x00\x44\x00\x27\x7c\x3d\xa0\xb8\
\x90\x46\x5a\x0f\xe8\xfa\xa1\x63\x8f\xb9\xe0\x5c\xf7\xc6\xf1\xa6\
\x6d\x89\x97\xa9\x84\xcc\xd8\xd3\xa6\x2b\xca\x6b\x3b\x77\x3c\x26\
\x71\x03\x8b\x3b\x64\x07\x7e\xf8\xe1\x87\x1f\x7e\xf8\xe1\x87\x1f\
\xfe\xa8\xfc\x1d\x6f\x8a\x98\x52\xc4\x96\x4e\xf4\x75\x7f\xb5\x0e\
\xeb\xfe\x10\x00\x10\x00\x10\x00\x30\x2b\x11\xc0\xb4\x1e\x50\x17\
\x01\xe6\xfb\x89\x00\xe3\xde\x77\xd9\x45\xcd\x6b\x3b\xde\x0e\x53\
\x90\x6d\x7b\xd0\xe2\x4e\xcd\x35\x4e\xd5\xd5\x14\x68\x55\x05\x2f\
\x6a\x0a\xaf\x41\x41\x87\x1f\x7e\xf8\xe1\x87\x1f\x7e\xf8\xe1\x87\
\xbf\xf0\xf9\x9a\x5b\x3b\xde\x16\xb1\x64\x40\xf2\x3f\xdf\x27\xf9\
\x67\xdd\x1f\x02\x00\x02\x00\x02\x00\x16\x53\x04\xd0\xd7\x03\x8a\
\x0b\xaa\xb7\x1e\x50\xec\x55\x55\xd7\x03\x8a\x0b\xf1\xde\xf2\xc2\
\xdc\xbd\x1e\x50\x5c\xb0\xc7\x9f\xd4\xb2\xd4\xbd\xe0\x6f\x4d\xaa\
\xa7\x2c\xe9\x9e\x38\x53\x89\x9c\xf5\x50\x9b\x98\x8a\x3b\xfc\xf0\
\xc3\x0f\x3f\xfc\xf0\xc3\x0f\x3f\xfc\x9d\x5b\x6b\xdc\x18\x52\x26\
\xff\xde\xba\xbf\xfd\x64\xac\x39\xdf\xc9\x5f\xf7\x37\xc9\xe9\x5d\
\xf7\x37\xde\x61\xdd\x1f\x02\x00\x02\x00\x02\x00\x16\x59\x00\x88\
\x22\x02\x4c\x90\x17\x58\x6f\x3d\xa0\xb8\xf0\xce\x92\x17\xe2\xbd\
\xfc\x44\x80\x9a\x8f\x7c\xb9\xc5\xbd\xc8\x6f\xf3\x53\x84\x0b\x14\
\x66\xcb\x7f\x37\x29\xca\xa6\x1b\x94\x51\xe1\x36\xf4\xe4\x59\x4f\
\xd1\x85\x1f\x7e\xf8\xe1\x87\x1f\x7e\xf8\xe1\x87\x3f\x84\x6f\xf3\
\x36\x11\x3b\x06\x24\xff\x7b\xc9\x98\x73\x96\x8c\x41\xbd\x75\x7f\
\xf5\x4e\xef\xba\xbf\xa8\xc9\x3f\x02\x00\x02\x00\x02\x00\x02\x00\
\x22\x80\x93\xbf\x1e\x50\x15\x01\xfc\xd6\x03\x7a\x22\xc0\x2e\xf2\
\x42\xbc\xa7\x22\x02\xec\xaf\x8a\x00\xb5\xa7\x5d\x73\x65\x14\x05\
\x3a\xf6\x5e\x5c\x7d\xaa\xad\x71\x88\x8d\xed\x54\x5c\xd3\x0d\xad\
\xf7\x26\x5b\x4c\x4f\x1f\xfc\xf0\xc3\x0f\x3f\xfc\xf0\xc3\x0f\x7f\
\x7f\xe6\x17\x31\xa3\x96\xfc\xef\xaf\x24\xff\x7b\xca\x98\x73\x17\
\x25\xf9\xf7\x5b\xf7\xe7\x97\xfc\x73\xfa\x8f\x00\x80\x00\x80\x00\
\x80\x19\x44\x00\x7d\x33\x80\x9f\x08\x20\xf6\xac\x8a\x95\x2b\xbb\
\x2a\x22\xc0\x02\x1f\x11\xe0\xb0\xda\x33\xbe\x77\xb5\x49\x71\x36\
\xf6\x90\xe9\xae\x2b\xd2\x71\xa7\xe8\x9a\x7a\xe0\x4c\x0a\x76\xcc\
\x9e\x3a\xf8\xe1\x87\x1f\x7e\xf8\xe1\x87\x1f\xfe\xfe\xca\x5f\xef\
\xc6\x8a\x22\x66\xf4\x49\xfe\x17\x28\xc9\xff\xae\x32\xf6\xcc\x05\
\x24\xff\xac\xfb\x43\x00\x40\x00\x40\x00\xc0\x62\xce\x03\xf0\x5b\
\x0f\x28\x2e\xb4\xde\x7a\x40\x55\x04\xd8\x5d\x11\x01\xf6\x91\x17\
\xee\x83\x3c\x11\xa0\xe1\xb3\x37\x7e\xdb\xa6\xa4\x2d\xee\x5e\x5b\
\x6b\x45\x3b\xe1\x3d\xb8\xb6\x37\x54\xf8\xe1\x87\x1f\x7e\xf8\xe1\
\x87\x1f\xfe\xfe\xc8\x2f\x62\x44\x25\xf9\x3f\x48\xc6\x90\xfb\x28\
\xc9\xff\xee\x5a\xf2\xef\xad\xfb\x1b\xeb\xb0\xee\x0f\x01\x00\x01\
\x00\x01\x00\x2b\x89\x08\x30\x4e\x11\x01\x9a\x35\x11\x60\xae\x22\
\x02\x1c\x90\x27\x02\x9c\xf3\xd3\x1f\x27\xd5\x23\x67\x54\xc0\x35\
\x8f\xfb\x7c\xc6\xff\x6f\x52\xe8\x13\xee\x11\x84\x1f\x7e\xf8\xe1\
\x87\x1f\x7e\xf8\xe1\xef\xeb\xfc\x0d\x67\xff\xf4\xc7\x5a\xf2\x7f\
\x80\x92\xfc\xcf\xd5\x92\xff\x66\x25\xf9\x1f\x47\xf2\x8f\x00\x80\
\x00\x80\x00\x80\xa5\x2f\x02\x0c\x95\x17\xda\xd1\x8a\x08\xd0\x24\
\x2f\xc8\x53\x5d\x9f\x61\x12\x01\x1a\xcf\xbf\xe3\xd6\xe2\x86\xda\
\xc4\x9b\x7a\x6b\xbb\xa6\x26\xee\xd7\x1b\x15\x79\xf8\xe1\x87\x1f\
\x7e\xf8\xe1\x87\x1f\xfe\x7e\xcc\xdf\x70\xde\x1d\xb7\x46\x48\xfe\
\x67\xc8\x18\xb3\x59\xc6\x9c\x5e\xf2\x3f\x5a\xc6\xa4\x43\x49\xfe\
\x11\x00\x10\x00\x10\x00\xb0\x74\x44\x80\x41\x8a\x08\x30\x42\x5e\
\x78\xc7\x2b\x22\xc0\x44\x45\x04\x98\x1d\x20\x02\x1c\x32\x70\xe0\
\xc0\xc3\x9a\x2e\xbc\xeb\x4e\x53\x8f\x5a\xc1\x10\x99\xb8\x3d\x71\
\x26\x45\x3c\xee\x5e\x5c\xd3\xd4\x5c\xcb\x1e\x3d\xf8\xe1\x87\x1f\
\x7e\xf8\xe1\x87\x1f\xfe\x6a\xe5\x6f\xfa\xc2\x5d\x77\x8a\x98\x50\
\xc4\x86\x01\xc9\xff\x6c\x25\xf9\x9f\xa8\x24\xff\xe3\x65\x0c\x3a\
\x42\x49\xfe\x59\xf7\x87\x00\x80\x00\x80\x00\x80\x95\x58\x04\xa8\
\x53\x44\x80\x69\x8a\x08\x30\xcf\xf5\x85\xae\xef\xab\x8a\x00\x03\
\x06\x0f\x3d\xa2\xe9\xe2\x7b\xef\x0d\xbd\xa1\x59\xde\xb0\x92\x9e\
\x8a\x6b\x3d\xe5\xd6\x70\x83\xb6\x2e\xa1\x83\x1f\x7e\xf8\xe1\x87\
\x1f\x7e\xf8\xe1\xaf\x42\xfe\xcc\x25\xf7\xde\x2b\x62\x41\x2d\xf9\
\xdf\x57\xc6\x8c\xf3\x94\xe4\x7f\x9a\x92\xfc\xd7\x91\xfc\x23\x00\
\x20\x00\x20\x00\x60\xa5\x13\x00\xfc\xd6\x03\xc6\x13\x01\x86\x8e\
\x39\x32\x73\xe9\x6f\x7f\x17\x79\x4d\x4c\xcc\x1e\xb7\xd8\x3d\x6c\
\x46\x05\xdf\xae\xa7\xcf\x34\xa4\x07\x7e\xf8\xe1\x87\x1f\x7e\xf8\
\xe1\x87\xbf\xda\xf8\x45\xec\x27\x62\xc0\x04\x92\x7f\xd6\xfd\x21\
\x00\x20\x00\x20\x00\x60\x65\x14\x01\xc6\x28\x22\x40\x46\x11\x01\
\x66\x9a\x44\x00\x51\x09\x90\xc8\x94\x5c\xcb\x1b\x5a\xec\x21\x3c\
\x26\x4f\x79\x48\x0f\xfc\xf0\xc3\x0f\x3f\xfc\xf0\xc3\x0f\x7f\x5f\
\xe2\x17\x31\x5f\x84\xe4\x7f\xa6\x92\xfc\x67\x94\xe4\x7f\x0c\xc9\
\x3f\x02\x00\x02\x00\x02\x00\x56\x99\x22\x40\xbd\x8f\x08\x30\x47\
\x13\x01\x16\xbb\x7e\xf0\x8e\x76\x00\xdf\x99\x00\xb6\x37\xa8\x8e\
\x1d\x8f\xea\x9f\x13\x2b\xb9\xb3\x55\xf4\x63\x4e\xf5\x85\x1f\x7e\
\xf8\xe1\x87\x1f\x7e\xf8\xe1\xaf\x16\xfe\xee\x9e\xff\xc1\x83\x0f\
\x97\xc9\xff\xc1\x32\x16\x54\x93\xff\x39\x3e\xc9\x7f\x3d\xc9\x3f\
\x86\x00\x80\x00\x80\x55\xa6\x08\x30\x4c\x11\x01\x26\x28\x22\xc0\
\x24\xd7\xa7\x9b\x44\x00\x31\x04\x46\x4c\x82\x6d\x4e\xb3\xc4\x2d\
\x69\x05\xdc\x76\x6d\x8e\xed\x54\x5e\xf8\xe1\x87\x1f\x7e\xf8\xe1\
\x87\x1f\xfe\x2a\xe0\x17\x1b\xa0\x94\x81\x7f\x61\xc9\xff\x74\x19\
\x3b\x7a\xc9\xff\x04\x25\xf9\x1f\x46\xf2\x8f\x00\x80\x00\x80\x00\
\x80\x95\x57\x04\xf0\xd6\x03\xaa\x22\xc0\xc8\x88\x22\xc0\x22\x5d\
\x04\x70\xfd\x30\xb1\x0b\xd6\x53\xb0\x7b\x6e\x24\x1d\xe9\x0d\xd1\
\x31\xde\xd0\x3a\x7a\x1f\x53\x78\x3f\x85\xae\xbe\x06\xfc\xf0\xc3\
\x0f\x3f\xfc\xf0\xc3\x0f\x7f\xdf\xe7\x17\xb1\x9d\xd3\xb3\xea\x4f\
\x4f\xfe\x17\x45\x4c\xfe\x47\x6a\xc9\xbf\xb7\xee\x8f\xe4\x1f\x01\
\x00\x01\x00\x01\x00\x2b\xb1\x08\x30\x40\x11\x01\x06\x47\x14\x01\
\x76\xd3\x44\x80\xfd\x74\x11\xa0\xfe\x33\x3f\xfa\x4e\x32\x3d\x6d\
\xf9\x25\x71\x71\x6f\x60\x69\x2b\xf0\xc6\xa9\xbd\xf0\xc3\x0f\x3f\
\xfc\xf0\xc3\x0f\x3f\xfc\x7d\x88\x5f\xc4\x74\x3e\xc9\xff\x7e\x5a\
\xf2\xbf\x5b\xc4\xe4\x7f\xb0\x92\xfc\x33\xf1\x1f\x01\x00\x01\x00\
\x01\x00\xab\x10\x11\x60\x48\x80\x08\x90\xf5\x11\x01\xe6\x07\x89\
\x00\xb5\x67\x7c\xef\x6a\xdb\x1e\xb3\xd8\x0a\xb8\xa6\xc0\xdb\xf6\
\xd0\x25\x7d\x22\x00\x3f\xfc\xf0\xc3\x0f\x3f\xfc\xf0\xc3\xdf\x57\
\xf9\x45\x2c\x17\x92\xfc\xcf\xf7\x49\xfe\xb3\x01\xc9\xff\x10\x92\
\x7f\x0c\x01\x00\x01\x00\xeb\x7b\x22\x40\x83\x8f\x08\xb0\x47\xa8\
\x08\x70\xea\xd7\xaf\xca\xad\xdd\xbc\xad\x54\x6b\x6f\xe2\x7f\x7d\
\xb2\x8a\x7b\xd2\x43\x7a\xe0\x87\x1f\x7e\xf8\xe1\x87\x1f\x7e\xf8\
\xd3\xe7\xdf\xbc\x4d\xc4\x70\x86\xe4\x7f\x0f\x9f\xe4\xbf\x81\xe4\
\x1f\x43\x00\x40\x00\xc0\xaa\x43\x04\x18\xab\x89\x00\x93\xa3\x8a\
\x00\x35\xff\xef\xaa\x16\xf7\x26\xb3\x35\x4a\x8f\x5c\xdc\x1b\xb4\
\x6d\x4f\x5e\xf2\x37\x68\xd3\xfb\x83\x1f\x7e\xf8\xe1\x87\x1f\x7e\
\xf8\xe1\xaf\x68\xfe\xad\x22\x76\xb3\x48\xfe\x27\x6b\xc9\xff\x58\
\x92\x7f\x0c\x01\x00\x01\x00\xab\x1e\x11\xa0\xa6\x28\x11\xe0\xa4\
\x96\xa5\x13\x5b\x3b\xde\x4e\x7a\x4f\x6d\xb3\xf2\xd8\xec\x3d\x4f\
\xd8\x0d\x5b\xfb\x7a\xf5\xef\xfa\x82\xc2\x0f\x3f\xfc\xf0\xc3\x0f\
\x3f\xfc\xf0\xc3\x9f\x16\xbf\x88\xd5\x6a\x4e\x5a\xb9\xb4\xc8\xe4\
\xbf\x86\xe4\x1f\x43\x00\x40\x00\xc0\xaa\x47\x04\x18\x1e\x57\x04\
\x18\x77\xfc\xa5\x17\xe7\xd6\xb6\xbf\x19\xae\x48\xc7\x9d\xa2\x6b\
\x52\xbc\x6d\x7b\xe4\xb4\xaf\x97\x7f\x0e\xbc\x81\x1a\x6e\xb0\xb6\
\xef\x0f\x7e\xf8\xe1\x87\x1f\x7e\xf8\xe1\x87\xbf\x34\xfc\x1d\x6f\
\x8a\x58\x2d\x81\xe4\x7f\x38\xc9\x3f\x86\x00\x80\x00\x80\x55\x8f\
\x08\x30\xca\x42\x04\x28\x58\x11\x38\xe6\xe8\xf3\xcf\xcb\xad\x6e\
\x7b\xbd\x58\x05\x3b\x69\x05\x3e\xfe\xf3\xd9\x96\xe4\xc5\x53\xf0\
\xe1\x87\x1f\x7e\xf8\xe1\x87\x1f\x7e\xf8\x13\xe7\x77\x63\x33\x11\
\xa3\x39\xc1\xab\xfe\xa2\x24\xff\xa3\x48\xfe\x31\x04\x00\x04\x00\
\xac\x7f\x8a\x00\x73\x9c\xde\x15\x81\x9e\x08\x70\x90\x27\x02\x8c\
\x3e\xe4\xd3\x67\xe5\x56\x6f\xfa\x67\x51\x0a\x78\x81\xc2\xde\xab\
\xca\x17\xd7\x53\x67\xab\xa0\xdb\xed\x01\x2e\x54\xd8\xe3\xf5\x08\
\xc2\x0f\x3f\xfc\xf0\xc3\x0f\x3f\xfc\xf0\x27\xca\xbf\xba\xed\x9f\
\x22\x36\x53\x92\xff\x83\xb4\xe4\x5f\x5f\xf5\x47\xf2\x8f\x21\x00\
\x20\x00\x60\x55\x28\x00\x24\x25\x02\x2c\x94\x37\x90\x03\x54\x11\
\x60\xd4\x01\x1f\xfb\x8f\xe6\x96\x8d\xaf\xc6\xef\xc1\x4b\xf6\x86\
\x69\xaf\xc8\x5b\x0e\xf5\x49\xbc\x07\x11\x7e\xf8\xe1\x87\x1f\x7e\
\xf8\xe1\x87\xbf\x48\x7e\x37\x16\x13\x31\x99\x96\xfc\x1f\x20\x63\
\xb7\x85\x29\x24\xff\x08\x00\x08\x00\x08\x00\x08\x00\x58\x95\x8a\
\x00\x33\x4d\x22\xc0\x88\x85\x1f\x38\x3d\xdb\xf2\xf4\x4b\xb1\x7a\
\xe2\x62\xf7\xdc\x25\xeb\x05\x7b\x7f\xd5\x20\x22\x8d\x9e\x40\xf8\
\xe1\x87\x1f\x7e\xf8\xe1\x87\x1f\xfe\x22\xf8\xb3\x2d\x1b\x5e\x12\
\xb1\x58\x84\xe4\x7f\x26\xc9\x3f\x86\x00\x80\x00\x80\x21\x02\x84\
\x89\x00\x93\x22\x88\x00\x4b\xba\x45\x80\xb9\xc7\x7e\x24\xbb\xf2\
\xc9\xbf\x06\x2a\xf0\x9a\xdb\x2a\xf8\xf1\x87\xf4\xe4\xbb\x69\x08\
\x90\xe9\xff\xdb\x9e\x10\xc0\x0f\x3f\xfc\xf0\xc3\x0f\x3f\xfc\xf0\
\x27\xcd\x2f\x62\x2f\x11\x83\xc9\xe4\x7f\x49\x84\xe4\x7f\x12\xc9\
\x3f\x86\x00\x80\x00\x80\x21\x02\x84\x6d\x07\x88\x2c\x02\x0c\x99\
\x38\xff\xc4\xcc\xd2\x07\x37\x24\xb1\x37\x37\x7d\x45\xdd\xae\xa4\
\xcf\xb6\x67\x10\x7e\xf8\xe1\x87\x1f\x7e\xf8\xe1\x87\x3f\x4d\x7e\
\x11\x73\x89\xd8\x2b\x66\xf2\x6f\x33\xed\x9f\xe4\x1f\x43\x00\x40\
\x00\xc0\xaa\x4c\x04\x18\xa6\x88\x00\x13\x5c\xaf\x77\x3d\xa3\x89\
\x00\xb3\x15\x11\x60\x1f\x5d\x04\x18\x3c\xa6\xf6\x98\xcc\xc5\xf7\
\xde\x6b\x7b\x03\x8d\xad\xf8\xaf\xe9\xe8\x7d\x54\xff\x1c\xf4\x9a\
\xb6\x5f\x9f\x70\xc0\x01\x3f\xfc\xf0\xc3\x0f\x3f\xfc\xf0\xc3\x5f\
\x2c\x7f\x93\x1b\x6b\x0d\x70\x63\x2e\x9f\xe4\x7f\x1f\x25\xf9\x9f\
\xad\x25\xff\x19\x19\xdb\x4d\x50\x92\xff\x61\x24\xff\x18\x02\x00\
\x02\x00\x86\x08\x20\x6e\x08\x63\x7c\x44\x80\x69\x9a\x08\xb0\xc0\
\x47\x04\x38\x74\xe0\xc0\x81\x87\xd7\x7f\xee\xa7\x37\x36\x2b\x37\
\x58\xef\xcf\xd1\x6f\xe0\xca\x63\x94\x3d\xb8\x96\x25\x7d\x85\x5f\
\x6f\x5b\x92\x97\xff\xf5\x05\xcf\xa7\x30\xc3\x0f\x3f\xfc\xf0\xc3\
\x0f\x3f\xfc\xf0\x27\xc5\x5f\x7f\xf6\x4f\x6f\x14\xb1\x96\x88\xb9\
\x7c\x92\xff\x05\x5a\xf2\x3f\xcd\x27\xf9\x1f\x43\xf2\x8f\x21\x00\
\x20\x00\x60\x88\x00\x51\x44\x80\x89\xf2\x46\x32\x43\xde\x58\xe6\
\x2a\x22\xc0\xfe\xae\x1f\xe8\x89\x00\xae\x1f\x5e\x7b\xda\x35\x5f\
\x76\x6f\x56\x5b\x93\x18\xe2\x63\xaf\xb0\xc7\x9d\xea\x6b\xb7\x96\
\x27\x7e\x89\x20\xfc\xf0\xc3\x0f\x3f\xfc\xf0\xc3\x0f\x7f\xe8\xfb\
\xdb\x2a\x62\x2b\x11\x63\x29\xc9\xff\x81\x32\x06\xf3\x92\xff\xb9\
\x32\x46\x9b\x21\x63\xb6\x89\x24\xff\x18\x02\x00\x02\x00\x86\x08\
\x50\x32\x11\x60\xdc\x09\x97\x5d\x92\x5b\xdd\xf6\x7a\x5c\x05\xde\
\xa4\x90\x1b\x4f\x00\x6c\x15\x76\x43\x89\xa0\x7d\xc0\x00\x3f\xfc\
\xf0\xc3\x0f\x3f\xfc\xf0\xc3\x5f\x24\x7f\xcb\xa6\xd7\x45\x4c\x45\
\xf2\x8f\x21\x00\x20\x00\x20\x00\x60\xe5\x12\x01\xa6\xca\x1b\xcc\
\xee\x8a\x08\xb0\xb7\x9f\x08\x30\xf2\x80\xd3\x3e\x95\x5d\xf5\xf4\
\x4b\xcd\x56\x37\xd4\x78\x43\x78\xcc\x25\x81\x31\x4f\x18\x6c\x03\
\x04\xad\x24\x10\x7e\xf8\xe1\x87\x1f\x7e\xf8\xe1\x87\x3f\xca\xeb\
\x8b\x35\x7f\x22\x96\x0a\x48\xfe\xf7\x56\x92\xff\xdd\x65\x6c\x36\
\x95\xe4\x1f\x43\x00\x40\x00\xc0\xb0\x62\x44\x80\x9d\x35\x11\x60\
\xbc\xeb\x75\xae\x37\xf9\x88\x00\x7b\x2a\x22\xc0\x7e\xf2\xc6\x74\
\xb0\xbc\x51\x1d\x36\x6c\xc6\xc1\x1f\xca\x2e\x7f\xec\x99\xc0\xa1\
\x3b\xfa\x0d\x55\x77\xd3\xd7\xc7\x1e\xfa\xa3\x95\xe8\xa9\xa7\x04\
\x09\xdc\xe0\x8d\xaf\x0f\x3f\xfc\xf0\xc3\x0f\x3f\xfc\xf0\xc3\xaf\
\xb9\x88\x9d\x44\x0c\xe5\xf4\x0c\xfb\x3b\x54\xc6\x56\x07\xca\x58\
\xcb\x4b\xfe\xf7\xf4\x49\xfe\x9b\x64\xcc\x36\x5e\x4b\xfe\x77\x26\
\xf9\xc7\x10\x00\x10\x00\x30\x84\x80\x28\x22\xc0\x88\x10\x11\x60\
\x57\x45\x04\xd8\xcb\x47\x04\x38\x44\xdc\xb8\x06\xd5\x4f\x3d\x21\
\xf3\xa5\x07\x1e\x4a\x46\xc1\x37\x7c\x7d\xc1\x0d\xd9\xb2\x64\x30\
\x76\x0f\x5f\xbc\xaf\x87\x1f\x7e\xf8\xe1\x87\x1f\x7e\xf8\xfb\x37\
\xbf\x88\x99\x44\xec\x24\x93\xff\x43\x7c\x92\xff\xbd\x94\xe4\x7f\
\xd7\x90\xe4\x7f\x84\x45\xf2\x8f\x61\x08\x00\x08\x00\x58\x3f\x17\
\x01\x06\x19\x44\x80\x66\xd7\xa7\xc8\x1b\xcf\x2c\x45\x04\x58\x24\
\x6f\x50\x8b\x55\x11\x60\xc0\xd0\x91\x47\x35\x9d\x7f\xe7\xed\x46\
\xc5\xdc\x52\x91\xb7\x76\x4d\x71\x2f\x98\xd2\x6b\xab\xe8\x1b\x4e\
\x2c\xac\x4f\x0c\xe0\x87\x1f\x7e\xf8\xe1\x87\x1f\xfe\x7e\xcb\xdf\
\x78\xfe\xcf\x6f\x17\x31\x93\x96\xfc\x2f\x96\xb1\xd5\x22\x25\xf9\
\x9f\x25\x63\xb0\x29\x32\x26\x0b\x4b\xfe\x07\x91\xfc\x63\x08\x00\
\x08\x00\x18\x66\x23\x02\x0c\x95\x37\x92\xd1\xf2\xc6\x52\xeb\x7a\
\xa3\x8f\x08\xb0\x87\xeb\xf3\x35\x11\xe0\x20\x4f\x04\x70\xfd\xf0\
\xba\xff\xf8\xfe\x75\xee\x0d\x6e\x7b\x5a\x25\x76\xc6\xb5\x3b\x71\
\x4b\xfe\xe2\xee\x29\x4e\x3a\x60\x80\x1f\x7e\xf8\xe1\x87\x1f\x7e\
\xf8\xfb\x3e\x7f\xeb\xe6\xed\x75\x67\xfe\xe0\x3a\xa7\xa7\xdf\xdf\
\x4b\xfe\x0f\xd2\x92\xff\xf9\x32\xd6\xd2\x93\xff\x46\x19\x9b\x8d\
\x97\xb1\xda\x08\x19\xbb\x91\xfc\x63\x08\x00\x08\x00\x18\x96\xb8\
\x08\x90\x93\x37\xa0\x5d\x5c\xdf\x4d\x11\x01\x16\xba\xbe\xaf\xd3\
\xb3\x9f\x56\xdc\xc0\x96\x78\x22\xc0\x84\x53\xd6\xae\x6c\x5e\xd3\
\xf1\x56\xb4\xa9\xbd\x29\xf7\x14\x5a\x9e\x18\x14\x3e\x9f\x36\x55\
\x38\x66\x40\x01\x3f\xfc\xf0\xc3\x0f\x3f\xfc\xf0\xf7\x2f\x7e\x11\
\x13\x4d\xf8\xe0\xda\x95\x4a\xf2\xbf\x44\xc6\x4e\x07\xc8\x58\x6a\
\xa1\x92\xfc\xef\x26\x63\xae\x29\x32\x06\x23\xf9\xc7\x10\x00\x10\
\x00\x30\x2c\x11\x11\x60\x27\x83\x08\x30\x4e\x13\x01\x26\xbb\x3e\
\x5d\xde\x98\xe6\xb8\x3e\x2f\x40\x04\xe8\xde\x10\x30\xf6\xf0\xcf\
\x9d\x93\x6b\xd9\xf8\x0f\x7b\x45\xdf\x72\x4f\xaf\x6d\xc9\x5f\xdc\
\x80\xc1\x36\xa0\x80\x1f\x7e\xf8\xe1\x87\x1f\x7e\xf8\xfb\x2f\xff\
\xea\x4d\xff\x10\x31\x91\x93\x3f\xe9\x5f\x4f\xfe\xe7\xc9\xd8\x6a\
\x37\x19\x6b\x4d\xd6\x92\xff\x71\x01\xc9\xff\x40\xe9\x3b\x91\xfc\
\x63\x08\x00\x08\x00\x18\x16\x55\x04\xf0\xaa\x01\x82\x44\x80\x1a\
\xd7\x1b\x5c\xcf\x2a\x22\xc0\x4c\x45\x04\x10\x53\x6a\xc5\x9e\xda\
\x82\x35\x81\x23\xe6\x1d\x7f\x6a\x76\xf9\x13\x7f\x89\x15\x10\x18\
\x6f\xe0\x76\x0a\x7d\xec\xd7\x33\x79\xcc\x13\x0d\xf8\xe1\x87\x1f\
\x7e\xf8\xe1\x87\xbf\x3a\xf8\xb3\x2b\x9e\xfc\x8b\x88\x85\x1c\xff\
\x35\x7f\xfb\xc8\x18\xca\x4b\xfe\x67\x2a\xc9\x7f\x56\xc6\x5e\x35\
\x86\xe4\x7f\x00\xc9\x3f\x86\x00\x80\x00\x80\x61\x49\x89\x00\xc3\
\x5d\x1f\xe5\xfa\x58\x4d\x04\x98\xa4\x88\x00\xb3\x9d\x9e\xfd\xb4\
\xde\x9a\x40\x4f\x04\xd8\xb1\x26\x70\xc8\xc4\x3d\x4f\xcc\x2c\x7d\
\xf0\xe9\xe4\xd6\xfa\x58\xee\xf9\x8d\x5b\x72\x68\x7a\xbd\xb8\x6b\
\x82\xe0\x87\x1f\x7e\xf8\xe1\x87\x1f\xfe\xaa\xe3\xcf\x5c\xfe\xfb\
\xa7\x45\x0c\xe4\x14\xae\xf9\xdb\xdf\xe9\x5d\xf3\x37\x57\xc6\x52\
\x5e\xf2\x3f\x49\x4b\xfe\xc7\xca\x58\x6c\x38\xc9\x3f\x86\x00\x80\
\x00\x80\x61\x69\x8a\x00\x83\x7d\x44\x80\x09\xae\xd7\xbb\x9e\x71\
\x7a\x56\xd1\x4c\x73\x7a\xf6\xd2\xfa\xad\x09\x5c\xec\xe4\x6d\x08\
\x18\x73\x74\xe3\x79\xb7\xff\xac\xa8\x92\xbc\xd8\x7b\x84\x2d\xd7\
\x04\xc5\x7d\x3d\xcd\x63\x97\x24\xc2\x0f\x3f\xfc\xf0\xc3\x0f\x3f\
\xfc\x7d\x8a\x5f\xc4\x3c\x22\xf6\x71\xfc\x27\xfd\xeb\x6b\xfe\x66\
\xc8\x98\x6a\xa2\x8c\xb1\xea\x65\xcc\xa5\x27\xff\x83\x49\xfe\x31\
\x04\x00\x04\x00\x0c\x4b\x5b\x04\x18\x22\x6f\x3c\x23\x9d\x9e\x95\
\x33\xba\x08\x30\x35\xaa\x08\xe0\xfa\x11\x35\x1f\xf9\xca\x5a\xf7\
\xe6\xfb\xa6\x55\x0f\x5f\xca\x01\x8a\xed\xff\xb7\x7e\x7f\x96\x27\
\x1e\xf0\xc3\x0f\x3f\xfc\xf0\xc3\x0f\x7f\x5f\xe5\xef\x78\x53\xc4\
\x3a\x22\xe6\xb1\x48\xfe\xa7\xfa\x24\xff\x63\x64\xec\x35\x5c\xc6\
\x62\x24\xff\x18\x02\x00\x02\x00\x86\xa5\x2e\x02\xbc\x5b\x11\x01\
\x86\x29\x22\x80\x98\x42\x2b\xf6\xd0\x8a\x7d\xb4\xcd\x4e\xf0\x9a\
\x40\xdf\x0d\x01\x23\x17\x9f\xf6\xe9\xec\xca\x27\x9f\x2f\xb6\x24\
\xcf\x7e\xef\x6e\xbc\x21\x45\x49\xf7\x38\xc6\x7d\x3e\xf8\xe1\x87\
\x1f\x7e\xf8\xe1\x87\xbf\xf2\xf8\xb3\x2b\x9f\x7a\x5e\xc4\x38\x4e\
\xf0\xa4\xff\xb0\x35\x7f\x4d\x32\xb6\x1a\xaf\x24\xff\xc3\x94\xe4\
\xff\xdd\x24\xff\x18\x02\x00\x02\x00\x86\x95\x43\x04\x18\xa1\x89\
\x00\x8d\x8a\x08\xa0\xae\x09\x0c\xdd\x10\x30\x24\x3b\xe7\xfd\x99\
\x4b\xef\x7f\x28\x11\xc5\x3e\xe9\x21\x45\x09\x97\x30\xc6\xee\x99\
\x84\x1f\x7e\xf8\xe1\x87\x1f\x7e\xf8\x2b\x9a\x5f\xc4\x34\x22\xb6\
\x71\xcc\x93\xfe\xf5\x35\x7f\xcd\x32\x96\x52\x93\xff\x11\x24\xff\
\x18\x02\x00\x02\x00\x02\x00\x56\x4a\x11\xe0\x5d\x01\x22\x80\xbe\
\x21\x40\xdc\xa8\xa2\xac\x09\xf4\xdd\x10\x30\x60\xf0\xe0\x23\xeb\
\xcf\xba\xe9\x07\xb9\xd6\xcd\xdb\x93\x1c\x1a\x64\xbe\x61\x77\x2a\
\x8f\xde\xd7\x24\x38\xd4\x28\xe1\x92\x43\xf8\xe1\x87\x1f\x7e\xf8\
\xe1\x87\xbf\x42\xf9\xd7\x76\x6e\xaf\x3f\xeb\x27\x3f\x10\x31\x8d\
\x13\x3c\xe9\x3f\xca\x9a\xbf\xf1\x4e\xe1\xa4\x7f\xbf\xe4\xff\x5d\
\x24\xff\x18\x02\x00\x02\x00\x86\x95\x4a\x04\x08\x5a\x13\x28\x6e\
\x5c\x7e\x6b\x02\xc3\x36\x04\xec\x98\x0b\x30\xfe\xc4\xe5\x97\xe5\
\x5a\x36\xfd\x3b\xea\x0d\x3b\xff\xef\xfc\x6e\xd0\xca\xe3\x1a\xed\
\xef\x2a\xb0\xc4\xd1\x36\x60\x81\x1f\x7e\xf8\xe1\x87\x1f\x7e\xf8\
\x2b\x80\xdf\x8d\x5d\x44\x0c\xe3\x14\xf6\xfb\x9b\x26\xfd\xab\x6b\
\xfe\x6a\x9d\xe0\x35\x7f\x24\xff\x18\x02\x00\x02\x00\x02\x00\x56\
\x56\x11\xc0\x66\x4d\xa0\xba\x21\x40\xdc\xf8\xc2\x86\x03\x1e\x3e\
\x62\xde\x7b\x4e\xcb\x2e\x7f\xec\xb9\x44\x4a\x10\x4b\x5c\x22\x68\
\xff\xff\x0d\x01\x0d\xfc\xf0\xc3\x0f\x3f\xfc\xf0\xc3\x5f\xd1\xfc\
\x22\x66\x11\xb1\x8b\xd3\xdb\xef\x1f\x34\xec\x6f\xae\x93\x3f\xe9\
\xdf\x66\xcd\x1f\xc9\x3f\x86\x00\x80\x00\x80\x00\x80\x95\x45\x08\
\x28\x76\x4d\xa0\xdf\x86\x80\x45\x8a\x08\x90\x37\x1c\x70\xd0\xb8\
\xdc\xf1\x4d\x17\xdd\x7d\x4f\xfc\x13\x08\x2d\xc0\x28\x38\x01\xd0\
\x4e\x08\x0c\x01\x88\x75\xc9\x60\xea\x6b\x8d\xe0\x87\x1f\x7e\xf8\
\xe1\x87\x1f\xfe\x72\xf1\x37\x5d\xf4\xeb\x7b\x06\xd5\xe4\x8e\x77\
\x0a\x87\xfd\x79\xc9\xff\x22\x27\xda\xa4\x7f\xd6\xfc\x61\x08\x00\
\x08\x00\x08\x00\x58\x9f\x13\x01\xfc\xd6\x04\x9a\x36\x04\xa8\xc3\
\x01\xf3\xe6\x02\x88\x32\xba\xda\x4f\x7e\xe7\x1a\xf7\x06\xbd\x35\
\xea\x0d\xd9\x7c\x03\xb7\x53\xfc\x8d\x43\x8b\x8c\x6e\xf9\xfe\xac\
\x4f\x5c\xe0\x87\x1f\x7e\xf8\xe1\x87\x1f\xfe\x32\xf0\x6f\x15\x31\
\x8a\x2c\xf9\xd7\xfb\xfd\xd5\x61\x7f\xa6\x49\xff\xac\xf9\xc3\x10\
\x00\x10\x00\x10\x00\xb0\x3e\x29\x02\x98\xd6\x04\xfa\x6d\x08\x98\
\xe3\xf4\x0c\xc2\x11\x3d\x71\xea\x70\xc0\xbc\xb9\x00\x63\x8e\x38\
\xef\xfc\xdc\xaa\x0d\xaf\xa4\x72\x82\x90\x78\x49\x60\xdc\x92\xc6\
\xde\xc7\x68\x3d\x8e\xf0\xc3\x0f\x3f\xfc\xf0\xc3\x0f\x7f\x49\xf9\
\x5b\x36\xbe\x22\x62\x13\x27\xb8\xdf\x7f\x1f\x19\xdb\xa8\xc3\xfe\
\xc2\x26\xfd\xb3\xe6\x0f\x43\x00\x40\x00\x40\x00\xc0\xfa\x84\x08\
\x10\xb6\x21\xc0\x5b\x13\x38\xda\x09\xde\x10\xe0\x37\x1c\xd0\x77\
\x2e\xc0\xb0\x19\x8b\x3f\x94\xbd\xfc\xa1\x8d\xb1\x4f\x1c\x12\x0e\
\x60\x52\x0f\x38\xac\x1d\x7e\xf8\xe1\x87\x1f\x7e\xf8\xe1\x4f\x8b\
\x5f\xc4\x22\x22\x26\x71\xc2\xfb\xfd\x83\x86\xfd\x05\x4d\xfa\x1f\
\xe6\x30\xe9\x1f\x43\x00\x40\x00\x40\x00\xc0\xfa\xb0\x08\x10\xb4\
\x21\x20\x6c\x38\x60\xd8\x5c\x80\x9e\x55\x81\x43\xc7\x1c\xdd\x78\
\xde\xed\x3f\x53\x6f\xc8\x89\x0f\x05\x4a\x7b\xcd\x91\xb1\x27\xd1\
\x2e\x20\x81\x1f\x7e\xf8\xe1\x87\x1f\x7e\xf8\x4b\xc3\x2f\x62\x10\
\x11\x8b\x68\x25\xff\xa6\x7e\x7f\xbf\x61\x7f\x4c\xfa\xc7\x10\x00\
\x10\x00\x10\x00\xb0\xaa\x16\x01\xf4\x0d\x01\xfa\x70\xc0\xa8\x73\
\x01\xba\x5b\x02\x6a\x3e\xf2\x95\xb5\xee\xcd\xf8\xcd\x62\x86\xf6\
\x14\x7e\x7d\xc2\x3d\x84\xa9\x9f\x88\xd8\xbe\x5f\xf8\xe1\x87\x1f\
\x7e\xf8\xe1\x87\x3f\x1e\x7f\xfb\x9b\x22\xf6\x50\x4a\xfe\xa3\xf6\
\xfb\xeb\xc3\xfe\xc2\x26\xfd\x93\xfc\x63\x08\x00\x08\x00\x08\x00\
\x58\x9f\x14\x01\xc2\x36\x04\x84\x0d\x07\xb4\x9a\x0b\x30\x72\xff\
\x53\xcf\xcc\x2c\x7f\xec\x8f\xc9\x07\x0c\xb6\xcf\xa7\x7b\xd2\xcf\
\x5f\xe9\xcf\x07\x3f\xfc\xf0\xc3\x0f\x3f\xfc\xd5\xcb\x2f\x62\x0d\
\x11\x73\x38\xc5\xf7\xfb\x07\x0d\xfb\x8b\x3a\xe9\x9f\xe4\x1f\x43\
\x00\x40\x00\x40\x00\xc0\x2a\x5a\x08\x08\xdb\x10\xa0\x0f\x07\x8c\
\x35\x17\x60\xd0\xe8\x86\xf7\xf4\xb4\x04\x94\xb0\x87\xb0\xe4\xcf\
\x97\xf2\x09\x0d\xfc\xf0\xc3\x0f\x3f\xfc\xf0\xc3\xef\xfb\x7a\x22\
\xc6\x10\xb1\x86\x93\x4c\xbf\xbf\xdf\xb0\x3f\x26\xfd\x63\x08\x00\
\x08\x00\x08\x00\x58\x55\x8a\x00\xfa\x86\x00\x75\x2e\x80\xb8\x31\
\x46\x99\x0b\xe0\xb5\x04\xe4\xcd\x05\x10\x8a\xfc\xf8\x13\xae\xf8\
\x52\xae\x65\xe3\xab\xe5\x39\x91\x28\x77\xc0\x54\xee\x13\x19\xf8\
\xe1\x87\x1f\x7e\xf8\xe1\xaf\x32\xfe\x96\x0d\xaf\x8a\xd8\xc2\x29\
\x5c\xf1\x77\x90\x52\xf2\x1f\xa5\xdf\xbf\xd6\xc9\xef\xf7\x67\xd2\
\x3f\x86\x00\x80\x00\x80\x00\x80\xf5\x2b\x11\x40\x1f\x0e\x18\x75\
\x2e\x80\x28\xab\x5b\xa8\xb5\x04\xe4\xcd\x05\x18\x32\x75\xd1\xc9\
\x99\x4b\x7f\xfb\x50\xd9\x4b\x1a\x57\x2b\x8f\xab\xb5\xbf\x2b\xcb\
\x89\x06\xfc\xf0\xc3\x0f\x3f\xfc\xf0\xc3\x1f\x95\x3f\x73\xe9\xfd\
\x0f\x89\x98\xc2\xf1\xef\xf7\xf7\x4a\xfe\x17\xca\xd8\x24\x6a\xbf\
\xbf\x69\xd8\x1f\xc9\x3f\x86\x00\x80\x00\x80\x00\x80\x55\x85\x08\
\x10\x65\x38\xa0\xed\x5c\x80\xc0\x96\x00\xd7\x8f\xac\xfb\xf8\xb7\
\xbe\xd6\xbc\xba\xfd\xad\xa2\x03\x0e\x63\x00\x93\x74\x00\x95\xf6\
\x09\x0b\xfc\xf0\xc3\x0f\x3f\xfc\xf0\xc3\x6f\xfa\xff\xcd\x2d\xed\
\x6f\x89\x18\x42\xc4\x12\x8e\xb9\xe4\xbf\x98\x7e\x7f\x86\xfd\x61\
\x08\x00\x08\x00\x08\x00\x58\xbf\x12\x01\x92\x98\x0b\xe0\xb5\x04\
\xa8\x22\x40\x41\x4b\xc0\xa8\x7d\x4e\x39\x23\x7b\xc5\xa3\xcf\x56\
\x46\x4f\x61\xdc\x13\x93\x52\x4f\x45\x86\x1f\x7e\xf8\xe1\x87\x1f\
\xfe\xfe\xc5\x2f\x62\x06\x11\x3b\x38\xfe\x25\xff\x6a\xf2\xef\x95\
\xfc\xa7\xd1\xef\x4f\xf2\x8f\x21\x00\x20\x00\x20\x00\x60\x55\x2d\
\x02\x84\xcd\x05\x10\x65\x73\xa2\x77\xce\x6b\x09\xf0\xe6\x02\x44\
\x5e\x15\x38\x60\xc4\xf8\x63\x1b\xce\xf9\xd9\x2d\xee\xcd\x7d\xbb\
\x55\x80\x91\x7a\x09\x63\xcc\xff\x6f\x1b\x30\x25\xfe\xf5\xf0\xc3\
\x0f\x3f\xfc\xf0\xc3\x5f\x25\xfc\x6b\x3b\xb7\x8b\x58\x41\xc4\x0c\
\x8e\xdd\x8a\x3f\xaf\xdf\xdf\x2b\xf9\x6f\x90\xb1\x4b\xb1\xfd\xfe\
\x24\xff\x18\x02\x00\x02\x00\x02\x00\x56\x95\x42\x80\x69\x2e\x80\
\x28\x93\xf3\xe6\x02\x88\xf2\x39\x75\x2e\x80\xed\xaa\xc0\xee\x96\
\x80\x71\xc7\x5f\x7a\x71\x76\xd5\xd3\xff\xb7\x23\xe0\x58\xdd\xd1\
\xfb\x18\x25\xc0\x31\x7c\x7d\x76\x75\xef\x63\x56\x7e\xad\xf7\xe8\
\x1b\xe0\xc4\x0e\x60\x94\xf7\x54\xcc\x89\x07\xfc\xf0\xc3\x0f\x3f\
\xfc\xf0\xc3\xdf\x25\x62\x83\x71\xc7\x5d\x72\xb1\xe3\x5f\xf2\x1f\
\x65\xc5\x9f\xda\xef\x3f\xc1\xe9\xed\xf7\x37\x95\xfc\xd3\xef\x8f\
\x21\x00\x20\x00\x20\x00\x60\xfd\xb2\x1a\xc0\x13\x01\xd4\x96\x00\
\x7d\x2e\x80\x28\xa3\x13\xbd\x74\x61\xab\x02\xd5\x96\x00\xdf\x2d\
\x01\x43\x9a\xe7\x9d\xd4\x74\xc9\x6f\x7e\x57\x95\x25\x8d\xb1\x5f\
\x0f\x7e\xf8\xe1\x87\x1f\x7e\xf8\xfb\x17\xbf\x88\x09\x44\x6c\xe0\
\x04\x4f\xf9\x57\x4b\xfe\xc3\x56\xfc\xd5\x39\xf9\x25\xff\x5e\xf2\
\xaf\x96\xfc\xd3\xef\x8f\x21\x00\x20\x00\x20\x00\x60\x88\x00\x8e\
\x79\x2e\x80\xd7\x12\xe0\xcd\x05\x08\x5a\x15\xa8\xb7\x04\x04\x56\
\x03\xd4\x9e\x76\xcd\x97\x73\xab\xdb\xb7\xa8\x41\x40\xe1\x09\x46\
\xef\x63\x39\x02\x24\xf3\xfb\x31\x04\x48\x96\x01\x11\xfc\xf0\xc3\
\x0f\x3f\xfc\xf0\xf7\x1b\x7e\x37\x06\x10\xb1\x80\xe1\xd4\x5f\x2f\
\xf9\x0f\x5b\xf1\x37\xde\xf1\x2f\xf9\xa7\xdf\x1f\x43\x00\x40\x00\
\x40\x00\xc0\x30\x1f\x21\x20\x68\x2e\x80\xba\x2a\x50\xdc\x58\xbd\
\xb9\x00\x51\x5a\x02\xf4\x01\x81\x87\xa8\xd5\x00\x23\x16\x9e\xf8\
\xf1\xcc\xd2\x47\x3a\x93\x3b\x61\xc8\x0f\x48\xd4\x32\xc8\x54\x02\
\xaa\x8a\x3b\x61\x81\x1f\x7e\xf8\xe1\x87\x1f\xfe\xca\xe7\xcf\x2c\
\x7d\xb4\x53\xc4\x00\xda\xa9\xff\x21\x4e\xe1\xa0\xbf\x28\x25\xff\
\x7a\xbf\xbf\x57\xf2\x1f\xa5\xdf\x1f\xc3\x10\x00\x10\x00\x10\x00\
\x30\xaa\x01\x1c\xf3\x5c\x00\x7d\x55\x60\xd8\x96\x80\x45\x4e\xd8\
\x80\xc0\xa1\x63\x8e\xa9\xff\xdc\x4f\x6f\xcc\xad\xee\xdc\xb6\x23\
\x90\x48\xa8\x27\xd2\x18\xa0\xe8\xff\x6e\x7a\xfd\xa4\x87\x1e\xd9\
\xbe\x3e\xfc\xf0\xc3\x0f\x3f\xfc\xf0\xf7\x69\xfe\xce\x6d\xe2\x9e\
\x2f\xee\xfd\x4e\xf8\xa0\xbf\x45\x4e\xf8\x94\x7f\x7d\xc5\x5f\x94\
\x7e\x7f\x4e\xfd\x31\x04\x00\x04\x00\x04\x00\x0c\x33\x88\x00\x51\
\x57\x05\xfa\xb5\x04\x78\x5b\x02\x84\x72\x2f\xca\xf7\x42\x07\x04\
\x8e\x39\xe6\x82\x0b\xb3\x2b\x9f\x7e\xa9\xbc\x53\x96\x0d\x43\x8d\
\x6c\x4b\x26\x95\xc7\xa2\x4e\x88\xe0\x87\x1f\x7e\xf8\xe1\x87\xbf\
\x4a\xf8\xb3\xcb\x9f\x7e\x49\xdc\xeb\x1d\xf3\xa0\xbf\x85\x32\x76\
\xd0\xa7\xfc\xfb\x95\xfc\x9b\x56\xfc\x91\xfc\x63\x08\x00\x08\x00\
\x08\x00\x18\x66\x21\x02\xd8\xac\x0a\x0c\x6b\x09\x10\x43\x7b\xfc\
\x5a\x02\xf2\x06\x04\x0e\xaa\x9f\xfa\xde\xc6\xf3\xee\xb8\x2d\xbb\
\xa6\x73\xbb\x6f\xc9\xa2\xf5\x89\x49\xbc\x1e\xcb\xc4\x7b\x32\xe3\
\xf6\x5c\xc2\x0f\x3f\xfc\xf0\xc3\x0f\x7f\x5f\xe3\x5f\xdb\xb9\xbd\
\xf1\xdc\x3b\x6e\x13\xf7\x78\xc7\x7f\xd0\xdf\x62\x27\xbf\xe4\x7f\
\xae\x63\x57\xf2\xcf\x8a\x3f\x0c\x01\x00\x01\x00\x01\x00\xc3\x12\
\x12\x02\xa2\xae\x0a\x0c\xdb\x12\xe0\x0d\x08\x14\x65\x7c\x91\x06\
\x04\x8e\x3d\xe2\x9c\x73\xb3\xcb\x1f\xff\x53\xe2\x3d\x8a\x96\x01\
\x93\x75\x09\xa5\xed\x09\x8a\xed\xfb\x81\x1f\x7e\xf8\xe1\x87\x1f\
\xfe\x3e\xc4\x2f\xee\xe5\xe2\x9e\xee\x44\x1f\xf4\xb7\xa7\xd3\x3b\
\xe8\x2f\x6c\xca\x3f\x2b\xfe\x30\x04\x00\x04\x00\x04\x00\x0c\x4b\
\xb9\x1a\xc0\x6f\x55\x60\x58\x4b\x80\x57\x0d\x30\xd5\xf5\x5d\x9d\
\x9e\x32\x3e\xa1\xe8\xcf\x8b\x52\x0d\x30\x60\xc4\xf8\x63\xeb\x3e\
\x7d\xe3\x0f\x73\x6b\xda\xdf\xc9\x69\xe5\x84\x41\x25\x86\x05\xff\
\x6e\x7b\x62\x61\x1d\xf0\x84\xff\x7b\xd2\xef\x07\x7e\xf8\xe1\x87\
\x1f\x7e\xf8\xfb\x06\x7f\xfb\x3b\xe2\x1e\x2e\xee\xe5\x11\x4f\xfd\
\xbd\x41\x7f\xb3\x64\xcc\x30\x55\x39\xf5\x8f\x5a\xf2\x4f\xbf\x3f\
\x86\x00\x80\x00\x80\x00\x80\x61\x09\x8b\x00\x41\x2d\x01\xde\x96\
\x00\xa1\xc8\x8f\x75\x7a\x86\xf2\x88\x32\x3d\x31\xa4\xa7\xd9\xe9\
\x29\xdf\x8b\x3a\x20\xd0\xab\x06\x10\x01\xc3\x91\x23\xf7\x3e\xe5\
\x53\xd9\xa5\x0f\xb6\x95\x64\x6a\x71\xdc\x7f\x8f\x5b\xf2\x19\xb7\
\x67\x14\x7e\xf8\xe1\x87\x1f\x7e\xf8\xcb\xcc\x2f\xee\xd9\xe2\xde\
\x2d\x4f\xfd\x8f\x50\x4e\xfd\xa3\x0e\xfa\x9b\x22\x63\x87\x26\x19\
\x4b\x4c\x90\xb1\xc5\x28\xa7\x77\xca\x3f\x25\xff\x18\x02\x00\x02\
\x00\x02\x00\x86\x95\x49\x04\xd0\x5b\x02\xf4\x6a\x00\x51\xb6\x17\
\x75\x40\xa0\x38\x11\xd0\x5b\x02\x8e\x18\x30\x78\xf0\x51\xb5\x9f\
\xb8\xee\xeb\xb9\x96\xb6\x37\x42\x4b\x1a\x4d\x6e\x1b\x80\x59\x4e\
\x45\x36\x9d\xd0\xc4\x9e\xb2\x6c\x2a\xe9\x84\x1f\x7e\xf8\xe1\x87\
\x1f\xfe\x72\xf1\xbb\xf7\x68\x71\xaf\x16\xf7\x6c\xe5\xd4\x5f\x2d\
\xf9\x5f\xec\x44\x1f\xf4\xd7\xe8\x73\xea\x6f\x5b\xf2\x4f\xf2\x8f\
\x21\x00\x20\x00\x20\x00\x60\x58\x82\x42\x40\x58\x4b\x40\xd4\x01\
\x81\x42\xf1\x9f\x2b\x4f\x00\xbc\x96\x00\xdf\x75\x81\xe2\x24\x61\
\xd8\xac\xc3\x3f\x9a\xb9\xe4\xb7\x0f\x95\xec\xc4\xa3\x60\x28\x52\
\xfb\x8e\xc7\xee\x3f\xaf\xee\xd8\xf1\x58\xcc\x89\x8d\xf5\xd0\xa7\
\xa4\xa7\x48\xc3\x0f\x3f\xfc\xf0\xc3\x0f\x7f\x02\xfc\x99\x4b\x7f\
\xfb\x90\xb8\x47\x6b\xa7\xfe\xfa\x7a\x3f\xaf\xe4\x7f\x2f\x79\xef\
\x9f\xed\x14\x37\xe8\x8f\x92\x7f\x0c\x01\x00\x01\x00\x01\x00\xc3\
\x2a\xa4\x1a\x60\xb0\x53\x38\x20\xd0\x6b\x09\x08\x1b\x10\x28\x4e\
\x00\xe6\x3b\xe6\x75\x81\xdd\x42\x40\xcd\x87\xd6\xaf\xc9\xad\xda\
\xf8\x0f\x73\x4f\x64\x6f\x90\x12\x29\x60\x8b\xbb\x17\x39\xe9\xaf\
\x8f\xdd\x13\x0a\x3f\xfc\xf0\xc3\x0f\x3f\xfc\x29\xf2\xbb\xf7\x62\
\x71\x4f\x56\x12\x7f\xd3\x7a\xbf\xf9\xf2\x9e\x1f\x36\xe8\x4f\x2d\
\xf9\x57\x4f\xfd\x29\xf9\xc7\x10\x00\x10\x00\x10\x00\x30\xac\x02\
\x45\x80\x62\x06\x04\x06\xad\x0b\xf4\xab\x06\xe8\xde\x14\x30\xa4\
\x79\xde\x49\x8d\x17\xfc\xf2\xee\x58\x3d\x99\x71\x4b\x32\x4d\x27\
\x3a\xa6\x9e\x4e\xc3\xfb\x29\x08\xe0\x94\x53\x98\x44\x7a\x52\xe1\
\x87\x1f\x7e\xf8\xe1\x87\xbf\x48\x7e\x71\x0f\x16\xf7\x62\x27\x7f\
\xc2\x7f\xd0\xa9\xbf\xbe\xde\xaf\x98\x41\x7f\x24\xff\x18\x02\x00\
\x02\x00\x02\x00\x86\x55\x90\x10\x30\xc0\x89\x3e\x20\x50\x28\xfc\
\xde\x80\xc0\xb0\x75\x81\x7a\x35\x40\xde\xa6\x00\x11\x74\x8c\x7d\
\xcf\x25\x5f\xcc\xad\x78\xf2\x45\xff\x00\xca\x30\x15\xb9\x70\x6a\
\x71\xf8\x89\x89\x65\x8f\x65\xe2\x01\x9a\xa5\xc3\x0f\x3f\xfc\xf0\
\xc3\x0f\x7f\xe2\xfc\xee\x3d\x57\xdc\x7b\xb5\x53\x7f\x2f\xf1\x0f\
\x3a\xf5\xf7\x5b\xef\xd7\x2c\x63\x01\xfd\xd4\x3f\x6c\xd0\x1f\x25\
\xff\x18\x02\x00\x02\x00\x02\x00\x86\x55\x78\x35\x40\xd8\x80\x40\
\xa1\xf8\x67\x8b\xa8\x06\x50\xdb\x02\x8e\x1c\x34\x2e\x77\x7c\xc3\
\x39\x3f\xbb\x25\xb7\xba\x73\x9b\x55\x00\x15\x7f\xcd\x91\x55\xc0\
\x68\x5b\x92\x69\xdd\x73\x6a\x1b\x40\xc2\x0f\x3f\xfc\xf0\xc3\x0f\
\x7f\x64\xfe\xce\x6d\xe2\x5e\x2b\xee\xb9\xda\xa9\xff\x21\x45\x9c\
\xfa\x67\x03\x4e\xfd\x19\xf4\x87\x61\x08\x00\x08\x00\x18\xd6\x47\
\xab\x01\x6c\x06\x04\xfa\xad\x0b\x0c\xaa\x06\x58\xec\xf4\xec\x10\
\x2e\x18\x12\x38\x7a\xc9\x19\x67\x67\x97\x3d\xfa\x5c\xd4\x92\x49\
\xfb\x00\xce\xee\x44\x25\xf6\x14\x66\xcb\x00\xad\x20\x60\x84\x1f\
\x7e\xf8\xe1\x87\x1f\xfe\x04\xf8\x33\x4b\x1f\x7d\x6e\xf4\x92\x4f\
\x9d\xed\xf8\x0f\xf9\x3b\xc8\x29\x9c\xf0\xaf\x9e\xfa\x07\xad\xf7\
\x63\xd0\x1f\x86\x21\x00\x20\x00\x60\x58\x15\x57\x03\xf8\x0d\x08\
\x0c\x5a\x17\xe8\x57\x0d\x20\xa6\x06\x8b\x9d\xc1\xfb\x2a\xd5\x00\
\x85\x2b\x03\x87\x8e\x39\xa6\xee\x53\x3f\xf8\x4e\xae\xa5\x7d\x4b\
\xda\x27\x40\x65\x7f\xfe\xb8\x0e\x3f\xfc\xf0\xc3\x0f\x3f\xfc\x61\
\xef\x6f\x75\xfb\x16\x71\x4f\x15\xf7\x56\x27\x78\xc8\xdf\x01\xf2\
\xde\xbc\xc8\xe9\x9d\xf0\xaf\x9f\xfa\x07\xad\xf7\x63\xd0\x1f\x86\
\x21\x00\x20\x00\x60\x58\x15\x8b\x00\x36\xd5\x00\xa6\x4d\x01\xfb\
\x85\x55\x03\x0c\x9b\x79\xe0\x87\x1b\x2f\xf8\xd5\xdd\xb9\x35\x9d\
\xdb\x13\x1b\xc2\x64\x59\x82\x99\x76\x89\x68\xe2\x01\x29\xfc\xf0\
\xc3\x0f\x3f\xfc\xf0\x8b\xd7\x5e\xd3\xb1\x5d\xdc\x43\xc5\xbd\xd4\
\x70\xea\xbf\x9f\x63\x9e\xf0\x6f\x73\xea\x4f\xf2\x8f\x61\x08\x00\
\x08\x00\x18\x56\x05\x42\xc0\x80\x90\x6a\x80\x11\x21\xd5\x00\x13\
\x23\x54\x03\x84\xae\x0c\x1c\x7d\xc8\x99\xe7\x34\x5d\xf6\x60\x7b\
\x2a\x01\x55\x89\xd7\x44\x55\x5c\x0f\x29\xfc\xf0\xc3\x0f\x3f\xfc\
\x55\xc7\x9f\x71\xef\x99\xe2\xde\xe9\x98\x57\xfb\x99\x4e\xfd\x27\
\x86\x9c\xfa\x8f\x08\x39\xf5\xa7\xe4\x1f\xc3\x10\x00\x10\x00\x30\
\xac\x4a\xab\x01\x76\x76\xf2\xd7\x05\x46\xa9\x06\x98\x25\x4f\x18\
\xe6\x39\xf9\x43\x02\x03\xab\x01\x06\x0c\x18\x70\x64\xcd\x87\xae\
\x6a\xcd\xae\x78\xfa\xe5\x38\x27\x30\x89\x9f\xe8\xa4\x7c\x02\x94\
\xf4\xeb\xc3\x0f\x3f\xfc\xf0\xc3\x5f\xbd\xfc\xe2\x1e\x29\xee\x95\
\xe2\x9e\x19\xe1\xd4\xdf\x1b\xf2\x37\x4f\xde\x93\x67\x45\x3c\xf5\
\x57\xd7\xfb\x31\xe8\x0f\xc3\x10\x00\x10\x00\x30\x8c\x6a\x80\x82\
\x6a\x00\x7d\x53\xc0\x2e\xf2\x84\x61\xb6\xd3\x33\x60\xc8\xab\x06\
\x30\xae\x0c\x1c\x34\x2e\x77\x42\xc3\x67\x6e\xba\xa1\xb9\xa5\xfd\
\xad\x44\x4e\x70\x4a\x5d\xc2\x59\xee\x9e\x50\xf8\xe1\x87\x1f\x7e\
\xf8\xab\x8e\x5f\xdc\x13\xc5\xbd\x51\xdc\x23\x9d\x68\xab\xfd\xbc\
\x53\xff\x3d\xe5\xbd\x78\x37\x79\x6f\x0e\x9b\xf0\xcf\xa9\x3f\x86\
\x21\x00\x20\x00\x60\x18\xd5\x00\x81\xd5\x00\x41\xb3\x01\x72\xf2\
\x64\x61\x9a\xa1\x1a\x20\x68\x65\x60\xcf\x7c\x80\xd9\x47\x7e\xac\
\xe1\xc2\xbb\x7f\x93\xf4\x09\x4e\xdc\x00\x31\xe9\x13\xa8\xd4\x4f\
\xa4\xe0\x87\x1f\x7e\xf8\xe1\xef\xd3\xfc\x8d\x17\xfe\xfa\x37\xe2\
\x9e\xe8\xf8\x97\xfb\x07\xad\xf6\xd3\x4f\xfd\xa7\xc9\x7b\x73\xce\
\x31\xf7\xfa\x73\xea\x8f\x61\x08\x00\x08\x00\x18\x46\x35\x40\xe4\
\x4d\x01\xe2\x44\x21\x23\x4f\x18\xa6\xc8\x13\x87\x99\x4a\x35\x40\
\xe4\x21\x81\xc2\xc7\x1c\x71\xde\xf9\xd9\xa5\x8f\x6c\x4e\x2c\xa0\
\x33\xac\x5d\x2a\xb5\x27\x1d\xc0\xc2\x0f\x3f\xfc\xf0\xc3\x5f\x1d\
\xfc\xe2\xde\x27\xee\x81\xde\xfd\xd0\x89\x3e\xe4\xcf\x3b\xf5\x9f\
\x29\xef\xc1\x53\xe4\x3d\x39\x13\x70\xea\x3f\x9c\x53\x7f\x0c\x43\
\x00\x40\x00\xc0\x30\x44\x80\x62\x36\x05\x8c\x75\x7d\x82\xeb\x75\
\x4e\xcf\x40\x21\x71\xd2\x30\x49\x9e\x3c\xec\x2a\x4f\x22\xe6\x38\
\xe6\x21\x81\x79\x6d\x01\x03\x06\x0f\x3e\xba\xf6\x63\x5f\xbb\x2a\
\xb7\x6a\xc3\xab\xe5\xee\x01\x2d\xf4\x76\xe5\xd1\x7b\x8e\xf6\xb2\
\x9d\x90\xc1\x0f\x3f\xfc\xf0\xc3\xdf\xc7\xf9\xdd\x7b\x9d\xb8\xe7\
\x89\x7b\x9f\x53\x58\xee\x1f\x65\xc8\xdf\x2c\x79\xcf\x9d\x26\xef\
\xc1\x39\x79\x4f\xae\x93\xf7\xe8\xb1\x0e\x13\xfe\x31\x0c\x01\x00\
\x01\x00\xc3\xb0\x10\x11\x20\x6a\x35\xc0\xc8\x80\x6a\x80\x66\x79\
\x02\xa1\xaf\x0c\x0c\x6a\x0b\xf0\xdd\x16\x30\xa8\x6e\xca\xfb\xea\
\xcf\xba\xe5\xa6\xe6\xd5\xed\x6f\x97\xec\x04\x26\xe5\x13\xaa\x72\
\x3b\xfc\xf0\xc3\x0f\x3f\xfc\x95\xc1\x2f\xee\x6d\xe2\x1e\x27\xee\
\x75\x4e\xf8\x74\xff\xa0\x72\x7f\x75\xb5\xdf\x14\x79\xef\xf5\x3b\
\xf5\x1f\x59\xe4\xa9\x3f\xc9\x3f\x86\x21\x00\x20\x00\x60\x18\xd5\
\x00\xbe\xd5\x00\xa3\x7c\xaa\x01\xb2\xf2\x24\xc2\x6f\x48\x60\x94\
\xb6\x80\x1d\x42\xc0\x88\xb9\xc7\x9d\xde\x74\xd1\x7d\xff\x1b\x2d\
\x40\xd3\x4e\x68\x5a\x7a\x1f\x7b\xfe\xdc\xb1\xe3\xb1\x3c\x3d\xa2\
\xbd\x8f\xf9\xef\xb5\x23\xef\xbd\x05\xbd\x5f\xf8\xe1\x87\x1f\x7e\
\xf8\xfb\x3e\x7f\xd3\x45\xf7\xfe\xaf\xb8\xb7\xf9\x24\xfe\x51\xcb\
\xfd\xd5\x21\x7f\x93\x9c\xde\xd5\x7e\xea\xa9\xff\x28\x4e\xfd\x31\
\x0c\x01\x00\x01\x00\xc3\xb0\x62\x85\x80\xa8\xd5\x00\x41\x2b\x03\
\xd5\x21\x81\x73\x9c\xf0\xb6\x00\xdf\xf9\x00\xe3\x8e\xb9\xe8\xe2\
\xec\x15\x8f\xfe\x21\x2f\x40\x33\x04\x8c\xd6\x27\x44\x09\x3f\x5f\
\xda\x3d\xb2\xf0\xc3\x0f\x3f\xfc\xf0\xf7\x1d\x7e\x71\x0f\x13\xf7\
\x32\x27\xb8\xcf\x3f\x4a\xb9\xbf\x3a\xe4\xaf\xd9\x29\x1c\xf2\x17\
\xe7\xd4\x1f\xc3\x30\x04\x00\x04\x00\x0c\x43\x04\xf0\xad\x06\x18\
\x68\xa8\x06\x08\x1a\x12\x28\x4a\x15\xc5\xa0\xa2\xa8\x6d\x01\xda\
\x7c\x80\xa1\xc7\xd4\x9c\x7a\xcd\x57\xb3\xcb\x9f\xfa\xbf\x68\x01\
\x5a\xfe\x89\x90\x7e\xe2\x64\xfe\x77\xcb\x9e\x50\xc3\x89\x53\xdc\
\x00\xd3\xfe\xff\xc3\x0f\x3f\xfc\xf0\xc3\x5f\x6e\xfe\xec\x8a\xa7\
\xff\x4f\xdc\xbb\xc4\x3d\xcc\x09\xef\xf3\x0f\x2b\xf7\x9f\xe9\xf4\
\x96\xfb\xfb\x0d\xf9\x0b\x3b\xf5\x1f\xc8\xa9\x3f\x86\x21\x00\x20\
\x00\x60\x18\x96\x84\x10\xa0\xae\x0c\x1c\xea\x14\xae\x0c\xf4\x1b\
\x12\x18\xd6\x16\xe0\x09\x01\x8b\x9d\x90\xb5\x81\x83\x46\xd7\x1f\
\x5f\xfb\xf1\x6f\x7f\x43\x0c\x4f\xca\x59\x9c\x10\xe9\x6e\x0a\x20\
\xf5\x13\xa9\xee\xff\x17\xa3\xa4\x34\xfe\x50\x2a\xbb\x80\x15\x7e\
\xf8\xe1\x87\x1f\xfe\x32\xf2\x8b\x01\x7f\xee\xbd\x4a\xdc\xb3\x9c\
\xf0\xb5\x7e\x8b\x95\xc4\xdf\x54\xee\xaf\x0f\xf9\xd3\x57\xfb\x79\
\xa7\xfe\x94\xfb\x63\x18\x02\x00\x02\x00\x86\x61\x25\xa9\x06\x08\
\x5a\x19\x58\xef\xf4\x0e\x09\xf4\xda\x02\x82\xb6\x05\x88\x9e\xc7\
\xfd\x1d\xc3\x7c\x80\x41\xe3\x72\x27\xd4\x9d\x71\xfd\xb7\xb3\xab\
\x36\xfc\xb3\x3c\x43\xab\x2c\xa7\x42\x1b\x4f\xb0\x2c\x4f\xd4\xca\
\x3e\xb4\x0b\x7e\xf8\xe1\x87\x1f\xfe\x02\x7e\xf7\x9e\x24\xee\x4d\
\xe2\x1e\xe5\x98\xfb\xfc\xf7\x97\xf7\xbc\xb0\xe9\xfe\x5e\xb9\x7f\
\x46\xde\x4b\x83\x56\xfb\x71\xea\x8f\x61\x08\x00\x08\x00\x18\x86\
\x95\xbc\x1a\xa0\x98\xb6\x00\x6f\x3e\x80\xda\x16\x10\x79\x3e\x40\
\xf7\xc6\x80\x33\x6f\xf8\x7e\x76\xe5\xc6\x7f\xe7\x07\x98\xbd\x8f\
\xc5\x0c\x9d\x4a\xbe\x47\x34\x6e\xc9\xa9\x6d\x89\x2c\xfc\xf0\xc3\
\x0f\x3f\xfc\x25\xe3\x5f\xb5\xe9\xdf\xe2\x5e\xa4\x4c\xf6\x8f\xda\
\xe7\xaf\x96\xfb\x7b\x7d\xfe\xc5\x96\xfb\x73\xea\x8f\x61\x08\x00\
\x08\x00\x18\x86\x95\x44\x04\x30\x0d\x09\x1c\xed\x14\xb6\x05\x64\
\x65\x70\xe3\xb5\x05\xd8\xce\x07\xc8\x13\x02\x86\x64\x76\xfb\x40\
\xdd\x67\x6e\xfa\x51\xae\xa5\xed\x8d\x62\x02\xb8\xa4\x03\xc2\xb8\
\x27\x5e\xa6\x92\xd5\xd2\xbf\x5f\xf8\xe1\x87\x1f\x7e\xf8\x0b\xbe\
\x7e\xd5\xa6\x37\x1a\xdc\x7b\xcf\x20\xf7\x1e\x14\x90\xf8\xdb\xf4\
\xf9\x7b\xe5\xfe\x13\x9d\xc2\xe9\xfe\x5e\xb9\x7f\xd4\x21\x7f\x24\
\xff\x18\x86\x00\x80\x00\x80\x61\x58\x59\xaa\x01\xfc\xda\x02\xd4\
\x6d\x01\xde\x7c\x00\xaf\x2d\x20\x6c\x3e\x80\x2e\x04\xe4\xb5\x05\
\x74\x0b\x01\xcd\xf3\x3e\x58\xff\xb9\x5b\x6e\xce\xae\x6a\xdb\x92\
\xec\xd0\xa9\xf0\x13\xa5\x4a\x1b\x62\x95\xfc\xd0\x2d\xf8\xe1\x87\
\x1f\x7e\xf8\x77\xbc\x4e\x4b\xdb\x16\x71\xaf\x11\xf7\x1c\x2d\xf1\
\x57\xfb\xfc\xfd\x12\x7f\xbf\x3e\x7f\xaf\xdc\xdf\xeb\xf3\x57\xa7\
\xfb\x9b\xca\xfd\x39\xf5\xc7\x30\x04\x00\x04\x00\x04\x00\x0c\x2b\
\xb9\x08\x60\x1a\x12\x18\xa5\x2d\xa0\xd9\x31\xaf\x0d\xdc\xc7\xe9\
\x1d\x14\xe8\xcd\x07\xf0\x13\x02\x8e\xda\x79\xca\x3e\xa7\x34\x9c\
\xf3\xb3\x5b\x9b\x57\xb7\xbf\xed\x1b\xd0\x29\x8f\x39\x2f\x30\x4c\
\xf1\x84\x29\xef\x35\x8a\x78\x3d\xdb\xf7\x6f\x7c\x7f\xf0\xc3\x0f\
\x3f\xfc\xf0\x5b\xbf\x1f\x71\x4f\x11\xf7\x16\x71\x8f\x11\xf7\x1a\
\x27\x78\xc0\x9f\xd7\xe7\xbf\x9f\x13\xdc\xe7\xaf\xaf\xf5\x8b\x52\
\xee\x6f\x33\xe4\x8f\xe4\x1f\xc3\x10\x00\x10\x00\x30\x0c\x2b\x69\
\x35\x40\x50\x5b\x80\xb7\x2d\x40\x04\x37\x5e\x5b\x40\x94\xf9\x00\
\x61\x83\x02\x7d\x85\x80\x61\x33\x0f\xfc\x70\xe3\xb9\x77\xdc\x96\
\x6b\x69\x7b\x27\x2c\x00\x4d\x7a\xed\x55\xfa\x27\x60\xc9\x06\xe0\
\xf0\xc3\x0f\x3f\xfc\xf0\x87\xbd\x9f\xf6\x77\x1a\xcf\xbd\xfd\x36\
\x71\x4f\x89\x98\xf8\xeb\x03\xfe\xa2\xf4\xf9\x7b\xe5\xfe\x63\x9d\
\xde\xe9\xfe\x41\xe5\xfe\x9c\xfa\x63\x18\x02\x00\x02\x00\x02\x00\
\x86\x55\xac\x10\x10\xd4\x16\x20\x7a\x19\x45\x69\xa3\xe8\x6d\xac\
\x71\xec\xe6\x03\xa8\x83\x02\xcd\x42\xc0\xec\x23\x3f\xd6\x78\xde\
\x9d\xbf\x70\x83\xc2\xad\x51\x4e\x98\xac\xd7\x46\xc5\xec\x31\xb5\
\x7d\xfd\xb4\x7b\x60\xe1\x87\x1f\x7e\xf8\xe1\xef\xf6\xad\xe2\xde\
\x21\xee\x21\x16\x89\xbf\xdf\x80\x3f\x53\x9f\x7f\x8d\xbc\x17\x8e\
\x71\xf2\xfb\xfc\x29\xf7\xc7\x30\x04\x00\x04\x00\x04\x00\x0c\xeb\
\x13\x22\x80\xed\xb6\x80\xb0\xf9\x00\x9e\x10\xa0\xce\x07\x50\x07\
\x05\x46\x16\x02\x46\xcc\x3d\xee\xf4\xc6\xf3\xef\xba\x3b\xb7\xba\
\x73\x9b\xd5\x09\x90\xed\x09\x52\xca\x5f\x9f\x76\xc9\x2c\xfc\xf0\
\xc3\x0f\x7f\xff\xe6\xef\xdc\xd6\x78\xc1\x2f\xef\x16\xf7\x0c\xcb\
\xc4\x5f\x1d\xf0\xa7\xf6\xf9\x7b\x89\xbf\xa9\xcf\xbf\xd8\xe9\xfe\
\x24\xff\x18\x86\x00\x80\x00\x80\x61\x58\xc5\x55\x03\x24\x31\x1f\
\xc0\x6f\x50\xa0\x2e\x04\x1c\xa8\x08\x01\x87\xfa\x09\x01\xc3\x17\
\x7d\xe0\x93\x22\xb8\xcb\xb6\xb4\xbd\x93\xca\x89\x55\xdc\x1e\x5b\
\x2d\x20\x56\x9f\x33\x89\x12\xd7\xd4\x4f\xec\xe0\x87\x1f\x7e\xf8\
\xfb\x24\x7f\xfb\x3b\x42\x24\x1e\xbe\xe8\x83\x9f\x0c\x48\xfc\x0f\
\x55\x12\xff\x03\x7d\x12\xff\xa0\x01\x7f\x71\xfb\xfc\x39\xf5\xc7\
\x30\x04\x00\x04\x00\x04\x00\x0c\xeb\xb3\x42\x40\xd8\x7c\x00\x6f\
\x6d\xa0\x37\x1f\x20\x55\x21\x40\xf4\x73\xd6\x9f\x75\xcb\xcd\xd9\
\x95\x1b\xff\x9d\xb3\x08\x60\xe3\xee\xa9\x2e\x75\x89\xad\xe9\xc4\
\xad\x20\xc0\x86\x1f\x7e\xf8\xe1\xef\x4f\xfc\xee\x3d\x40\xdc\x0b\
\x42\x7a\xfc\x93\x4c\xfc\xd5\x3e\xff\xb0\xb5\x7e\x94\xfb\x63\x18\
\x02\x00\x02\x00\x02\x00\x86\x55\x9d\x10\x10\x65\x3e\x80\x37\x28\
\x50\x9d\x0f\xa0\x0f\x0a\x9c\xe3\x84\xaf\x0e\x0c\x15\x02\x06\x4d\
\x98\xf2\xbe\xda\x8f\x7f\xfb\x1b\xb9\x65\x4f\xbd\x98\x6b\xf1\x82\
\xc4\x8e\xa2\x4f\xbc\x0a\x03\xea\x8e\x1d\x8f\x7e\xcf\x6f\x7b\xe2\
\x95\x78\x4f\xaf\xfa\x9e\xe0\x87\x1f\x7e\xf8\xfb\x0b\xff\x8a\xa7\
\x5e\x14\xd7\xfe\x41\x75\x53\xde\x17\x31\xf1\x0f\x5a\xe9\x37\xc7\
\xf1\x1f\xf0\xa7\xf6\xf9\x4f\x70\xe8\xf3\xc7\x30\x04\x00\x04\x00\
\x04\x00\x0c\xeb\x87\x22\xc0\xbb\x9c\xe0\xb6\x00\x55\x08\x50\xe7\
\x03\x04\x0d\x0a\xf4\x13\x02\xe6\x86\x08\x01\x07\x87\x09\x01\x03\
\x86\x8e\x38\x66\xfc\x07\xd7\xae\xce\x5c\xfe\x70\x67\x36\xc1\x92\
\xd3\xc4\xa7\x56\x1b\xff\x3d\x3f\xa0\x57\x83\xf0\x64\x12\x06\xf8\
\xe1\x87\x1f\xfe\xbe\xcb\x2f\xae\xf1\xe3\x4f\x59\xb7\x5a\x5c\xf3\
\x0d\x89\xff\xc1\x21\x89\xff\xdc\x88\x89\xbf\x3a\xe0\xcf\x2b\xf7\
\x0f\x4b\xfc\x07\x38\xf4\xf9\x63\x18\x02\x00\x02\x00\x02\x00\x86\
\x55\x79\x35\x40\x94\xf9\x00\xfa\xa0\xc0\xd4\x84\x00\xe1\x63\x8e\
\x3e\xff\x0b\x4d\x17\xdd\xf7\x60\x76\x75\xc7\x76\xdb\x21\x53\xfa\
\x09\x96\xf5\x54\x6b\xd3\x89\x5a\xdc\x9e\x5c\xdd\x13\xde\xcb\x0d\
\x3f\xfc\xf0\xc3\x5f\x71\xfc\xee\xb5\x5c\x5c\xd3\xc7\x1c\x79\xfe\
\x17\xbc\xeb\x7c\x8a\x89\xbf\x69\xc0\x1f\x7d\xfe\x18\x86\x00\x80\
\x00\x80\x00\x80\x61\x08\x01\x4e\xf0\x7c\x00\xd3\xc6\x80\x62\x85\
\x80\xb0\xd6\x80\x9e\x81\x81\x0b\x4f\x3a\xa3\xe1\xdc\x3b\xee\x6c\
\x6e\x69\x7f\x3b\xea\x89\x93\xa9\xc4\xd5\x18\x70\x1b\x4a\x66\x93\
\x9e\xf2\x6d\x7c\xfd\x1d\x7f\x86\x1f\x7e\xf8\xe1\xef\x5b\xfc\xcd\
\xab\xdb\xdf\x6e\x38\xef\xce\x3b\xc5\xb5\x5c\x49\xfa\x8b\x29\xf5\
\x37\x25\xfe\xa6\xc9\xfe\xf4\xf9\x63\x18\x02\x00\x02\x00\x02\x00\
\x86\x21\x02\x38\xd1\xe6\x03\xf8\x09\x01\xea\xc6\x00\x75\x75\x60\
\x1c\x21\xe0\x90\x20\x21\x60\xe7\x29\x0b\x3e\x54\xf7\xe9\x1b\x7f\
\x98\x5b\xb9\xf1\xb5\xf8\x3d\xb1\x86\x80\x3d\xe6\x14\x6c\x53\x0f\
\x6e\x41\x49\xac\x65\x02\x01\x3f\xfc\xf0\xc3\x5f\xf1\xfc\x2b\x36\
\xbc\x26\xae\xd9\xe2\xda\x1d\x92\xf8\x1f\x12\x33\xf1\x57\x57\xfa\
\x05\x4d\xf6\x57\x13\x7f\xd6\xfa\x61\x18\x02\x00\x02\x00\x02\x00\
\x86\x21\x04\x14\x21\x04\x0c\x97\xc1\xd5\xe8\x10\x21\x60\x52\x44\
\x21\xc0\xdb\x1a\xb0\xd8\x47\x08\x38\x4c\x17\x02\x06\x8d\x6b\x3a\
\xa1\xee\xd4\x6b\xbf\x96\x59\xf6\xf8\xdf\x22\x9f\x90\x19\x4f\xdc\
\x62\xae\xcd\x8a\x39\x75\xdb\xf4\xf5\x85\x01\xbe\xe5\x09\x21\xfc\
\xf0\xc3\x0f\x7f\x89\xf8\xc5\xb5\x59\x5c\xa3\xc5\xb5\xda\x27\xf1\
\x3f\xcc\x27\xf1\x5f\xec\xe4\x4f\xf5\x37\x25\xfe\x93\x42\x12\xff\
\xd1\xf2\xde\x34\x9c\xc4\x1f\xc3\x10\x00\x10\x00\x10\x00\x30\x0c\
\x8b\x2e\x04\x84\xcd\x07\x28\xb5\x10\xe0\x3f\x30\x70\xf0\xe0\xa3\
\xc7\x9d\xb8\x62\x79\xe6\xb2\xdf\x6f\x34\x05\xc8\x85\x27\x6e\xe1\
\xff\x6e\xff\x7c\x76\x27\x6a\xf9\x41\x7b\x84\x92\x5d\xed\xeb\xe3\
\xbf\x5f\xf8\xe1\x87\x1f\xfe\x64\xf9\xb3\xee\xb5\x58\x5c\x93\xc5\
\xb5\xd9\x09\xee\xef\x2f\x77\xe2\x4f\xb9\x3f\x86\x21\x00\x20\x00\
\x20\x00\x60\x18\x16\x43\x08\xd0\x57\x07\x16\x23\x04\x78\xeb\x03\
\x17\xf8\x08\x01\x91\x06\x06\x8e\x5a\xf2\xe9\x73\x9b\x2e\xfc\xd5\
\xbd\xb9\xd5\xed\xef\x24\xb2\x67\xdb\x72\x0a\xb6\x71\xe8\x96\xed\
\x90\xae\x84\x13\x0e\xf8\xe1\x87\x1f\xfe\x74\xf8\xdb\xde\x69\x70\
\xaf\xbd\xe2\x1a\xec\x44\x1f\xec\xa7\x27\xfe\x0b\x9c\xf0\x75\x7e\
\xa6\xc4\x3f\xca\x4a\x3f\x12\x7f\x0c\x43\x00\x40\x00\x40\x00\xc0\
\x30\xac\x84\x42\x40\x43\x44\x21\x60\x9e\x0c\x06\x17\xb9\xbe\x8f\
\x13\x7d\x73\x40\xef\x9c\x80\xff\xf8\xc1\x77\xb2\xcb\x9e\x78\x31\
\xce\xda\x2d\xeb\x80\xdc\xb0\xd7\xdb\x76\x0d\x98\x75\x49\xae\xe5\
\xfb\x83\x1f\x7e\xf8\xe1\x8f\xc5\xbf\xec\xc9\x17\xeb\xfe\xe3\xfb\
\xdf\x31\xf4\xf7\x07\x4d\xf4\xdf\x47\x5e\xe3\x17\xc8\x6b\x7e\x94\
\xc4\xbf\x81\xc4\x1f\xc3\x30\x04\x00\x04\x00\x0c\xc3\xfa\x76\x45\
\x80\x3e\x2c\x70\x37\xd7\x67\xbb\xbe\x87\x41\x08\x30\x0e\x0c\x14\
\x25\xa8\xe3\x4f\xb8\xec\xb2\xa6\x8b\x7f\xf3\xfb\x5c\x4b\xe7\x36\
\xe3\x09\x9a\xa1\xc4\xd6\xb8\x27\x5b\x73\xd3\x10\xb0\x82\x9e\xdd\
\x98\x25\xbe\xb6\xcf\x07\x3f\xfc\xf0\xc3\x6f\xcf\xdf\xb9\x4d\x5c\
\x53\xc5\xb5\x55\x2b\xf3\x8f\x3a\xd8\xcf\x2f\xf1\x9f\x2d\xaf\xfd\
\x51\x87\xfb\x91\xf8\x63\x18\x86\x00\x80\x00\x80\x61\x58\x1f\x16\
\x02\xf4\xf5\x81\xbb\xca\x60\x70\x77\x45\x08\xd8\xcb\x31\x6f\x0e\
\x08\x6c\x0f\x18\x36\xeb\xb0\x8f\xd5\x7d\xfa\xa6\x1b\x72\x2b\x9e\
\x7e\xa5\xd8\x12\x5b\xdb\xbd\xda\x49\x97\x08\x5b\x07\xec\xc6\xe7\
\x83\x1f\x7e\xf8\xe1\x8f\xf8\xff\xdd\x6b\x67\x83\x7b\x0d\x15\xd7\
\x52\x27\xbc\xcc\xdf\x34\xd1\x7f\x2f\x79\x4d\xdf\x43\x5e\xe3\x77\
\x93\xd7\xfc\xa0\x75\x7e\x24\xfe\x18\x86\x21\x00\x20\x00\x60\x18\
\x56\xc1\x42\xc0\xc0\x22\x85\x80\x46\x4d\x08\x98\x26\x83\xc2\x99\
\x8a\x10\x60\x1a\x18\x78\x70\x88\x10\xd0\x53\x15\x30\x74\xf4\x71\
\x13\x4e\x5a\xb3\xaa\xe9\xd2\xfb\x1f\x73\x83\xf3\xed\x61\x01\x75\
\xe1\x89\x9a\xee\xa6\x00\xdc\xb2\x87\xb7\xe0\xf5\xf3\xdd\x7c\x22\
\x68\x5b\x32\x6c\x7a\x7d\xf8\xe1\x87\xbf\x5f\xf3\xaf\xee\xdc\x2e\
\xae\x95\xe2\x9a\x29\xae\x9d\x4e\x78\x99\xff\x21\xf2\x1a\x6c\x1a\
\xec\xe7\x25\xfe\x33\xe5\x35\x7e\x9a\x96\xf8\x37\x16\x99\xf8\x9b\
\x26\xfb\x63\x18\x86\x00\x80\x00\x80\x00\x80\x61\x58\x82\x22\x40\
\x5c\x21\xa0\x46\x11\x02\x32\xae\x37\xbb\x3e\x59\x06\x87\xbb\xc8\
\x60\x51\xdf\x1c\xa0\x0e\x0c\xb4\x9a\x13\xe0\xc8\xaa\x80\xda\x33\
\x6f\xf8\x7e\x6e\xd9\x13\x2f\xa4\x32\x94\xcb\x58\x12\x1c\x6f\x28\
\x98\x3e\x35\xdc\x14\xe0\x27\xfd\xfa\xf0\xc3\x0f\x7f\x95\xf2\xbb\
\xd7\x44\x71\x6d\xf4\x39\xed\x8f\xda\xdf\xaf\x0f\xf6\x53\x27\xfa\
\xcf\x94\xd7\xf4\x69\xf2\x1a\xdf\x2c\xaf\xf9\x5e\xe2\x5f\x93\x70\
\xe2\x4f\xf2\x8f\x61\x08\x00\x08\x00\x08\x00\x18\x86\x55\x90\x10\
\xe0\xad\x0f\x1c\xa3\x08\x01\x75\x4e\xcf\xb0\x27\x4f\x08\x10\x43\
\xa0\xa6\xca\xa0\xd1\x66\x60\xa0\xa9\x3d\xa0\xa7\x2a\x60\xc0\x80\
\xa3\xc7\x1d\x75\xc1\x45\x8d\xe7\xdf\x75\x77\xae\xa5\xed\xcd\xa8\
\x3d\xb6\xb6\x25\xb5\xf6\x3d\xbc\x76\x09\x84\xed\x89\xa4\x2d\x0f\
\xfc\xf0\xc3\x5f\xcd\xfc\x6d\x6f\x8a\x6b\xe0\x18\xf7\x5a\x28\xae\
\x89\x8e\xf9\xb4\x3f\x6a\x7f\xbf\x97\xf8\xcf\x90\xd7\xf0\xa9\xf2\
\x9a\xae\x26\xfe\x75\x4a\xe2\x3f\xc6\x29\x5c\xe7\x47\xe2\x8f\x61\
\x18\x02\x00\x02\x00\x86\x61\x55\x28\x04\x8c\x92\xc1\xdf\x38\xd7\
\x27\x68\x42\x80\xdf\xe6\x00\x7d\x60\xa0\x3a\x27\xc0\xaf\x3d\xc0\
\x58\x15\x30\xa8\x6e\xca\xfb\x6b\x3f\xf2\xb5\x2f\x67\xbf\xf4\xe0\
\xa6\x82\x13\xb9\x55\xca\xe3\x2a\xf9\x6f\xab\xd2\x0b\xd0\x7b\x9e\
\xbb\x23\xf2\xeb\x59\x4f\xf1\xb6\x7d\x7e\xf8\xe1\x87\xbf\xea\xf8\
\x9b\xdc\x6b\xdd\x04\xf7\x9a\x27\xae\x7d\x4e\xf4\xd3\xfe\xa0\x32\
\x7f\xb5\xbf\xdf\x6f\xb0\x9f\x37\xd1\x3f\x23\xaf\xed\x75\xf2\x5a\
\x3f\x4e\x5e\xfb\x47\x91\xf8\x63\x18\x86\x00\x80\x00\x80\x61\x58\
\xf5\x0b\x01\x3b\xcb\x60\x6f\x58\x80\x10\xa0\xaf\x10\x0c\x1b\x18\
\x68\x6a\x0f\x88\x54\x15\xe0\xfa\xd1\xc3\x17\x9e\x74\x46\xfd\x67\
\x6f\xbe\x29\xbb\xec\xe9\x97\x92\x18\xb2\x65\x3a\x41\x34\xf6\xf4\
\x1a\x7b\x94\xc3\xff\x3d\xee\xeb\xc1\x0f\x3f\xfc\xd5\xc1\x9f\x59\
\xf6\xd4\x4b\xe2\xda\x36\x7c\xe1\x89\x67\x88\x6b\x9d\x53\xdc\x69\
\xbf\x5f\x99\x7f\xd8\x60\x3f\x7d\x95\x9f\x5f\xe2\x3f\x4c\xde\x0b\
\x76\x26\xf1\xc7\x30\x0c\x01\x00\x01\x00\xc3\xb0\xea\x12\x02\x06\
\x44\x10\x02\x46\xca\xe0\x30\x6c\x60\x60\xd0\x9c\x80\xa0\xf6\x00\
\xeb\xaa\x00\x51\x0e\x3b\xe6\xf0\xcf\x5f\xd8\x70\xee\x1d\x77\x64\
\x57\x6c\xf8\x67\xd1\x25\xc0\x86\x13\x44\xdb\x21\x63\xfa\xf3\xe5\
\xfd\x5d\xa4\xd7\x33\x24\x0c\xca\xff\x89\x76\xe2\x09\x3f\xfc\xf0\
\x57\x2c\xff\xca\x0d\xff\xac\x3f\xe7\x8e\x3b\xc4\xb5\x4c\x29\xf1\
\xb7\x3d\xed\x37\x95\xf9\xeb\xfd\xfd\x61\x83\xfd\xc6\xc8\x6b\xbc\
\x29\xf1\x37\x4d\xf5\x27\xf1\xc7\x30\x04\x00\x04\x00\x04\x00\x0c\
\xc3\xaa\x40\x08\x18\x22\x83\xc2\xa8\x03\x03\xbd\x39\x01\x5e\x7b\
\x80\x08\x46\x4d\xed\x01\xb6\x55\x01\xdd\x5b\x04\xc6\x9f\x70\xf9\
\xd2\xa6\x0b\x7e\x75\x6f\x76\xd5\xa6\x37\xe3\x0d\x01\x0b\x2f\xf9\
\xd5\x03\x7a\xd3\xf3\x9b\x12\x08\x73\x0f\x73\xb2\x6b\xc3\xe0\x87\
\x1f\xfe\x32\xf3\xbb\xd7\x28\x71\xad\x12\xd7\x2c\x65\x8a\xbf\xed\
\x69\xbf\xa9\xcc\xdf\xeb\xef\x9f\xee\xf8\xf7\xf7\x87\x0d\xf6\x1b\
\x26\xaf\xf5\x24\xfe\x18\x86\x21\x00\x20\x00\x60\x18\xd6\x4f\x85\
\x00\x4f\x0c\x50\x85\x00\x7d\x73\x40\xd0\xc0\x40\x7d\x4e\x80\xda\
\x1e\x30\xc7\xc9\x6f\x0f\x30\x55\x05\x1c\x22\x83\xe2\xe0\x79\x01\
\x13\x26\xbe\x6f\xfc\x29\x57\xae\xcd\x5c\xfc\x9b\x87\xdd\x60\x7b\
\xab\xed\x89\x9f\x31\x01\x29\x38\x81\xec\x4d\x12\xa2\x0c\x19\x33\
\x9d\x10\xc6\xed\x39\x8e\x7b\xe2\x09\x3f\xfc\xf0\xa7\xc2\xbf\xb5\
\xe9\xe2\xfb\x1e\x16\xd7\x26\x71\x8d\x32\x24\xfd\x87\x29\x49\xbf\
\xe9\xb4\x5f\x9d\xe6\xef\x57\xe6\xef\xd7\xdf\xaf\x0f\xf6\xd3\x27\
\xfa\x7b\x89\xbf\x5e\xe6\x4f\xe2\x8f\x61\x18\x02\x00\x02\x00\x86\
\x61\x55\x2c\x06\xec\xe4\xc4\x1f\x18\xa8\xce\x09\xf0\x6b\x0f\x88\
\x52\x15\x10\x75\x56\x40\xc1\xbc\x80\x21\x93\xe6\x9e\x5c\xf3\xd1\
\xab\xbf\xd2\x78\xc9\xfd\x8f\xba\x41\xfb\xd6\xa2\x4e\x24\xad\x4b\
\x8e\x4d\x27\x82\x96\x3d\xcc\x86\xd7\x2f\x38\xd1\xb4\xfc\x7a\xf8\
\xe1\x87\x3f\x35\xfe\xad\x4d\xee\xb5\x47\x5c\x83\x86\xe4\xe6\x9e\
\xec\xf8\xf7\xf5\xdb\xf6\xf6\x87\x9d\xf6\xfb\x95\xf9\x9b\xfa\xfb\
\x6d\x06\xfb\xed\x44\xd2\x8f\x61\x18\x02\x00\x02\x00\x86\x61\xd5\
\x2f\x04\xc4\x19\x18\xe8\x37\x27\x40\x6d\x0f\x88\x5a\x15\xa0\x6f\
\x10\x10\x81\xf1\xc1\x4e\xc4\x16\x81\x6e\x31\x20\xb3\xfb\x49\x13\
\x3e\xfc\xe5\x2b\x9b\x2e\xba\xef\xc1\x5c\x4b\xdb\xdb\xc5\x27\x1c\
\x96\x43\xcd\x4c\x27\x8e\xda\xeb\x19\x4f\x44\x63\x9e\x68\x9a\x86\
\x9a\xc1\x0f\x3f\xfc\xc5\xf3\x8b\x6b\x8b\xb8\xc6\x88\x6b\x8d\xb8\
\xe6\x28\x49\x7f\x94\x12\xff\x83\xe5\xb5\x6d\xb1\x93\x5f\xe2\x6f\
\x73\xda\xdf\xec\xe4\x97\xf9\xeb\xfd\xfd\x0c\xf6\xc3\x30\x0c\x01\
\x00\x01\x00\xc3\x30\xac\x28\x21\xc0\x34\x30\x30\x68\x4e\x80\xd7\
\x1e\xa0\x6e\x0f\x30\x55\x05\xa8\x1b\x04\xbc\x16\x81\x03\x8a\x15\
\x03\xc4\x6a\xad\xf1\x27\xb5\xae\x69\xbc\xf0\x9e\xfb\xb3\x2b\x37\
\xbd\xb9\x23\xf9\x28\x62\xed\x98\xee\xb6\x25\xca\xb6\x27\x8e\xb6\
\x3d\xcc\xa6\xe7\xb7\x7d\xff\xf0\xc3\x0f\xbf\xf6\xff\xdc\x6b\x88\
\xb8\x96\x88\x6b\x8a\x5c\xdb\x57\x6c\xd2\xef\x9d\xf6\xef\xe3\xe4\
\x4f\xf2\x8f\x72\xda\xaf\x4e\xf3\x57\xcb\xfc\xfd\xfa\xfb\x19\xec\
\x87\x61\x18\x02\x00\x02\x00\x86\x61\x58\xe2\x42\x40\x94\xf6\x00\
\x53\x55\x80\x98\x5e\xed\x55\x05\x78\x1b\x04\x4c\x2d\x02\x76\x62\
\xc0\xd8\xa6\xf7\x4e\x38\x71\xe5\x8a\xc6\xf3\xef\xba\x27\xbb\x72\
\xe3\xbf\xec\x87\x86\x85\x9f\x20\x1a\x13\x0c\x53\x89\x71\xc2\xcf\
\x67\x5b\x82\x0d\x3f\xfc\xf0\xfb\xf0\xbb\xd7\x0a\x71\xcd\x10\xd7\
\x0e\x71\x0d\x29\x22\xe9\x8f\x52\xe2\xef\x4d\xf2\xdf\x5d\x5e\x0b\
\xa3\x9c\xf6\x9b\xca\xfc\x49\xfc\x31\x0c\x43\x00\x40\x00\xc0\x30\
\x0c\x4b\x54\x08\x08\x9a\x13\xa0\xae\x11\x1c\xed\x44\xab\x0a\x10\
\xd3\xab\xbd\xaa\x00\xaf\x45\x40\x9c\x84\x85\xb5\x08\x04\x89\x01\
\x87\x99\xc4\x80\x01\x43\x47\x1c\x2b\xd6\x71\xd5\x7f\xf6\x27\x3f\
\xc9\x5c\xfe\xe8\x9f\xa3\x4c\xfd\x8e\x9b\x70\xd8\xae\x45\xb3\xdd\
\x7b\x6e\x1e\xba\x66\x48\xe0\xe0\x87\x1f\xfe\xee\xc7\xcc\xd2\x47\
\xff\x2c\xae\x0d\xdd\x2b\xfb\xdc\x6b\x45\x84\xa4\xff\xb0\x90\xa4\
\x3f\xac\xc4\x7f\x0f\xa7\xb7\xc4\xdf\x3b\xed\x9f\xea\xd8\x9d\xf6\
\xab\x65\xfe\x61\xfd\xfd\x24\xfe\x18\x86\x21\x00\x20\x00\x60\x18\
\x86\xc5\x16\x03\x82\xe6\x04\xe8\x6b\x04\x6d\xaa\x02\x44\xb9\xab\
\x57\x15\xa0\xb6\x08\xf8\x6d\x11\x88\x2d\x06\x08\x1f\x31\xe7\x98\
\xd3\x6b\x4f\xbb\xee\xda\xa6\x2f\xde\xff\x78\x76\x55\xdb\x3b\x49\
\x0c\x21\xb3\x1d\x2a\x66\x5d\x72\x1d\x7b\x68\x9a\x36\xd5\xdc\x30\
\x85\x1d\x7e\xf8\xab\x97\xbf\xfd\x9d\xa6\x4b\x7e\xfb\x78\xed\xe9\
\xd7\x5d\x2b\xae\x05\xde\x75\x21\x81\xa4\x7f\x9f\x80\xa4\xdf\x2b\
\xf1\xf7\x4e\xfb\xa7\x39\x76\xa7\xfd\x51\xd6\xf8\xd1\xdf\x8f\x61\
\x18\x02\x00\x02\x00\x86\x61\x58\x6a\x42\x80\xa9\x3d\x20\x6a\x55\
\x40\x56\x06\xc0\x5e\x55\xc0\x74\x4d\x0c\x98\xe3\xe4\xb7\x08\x04\
\xad\x14\x8c\xd2\x26\x10\x38\x37\x60\xc2\x49\x2d\x2b\x1a\xce\xfb\
\xc5\x2f\x73\x2b\x9e\x7e\xb5\xf8\x1e\xe8\x74\xa7\x9c\x27\xfd\x7a\
\xa6\xd7\x87\x1f\xfe\xaa\xe2\x77\x7f\xb7\x1b\xdd\xdf\x71\xf1\xbb\
\x6e\xe8\xe7\x8f\x52\xde\xbf\xd8\xf1\x5f\xdd\xa7\x97\xf8\xab\x49\
\xff\x74\xa7\xf7\xb4\xbf\xd9\xc9\x9f\xe4\x1f\xf5\xb4\x9f\x32\x7f\
\x0c\xc3\x10\x00\x10\x00\x10\x00\x30\x0c\xab\x08\x21\x20\xca\xd0\
\x40\xb5\x2a\xc0\xdb\x20\xe0\x89\x01\xe2\x04\x4c\x6f\x11\x10\x01\
\xb3\xda\x22\x90\xba\x18\x30\x60\xc0\x80\xa3\x47\xee\xf7\xd1\xcf\
\xd4\x7e\xe2\x3b\xd7\x35\x5e\x72\xff\x63\xb9\x95\x6d\x6f\x15\x9b\
\x70\x24\xfd\xef\x85\x09\x99\x61\x4f\xb9\xe1\x84\xd5\xe8\x31\x4b\
\xc4\xe1\x87\xbf\x9c\xfc\xe2\x77\x57\xfc\x0e\x8b\xdf\x65\xf1\x3b\
\x2d\x7e\xb7\x4b\x94\xf4\xab\x25\xfe\x6a\xd2\xef\x95\xf8\x67\x94\
\xa4\xdf\x9b\xe4\x1f\x74\xda\x6f\x9a\xe6\x4f\xe2\x8f\x61\x18\x02\
\x00\x02\x00\x86\x61\x58\xc9\x84\x00\x9b\xf6\x80\xa0\xaa\x80\xa0\
\x16\x01\x4f\x0c\xf0\x5a\x04\x76\x29\x42\x0c\x88\x32\x40\x30\xa8\
\x55\xa0\x47\x10\x18\x5d\x73\xfc\xb8\xa3\xbf\x70\x49\xfd\x67\x7e\
\x72\x73\xe6\xb2\x87\x9f\xcd\xb6\x74\x6c\x2f\xf6\x44\x33\xfd\x12\
\xe7\x78\xcf\x17\xf7\xfd\xc3\x0f\x7f\x59\xf9\x57\x77\x6c\x17\xbf\
\xa3\xf5\x67\xfd\xe4\xe6\x71\xc7\x7e\xe1\x12\xf1\xbb\xab\x25\xfc\
\x7e\xa5\xfd\x51\x06\xf9\xd9\x26\xfd\xde\x14\xff\x29\x5a\xd2\xef\
\x57\xe2\x6f\x7b\xda\x1f\xa5\xcc\x9f\xc4\x1f\xc3\x30\x04\x00\x04\
\x00\x0c\xc3\xb0\xd4\xc5\x80\xa8\x55\x01\x41\x1b\x04\x82\x5a\x04\
\xfc\xe6\x05\xd8\x88\x01\xea\xcc\x80\xc5\x21\x62\x80\xb1\x3a\x40\
\xf8\xce\x93\xe6\x9f\x32\xfe\xe4\xd6\x35\x8d\xe7\xdd\x79\x57\xe6\
\x8a\x27\xfe\x9e\xee\x09\x67\xba\x53\xd3\x93\x4e\xf0\xe0\x87\xbf\
\xd4\xfc\xe2\x77\xb0\xe1\xdc\x3b\xef\x12\x6b\xfa\xc4\xef\xa6\x13\
\xde\xcb\xaf\xf7\xf3\xfb\x25\xfd\x8b\x9d\xe0\x9e\xfe\xa8\x49\xbf\
\xda\xd7\x1f\x54\xe2\x6f\x33\xc9\x9f\xd3\x7e\x0c\xc3\x10\x00\x10\
\x00\x10\x00\x30\x0c\xab\x78\x21\x20\x6c\x56\x80\xbe\x41\x20\xa8\
\x45\x20\x68\x5e\x40\x31\x62\x80\xbe\x5a\x50\x04\xfa\x5e\x75\xc0\
\x12\x27\x5a\x75\x40\x81\x20\x30\x74\xf6\x11\xa7\x4e\xf8\x7f\x57\
\xae\x6f\x3c\xef\xe7\xbf\xc8\x5c\xf1\xf8\xdf\x2a\x29\xe1\xaa\xb4\
\x35\x6d\xf0\xc3\x1f\x97\x3f\xbb\xec\xf1\xbf\x35\x7c\xfe\xe7\xbf\
\x98\x70\xca\x95\xeb\xc5\xef\x5e\x48\xc2\x6f\x3a\xe5\x5f\xe2\xe4\
\x97\xf6\xeb\x2b\xfb\x8a\x4d\xfa\x83\xfa\xfa\xc3\x4a\xfc\x87\x28\
\xd7\xc5\xb0\xde\x7e\x12\x7f\x0c\xc3\x10\x00\x10\x00\x10\x00\x30\
\x0c\xeb\x13\x62\x40\xd4\xaa\x00\xbd\x45\x40\xdf\x22\x10\x47\x0c\
\x98\x1f\x20\x06\x44\x99\x1b\x60\xaa\x0e\xd8\x21\x08\x0c\x9b\xb6\
\xff\x87\xc7\x7f\x60\xcd\xea\xfa\xb3\x6f\xbb\x3d\xb3\xf4\xd1\x3f\
\xe6\x27\x40\x6d\x3b\x1e\xd5\x3f\x47\x4d\x90\x4c\x5e\xee\x13\x5b\
\x73\x82\x08\x3f\xfc\x76\xfc\x99\xcb\x1f\xfd\xa3\xf8\x5d\x12\xbf\
\x53\xe2\x77\xcb\x27\xe1\x2f\xe6\x94\x5f\xef\xe7\xf7\x5b\xd9\x17\
\x27\xe9\xd7\xa7\xf8\x8f\x76\xec\x4b\xfc\x39\xed\xc7\x30\x0c\x01\
\x00\x01\x00\x01\x00\xc3\xb0\x3e\x2b\x04\xc4\x69\x11\x48\x52\x0c\
\xd0\x57\x0b\x2e\x94\x81\xbf\x5f\xab\x40\x58\x75\x40\x64\x41\x60\
\xc8\xa4\xb9\x27\x8f\x7b\xdf\xf2\x15\xf5\x67\xdd\x72\x4b\xe6\xd2\
\xff\xdd\xd8\x3d\x54\xb0\x4c\x3d\xde\x71\x13\xb8\xdc\x2a\xe5\x71\
\x95\xf6\x77\x25\xe8\x21\x87\xbf\xba\xf9\x9b\x57\xb5\xbd\x25\x7e\
\x47\x1a\xdc\xdf\x95\x71\x27\x2e\x5f\x21\x7e\x77\x62\x26\xfc\x7e\
\xa7\xfc\x6a\x69\xff\xde\xf2\x1a\xa0\xaf\xec\x4b\x3a\xe9\x4f\xaa\
\xc4\x9f\xc4\x1f\xc3\x30\x04\x00\x04\x00\x04\x00\x0c\xc3\xfa\x9c\
\x18\xa0\xb7\x08\xf8\x09\x01\x7e\x5b\x04\xbc\x79\x01\x22\xb0\x1e\
\x6b\x29\x06\x78\xdb\x04\xbc\xd5\x82\xb3\x15\x31\x20\xac\x55\x20\
\xac\x3a\xa0\x28\x41\x60\xc0\xd0\xd1\xc7\x8d\x3e\xe0\x13\x67\xd7\
\x9e\x76\xcd\xd5\x8d\xe7\xdd\xf5\xeb\xec\x15\x8f\xff\x35\x30\x41\
\x52\x1e\x73\xda\xdf\x45\x3b\xa1\x6d\x53\x1e\xcd\x27\xae\xb6\xcf\
\x97\xff\x77\xc5\x9c\x08\x1b\x12\x44\xf8\xab\x9a\x3f\xb3\xf4\xf1\
\xbf\x36\x5e\x70\xd7\xaf\x6b\x3e\x76\xcd\xd5\xe2\x77\x42\xfc\x6e\
\xc4\x48\xf8\x6d\x4f\xf9\xbd\xd2\x7e\x2f\xe9\x9f\xed\xf4\xae\xec\
\xf3\xa6\xf7\xdb\x24\xfd\xde\x30\x3f\xb5\xaf\x5f\x9f\xe2\x6f\x1a\
\xe8\xc7\x69\x3f\x86\x61\x08\x00\x08\x00\x08\x00\x18\x86\xf5\x0b\
\x31\x60\x80\x41\x0c\x18\x12\x53\x0c\xf0\xb6\x09\x78\xab\x05\x77\
\x55\xc4\x80\xa0\x56\x01\xbd\x3a\xc0\x6f\x76\x80\xde\x2e\x60\x12\
\x04\x0a\x66\x08\x08\x1f\x92\x9b\x7b\xf2\xf8\xe3\xbf\x74\x79\xdd\
\x99\x3f\xfa\x61\xd3\x25\xf7\x3f\x9a\x59\xbe\xe1\x5f\x91\x4e\x7c\
\x0d\x09\x62\xa9\x13\xd0\x02\xd7\x4e\x8c\x6d\x13\x58\xf8\xab\x88\
\x7f\xc5\x86\x7f\x36\xba\x9f\x6d\xf1\x19\x1f\x7b\xdc\x97\x2e\x17\
\x9f\x79\xf5\x77\xc0\x09\xee\xe1\xf7\x4b\xf8\xc3\xca\xfa\xd5\x5e\
\x7e\xbf\x53\x7e\xbd\xb4\xdf\x4b\xfa\x77\x75\x7a\x57\xf6\x79\xd3\
\xfb\xe3\x24\xfd\x43\x0c\x49\x3f\x25\xfe\x18\x86\x21\x00\x20\x00\
\x20\x00\x60\x18\xd6\x6f\x85\x80\x62\xe7\x05\xd8\x88\x01\xea\x6a\
\xc1\xc9\x8a\x18\xa0\xb6\x0a\x44\xa9\x0e\xd0\xd7\x0c\x06\x09\x02\
\x51\x2a\x04\x7c\xab\x04\x84\x0f\xdd\xed\xd0\x53\xc7\xbd\x77\xf9\
\xb2\xba\xff\xb8\xe1\x87\x8d\x5f\xb8\xf7\xf7\x99\x65\x4f\xbd\x94\
\xf4\x09\x6d\xfc\x13\xe6\x78\x3d\xea\x7a\x4f\xb8\xf1\xfd\xc2\xdf\
\x27\xf8\xc5\x67\x55\x7c\x66\xc5\x67\x57\x7c\x86\xc5\x67\x39\x20\
\xd9\x8f\x9a\xf0\x1f\x62\x48\xf8\xd5\x35\x7d\x51\x4e\xf9\xd5\xd2\
\x7e\x2f\xe9\x9f\xec\xe4\xaf\xec\x2b\x36\xe9\xa7\xc4\x1f\xc3\x30\
\x04\x00\x04\x00\x04\x00\x0c\xc3\x30\x0b\x31\x60\xa7\x84\xc4\x80\
\xa0\x6d\x02\x8d\x9a\x18\xa0\xb7\x0a\x04\x55\x07\x78\xb3\x03\x44\
\x52\xb1\xd0\xf1\x6f\x17\x08\x12\x04\x82\x66\x08\x58\x89\x02\x43\
\x72\x73\x4e\x1e\x7b\xec\x85\x5f\xac\xf9\xf8\xb7\xbf\xd5\x70\xc1\
\x2f\xef\xcd\x2c\x7d\xec\xcf\x6e\xc2\xb5\xad\xf8\x13\xe9\xb6\x1d\
\x8f\xc5\x24\xa0\xa6\x9e\x70\xdb\x13\x6b\xfd\xdf\x0b\x9f\x2f\x3c\
\x61\x86\xbf\xd4\xfc\x1d\xdb\xb2\x57\x3c\xf6\xe7\xa6\x0b\x7e\x75\
\x6f\xdd\xc7\xbf\xfb\x2d\xf1\xd9\x0c\x39\xd9\x0f\x4b\xf6\xc3\x7a\
\xf8\xc3\x12\x7e\xb5\xac\x7f\xa1\xfc\xdd\xf4\x7a\xf9\xc3\x4e\xf9\
\xd5\xd2\x7e\x35\xe9\x6f\x74\x82\xa7\xf7\x27\x91\xf4\x73\xda\x8f\
\x61\x18\x02\x00\x02\x00\x02\x00\x86\x61\x58\x8a\x62\xc0\xc8\x00\
\x31\x40\x9c\xe8\xd5\x3b\xfe\xad\x02\x51\xaa\x03\xfc\xda\x05\x8a\
\x15\x04\xa2\x54\x09\x04\x8a\x02\x83\x46\xd7\x9f\x30\x72\xff\x8f\
\x9e\x35\xfe\x83\xeb\xd6\xd6\x7d\xfa\xe6\x1f\x37\x5e\x78\xcf\xef\
\x32\x4b\x1f\xfb\x6b\xb6\xa5\x63\x6b\xdc\x12\x71\xf3\x50\x37\xd3\
\x89\x73\xf8\xbf\x27\x5d\x92\x1e\xfb\xeb\xe1\xf7\xe7\x5f\xdd\xb1\
\xd5\x4d\xf4\xff\x2a\x3e\x5b\x0d\xee\x67\x4c\x7c\xd6\xc4\x67\x4e\
\x7c\xf6\x22\x26\xfb\x51\xcb\xf9\x6d\x13\x7e\xbd\xac\x3f\xea\x29\
\x7f\xb3\x93\x5f\xda\x5f\x2f\xaf\x09\x7e\x49\xff\x48\x92\x7e\x0c\
\xc3\x30\x04\x00\x04\x00\x0c\xc3\xb0\xbe\x21\x06\xe8\xdb\x04\x46\
\xc9\xc0\x7e\xac\x0c\xf4\xf5\x56\x81\xa0\xea\x00\x75\x76\x80\xba\
\x59\x20\x8a\x20\xe0\xb5\x0c\xe8\x33\x04\xa2\xb6\x0d\x58\x8b\x02\
\xc2\x07\x8c\xae\x39\x61\xe4\x7e\x1f\xfe\xcc\xf8\x93\xd6\xac\xa9\
\x3b\xf3\xc6\x1f\xb9\xc9\xdb\x03\xd9\xa5\x8f\xfe\x29\xb7\xaa\xed\
\xed\xa8\x09\x61\xc1\x10\x39\xe5\xd4\x38\x52\x4f\xb8\xa1\x07\x3e\
\xee\x5e\x79\xdb\x13\x6d\xdb\x84\xb8\xbf\xf1\x8b\xcf\x46\xc6\xfd\
\x8c\x88\xcf\x8a\xf8\xcc\x88\xcf\x8e\xf8\x0c\x89\xcf\x92\xfe\xf9\
\xb2\x48\xf6\xa3\x96\xf3\xeb\x3d\xfc\x7a\x49\x7f\x58\xc2\xaf\x4e\
\xec\xd7\x7b\xf9\xc3\x4e\xf9\xbd\xd2\xfe\xf1\xf2\x9a\x30\x46\x5e\
\x23\xf4\xe9\xfd\x24\xfd\x18\x86\x61\x08\x00\x08\x00\x18\x86\x61\
\x65\x12\x02\x6c\xc4\x00\xbf\xea\x00\x55\x0c\x18\xed\xf4\xce\x0d\
\x08\xab\x0e\x50\x67\x07\xf8\xb5\x0b\x84\x09\x02\x7e\x33\x04\x4c\
\x55\x02\x61\xa2\x80\x4d\xfb\x40\xa1\x30\x30\x78\xf0\x31\xc3\x66\
\x2c\xf9\xd8\xb8\xa3\xce\xbf\xb8\xe6\x23\xff\xf5\x95\xfa\xcf\xde\
\x7c\x53\xd3\x85\xf7\xdc\x9f\x5d\xfa\xf0\xb3\xd9\x95\x9b\xb6\xc4\
\x1a\x32\x57\xf0\xf5\xf9\x09\xa9\x29\x81\xb6\x4d\xb8\xad\x13\x68\
\x63\x89\x7d\xcc\x21\x7b\x7d\x81\xdf\xfd\x19\x67\x2f\x7f\xf8\x59\
\xf1\x33\x17\x3f\x7b\xf1\x19\x10\x9f\x85\x61\xb3\x96\x7c\x4c\x7c\
\x36\x0c\x89\x7e\xd4\x32\xfe\xa0\x64\xdf\x74\xba\xef\xd7\xc3\x1f\
\x96\xf0\xfb\x95\xf5\xab\xbd\xfc\xa6\x53\x7e\xb5\x9f\xdf\x4b\xfa\
\xfd\x4e\xf9\xe3\x24\xfd\x24\xfe\x18\x86\x21\x00\x20\x00\x20\x00\
\x60\x18\x86\x55\x88\x18\xe0\xd7\x2a\x60\xaa\x0e\xd0\xdb\x05\x3c\
\x41\x60\x17\x4d\x10\xd0\x5b\x06\xf4\xa1\x82\x41\x55\x02\x36\xa2\
\x40\x58\xb5\x80\x55\xc5\x80\xe7\x3b\x4f\xdb\xf7\xc3\x63\x0e\xf9\
\xdc\xf9\x13\x4e\xb9\x72\x7d\xed\x19\xdf\xbf\xbe\xe1\x9c\xdb\xef\
\x6c\xbc\xf8\xbe\x47\x32\x97\x3f\xf2\xc7\xec\xca\x8d\xaf\xc7\x29\
\x61\x8f\x9b\xb0\x9b\x12\x66\xf3\x5a\x3a\x43\x49\xbe\x21\x81\x8f\
\x5b\xc2\x5f\x12\xfe\x95\x1b\x5e\xcf\x5c\xfe\xe8\x1f\x1b\x2f\xfe\
\xcd\x23\xe2\x67\x57\x7b\xc6\x0f\xae\x17\x3f\x4b\xf1\x33\x15\x3f\
\xdb\xa0\x9f\xbb\x13\xed\x44\x3f\xe8\x54\xdf\x36\xd9\x0f\x3a\xdd\
\x57\x87\xf6\xf9\x95\xf4\x7b\x09\xff\x2e\x3e\x09\x7f\xb3\xfc\xdd\
\x8c\x72\xca\x3f\xda\x31\x97\xf6\x93\xf4\x63\x18\x86\x21\x00\x20\
\x00\x60\x18\x86\x55\x81\x18\x10\xb5\x55\x60\xb4\xe3\x5f\x1d\x10\
\x55\x10\xd0\x5b\x06\x3c\x41\x60\x8e\x93\xbf\x65\xc0\x54\x25\x10\
\x24\x0a\xf8\xcd\x14\x88\x52\x2d\x60\x12\x06\xc2\x04\x82\x63\x06\
\x35\xec\x7a\xd2\xc8\x45\x1f\xfa\xf4\xd8\xf7\x5c\x7a\x59\xcd\x47\
\xae\xfe\x4a\x77\x7b\xc1\x79\x77\xde\xdd\x74\xf1\xfd\x8f\x65\x2e\
\x7b\xf8\xb9\xdc\xf2\xa7\x5f\xc9\xb6\xb4\x6f\x2d\xe6\xc4\xdb\x36\
\x21\xd7\x9f\x5f\x77\xf3\x54\x7b\xc3\x50\x3d\xeb\x13\xfd\x78\x27\
\xfe\xa1\xaf\xdf\xd2\xb1\x35\xbb\xfc\xa9\x57\xb2\x97\x3d\xf2\x5c\
\xe3\xc5\xbf\x7d\x4c\x7c\xcf\x1b\xce\xbc\xe9\x47\xe2\x67\x20\x7e\
\x16\xe2\x67\x22\x7e\x36\xe2\x67\x14\x21\xc1\x2f\x26\xd1\xf7\x3b\
\xd5\x57\xcb\xf8\xc3\x92\x7d\xd3\xe9\xbe\x37\xa5\x7f\x8e\x53\xd8\
\xc3\x1f\x74\xc2\x1f\x96\xf0\x9b\x4e\xf9\xc3\x4a\xfb\x49\xfa\x31\
\x0c\xc3\x10\x00\x10\x00\x30\x0c\xc3\xfa\xa0\x20\x60\x12\x03\x8a\
\xad\x0e\x08\x6a\x17\x88\x22\x08\x78\x43\x05\xd5\x2d\x03\x7e\x55\
\x02\x41\xb3\x04\xc2\x44\x01\xbf\x6a\x81\x28\x15\x03\x26\x71\xc0\
\x46\x20\xf0\xda\x0c\x8e\xdd\x79\xe2\xfc\x0f\x8d\x5c\x74\xca\x99\
\xe3\x8e\xba\xf0\xe2\xf1\x27\xb5\xae\xa9\x3d\xed\x1b\xd7\xd6\x9d\
\x79\xe3\x8d\x0d\xe7\xde\x71\x57\xd3\x45\xf7\xfd\xbe\xe9\x8b\xbf\
\xdb\x90\xbd\xfc\x91\x3f\x64\x96\x3d\xf5\x72\x4e\xb4\x1e\x44\x98\
\x8a\x9f\x78\xcf\xbe\xed\x89\xbf\xe5\x14\xff\xd0\xe7\x13\xa5\xf8\
\x2e\x7b\x93\xf8\x1e\xb8\xdf\x0b\xf1\x3d\x69\x38\xf7\xe7\x77\xd5\
\xbb\xdf\xa3\xda\xd3\xae\xbb\x56\x7c\xcf\xc4\xf7\x4e\x7c\x0f\xc5\
\xf7\x52\x7c\x4f\xc3\xbe\xe7\x11\x13\xfc\xa0\x24\xdf\x74\xa2\xef\
\x77\xaa\x1f\x35\xd9\xd7\x7b\xf7\xf5\xd3\x7d\x75\x4a\xbf\x3a\xb4\
\x2f\x4a\xc2\x1f\x54\xd6\x5f\xcc\x29\x3f\x3d\xfd\x18\x86\x61\x08\
\x00\x08\x00\x18\x86\x61\x55\x22\x06\xbc\xcb\x47\x0c\xb0\xa9\x0e\
\x08\x5a\x33\xe8\x09\x02\x13\x22\x0a\x02\xfa\x50\x41\xaf\x6d\x40\
\xad\x12\xf0\x56\x0f\x06\x89\x02\x9e\x30\xb0\xb7\xe3\x3f\x53\x20\
\xae\x30\x50\x8c\x40\x10\x24\x12\x1c\x65\x48\x5a\x77\x54\x16\x0c\
\x18\x3a\xe2\x38\xb1\x42\x6e\xc4\x9e\xc7\x7e\x62\xf4\x81\x67\x9c\
\x3d\xf6\xa8\x0b\xbf\x38\xee\xc4\x95\xab\x26\x7c\xf8\xab\x5f\xae\
\x3d\xfd\xba\x6b\xeb\xce\xb8\xfe\xbb\xa2\xda\xa0\xfe\xb3\xb7\xfc\
\xb4\xfe\x9c\xdb\xee\x68\x38\xf7\x17\xbf\x6a\xbc\xf0\xee\xdf\x36\
\x5d\xf4\x9b\x87\x32\x97\x3c\xf0\x44\xf6\xd2\x07\xdb\x32\x97\x3d\
\xf2\x5c\x56\x6c\x40\xb8\xe2\x89\xe7\x33\x57\x3c\xf1\xf7\xcc\xb2\
\x27\x5f\xce\x8a\x8a\x84\xe5\x4f\xbf\x96\x59\xfe\xf4\xbf\xb2\x2b\
\x36\xbe\x9e\x5d\xb9\x71\x8b\x18\x76\xe7\x26\xe1\x5b\xb3\x2d\x1d\
\xdb\xbb\xdd\xfd\x73\xf7\xdf\xad\xd8\xb8\x45\x7c\x4d\x66\x99\xfb\
\xb5\xcb\x9e\x7e\x4d\xfc\xdf\xcc\x15\x4f\xbe\x2c\x9e\x4b\x3c\xa7\
\x78\xee\xee\xd7\x10\xaf\xe5\xbe\xa6\x78\x6d\xf1\x1e\xc4\x7b\x11\
\xef\x49\xbc\x37\xf1\x1e\xc5\x7b\xad\x3d\xfd\xdb\xd7\x8a\xf7\x3e\
\xee\xc4\x96\x55\x82\x45\x30\x09\x36\xc1\x28\x58\x9d\xe0\x93\xfa\
\x28\x89\xfd\x51\x21\x3f\x07\x53\x82\x1f\x37\xd1\xf7\xeb\xd9\xdf\
\x5b\x49\xf4\x83\x92\xfd\x39\x4a\xb2\xaf\x9e\xee\xab\x53\xfa\xd5\
\xa1\x7d\xa6\x84\x7f\x82\x4f\xc2\xef\xb7\xa6\xcf\xe6\x94\x7f\x80\
\xc3\x29\x3f\x86\x61\x18\x02\x00\x02\x00\x86\x61\x58\xd5\x8a\x01\
\x71\xab\x03\x82\x04\x81\xa0\x96\x81\x26\xa7\x77\xcb\x40\xb3\x4c\
\x76\xc2\xaa\x04\xa2\x88\x02\x7e\x33\x05\xa2\x0a\x03\x41\xe2\x40\
\x1c\x81\x20\x4c\x24\x30\x89\x05\x36\xa2\x41\x24\x61\x21\x21\x4f\
\xea\xfd\x98\xb8\x4d\xdf\xb7\x23\x12\x48\xf0\x83\x92\xfc\xa8\x89\
\xbe\xde\xb3\x1f\x25\xd9\x0f\x3b\xdd\x9f\x24\x7f\x17\xbc\x29\xfd\
\x4d\x8e\xb9\xa4\x5f\x4f\xf8\xd3\x3c\xe5\x27\xe9\xc7\x30\x0c\x43\
\x00\x40\x00\xc0\x30\x0c\xab\x72\x31\x20\x0d\x41\x40\x1d\x2a\xa8\
\x6e\x19\xf0\xaa\x04\xd4\xd5\x83\x7e\xa2\x80\x5f\xa5\xc0\xec\x98\
\xc2\x80\xda\x4a\xe0\x89\x03\x8b\x35\x71\x20\xaa\x40\xe0\x27\x12\
\xe8\x42\x81\x9f\x58\x10\x55\x34\xb0\x15\x11\x4a\xed\xb6\xef\x3f\
\xe8\xfb\x70\xb8\x21\xb1\x3f\x4c\xfb\x9e\x9b\x12\x7c\xfd\x24\x7f\
\xb1\xf2\xf3\x0e\x2a\xdd\xb7\x49\xf4\x67\x3b\xe1\x27\xfb\x7a\xb2\
\xaf\x4e\xe8\xf7\x12\x7e\xef\x74\x5f\x1f\xda\x97\x46\xc2\x4f\xd2\
\x8f\x61\x18\x86\x00\x80\x00\x80\x61\x18\x86\x20\x10\xa9\x3a\xc0\
\xaf\x5d\xc0\x24\x08\x78\x43\x05\xc7\x48\x57\x05\x81\xb0\x2a\x01\
\xbd\x75\xc0\x13\x05\xfc\xda\x07\x66\x16\x21\x0c\x84\x89\x03\xb6\
\x02\x41\x90\x48\xa0\x0a\x05\xba\x58\x10\x24\x18\xf8\x89\x06\x51\
\x45\x84\x28\x5e\x6c\x62\x1e\xc5\x4d\xef\xfb\xb0\x08\x09\xfd\xa1\
\xda\xf7\x6c\x89\x21\xb9\xb7\x49\xf0\xc3\x92\x7c\xdb\x44\x7f\xa6\
\x13\x5c\xc6\xaf\x26\xfb\xcd\x5a\xb2\xef\x77\xba\xaf\x26\xfc\xde\
\xef\x89\x3a\xb4\x2f\x4a\xc2\xaf\x97\xf5\x73\xca\x8f\x61\x18\x86\
\x00\x80\x00\x80\x61\x18\x86\x59\x89\x01\x49\x08\x02\x7e\x43\x05\
\xc3\xaa\x04\x4c\xa2\x80\x57\x29\x30\x51\x13\x05\xa6\xc5\x10\x06\
\xc2\xc4\x81\x28\x02\x41\x98\x48\x10\x26\x16\xf8\x09\x06\xba\x68\
\x10\x26\x20\x44\x11\x13\xd2\xf2\xb0\xf7\x12\xf4\xfe\x97\x84\x24\
\xf4\x41\x49\x7d\x58\x72\x1f\x25\xc1\x0f\x4b\xf2\x8b\x4d\xf4\xa7\
\x69\xc9\xbe\xf7\x79\xcc\x59\x26\xfb\xfa\xe9\xbe\xdf\xd0\xbe\xb4\
\x12\x7e\x92\x7e\x0c\xc3\x30\x04\x00\x04\x00\x0c\xc3\x30\xac\xe4\
\x82\x80\xad\x28\xa0\x0f\x19\x54\x67\x0a\xf8\x55\x0b\x98\x84\x01\
\x3f\x71\x20\xaa\x40\x10\x24\x12\xf8\x09\x05\x7e\x62\x81\x2a\x18\
\xf8\x89\x06\xba\x70\xe0\x27\x20\xf8\xf9\x92\x94\xdc\xf4\xba\x7e\
\xef\xf5\xc0\x90\x64\x7e\xb1\xf6\xbd\xd0\x93\x7a\x3d\xb1\x0f\x4a\
\xee\xa3\x26\xf8\x7e\x49\xbe\x4d\xa2\xaf\x9e\xea\xe7\x94\xcf\x9f\
\x3a\xa4\xcf\x36\xd9\x27\xe1\xc7\x30\x0c\x43\x00\x40\x00\x40\x00\
\xc0\x30\x0c\xeb\x13\x82\xc0\x4e\x11\x05\x01\xbf\x19\x02\xa6\x2a\
\x81\x62\x45\x01\xbd\x5a\xc0\x4f\x18\x08\x13\x07\xfc\x2a\x07\xc2\
\x04\x02\x3f\x91\x40\x15\x0a\xc2\xc4\x02\x3f\xc1\x40\x17\x0d\x74\
\xf1\x60\xff\x00\x21\x21\x48\x54\x48\xd2\x83\x5e\xcf\xef\xbd\xf9\
\x31\xec\x1b\x92\xd0\x87\x25\xf5\x0b\x94\xef\xab\x9e\xdc\x87\x25\
\xf8\x7e\x27\xf9\x61\x49\x7e\x50\xa2\xef\x77\xaa\x6f\x9b\xec\x9b\
\x4e\xf7\x4d\x3d\xfc\x41\x09\x3f\x65\xfd\x18\x86\x61\x08\x00\x08\
\x00\x18\x86\x61\x58\x59\x04\x81\xa8\x15\x02\x61\x55\x02\xc5\x56\
\x0a\x44\x15\x06\x6c\xc5\x01\x93\x40\xe0\x27\x12\xe8\x42\x41\x90\
\x58\x30\x3f\x44\x34\x50\x85\x03\x55\x3c\xf0\x13\x11\xf6\x0e\x10\
\x15\x92\xf6\xb0\xd7\xd4\xdf\xdf\xc2\x80\x44\x5e\x4f\xe6\xe7\x87\
\x24\xf5\x7a\x62\xef\x97\xdc\x9b\x12\x7c\xdb\x24\x3f\x6a\xa2\x5f\
\xec\xc9\x7e\xd8\xe9\x3e\x27\xfc\x18\x86\x61\x08\x00\x08\x00\x08\
\x00\x18\x86\x61\x55\x27\x08\xa4\x25\x0a\x44\x11\x06\x6c\xc5\x81\
\x30\x81\x20\x4c\x24\x50\x85\x82\x20\xb1\xc0\x4f\x30\x08\x12\x0e\
\x74\x01\x61\x5e\x80\x98\xe0\x27\x2c\xc4\xf5\xa0\xe7\xf7\x7b\x2f\
\xfa\xfb\xd5\x13\x79\xbf\x84\x3e\x28\xa9\xd7\x13\xfb\xa0\xe4\x3e\
\x2c\xc1\xb7\x4d\xf2\xa3\x24\xfa\x69\x26\xfb\x24\xfc\x18\x86\x61\
\x08\x00\x08\x00\x08\x00\x18\x86\x61\x55\x29\x08\x14\x2b\x0a\xf8\
\xb5\x0f\x04\x09\x03\x7a\xc5\x80\x8d\x38\x10\x26\x10\x04\x89\x04\
\xba\x50\xa0\x57\x13\x78\x62\x81\x27\x18\xf8\x89\x06\xaa\x70\xa0\
\x8a\x07\xba\x88\xa0\x8b\x09\xb3\x7d\x84\x85\xa4\xdc\xef\x35\xf4\
\xf7\xa1\xbf\xcf\xdd\xb4\x44\xde\x2f\x99\xdf\x55\xf9\x7e\x4c\x77\
\x0a\x4f\xed\xf5\xc4\x3e\x28\xb9\x0f\x4b\xf0\x6d\x92\x7c\xfd\x44\
\x3f\x28\xd1\x8f\x52\xc6\x6f\x9b\xec\x93\xf0\x63\x18\x86\x21\x00\
\x20\x00\x20\x00\x60\x18\x86\x21\x0a\x18\x44\x81\xb0\x6a\x01\x3f\
\x61\x20\xa8\x6a\x20\x48\x1c\xf0\x13\x08\xfc\x44\x82\x30\xa1\x40\
\x17\x0b\xfc\x04\x03\x55\x34\x50\xab\x0c\x74\x01\x41\x15\x11\x74\
\x31\x41\xf7\x19\x31\x3d\xe8\x79\xf5\xd7\x9f\xee\x93\xc0\x4f\xd3\
\x12\xf9\xa9\x1a\xab\x9a\xd0\xeb\x49\x7d\x58\x62\xef\x97\xdc\xfb\
\x25\xf8\x51\x92\xfc\xd1\x4e\x61\x9f\x7e\x58\xa2\xaf\x9f\xea\x93\
\xec\x63\x18\x86\x21\x00\x20\x00\x20\x00\x60\x18\x86\x61\x25\x16\
\x05\xc2\x84\x01\xbd\x62\x20\x8a\x38\xa0\x56\x0e\xe8\x02\x41\x14\
\x91\x20\x48\x28\x50\xc5\x02\x5d\x30\xc8\x6a\xc2\x81\x9f\x78\x30\
\xd1\x47\x48\x98\xe4\x23\x2a\xf8\xf9\x94\x88\x1e\xf6\x1c\x7e\xaf\
\xe9\xf7\xde\xf4\x24\x3e\xa7\x31\xea\x09\x7d\x93\xf2\xfd\xf1\x4b\
\xec\xa3\x24\xf7\x7a\x82\xef\x77\x92\x6f\x4a\xf2\x83\x4e\xf4\xfd\
\x12\x7d\x92\x7d\x0c\xc3\x30\x04\x00\x04\x00\x04\x00\x0c\xc3\x30\
\xac\x0c\xa2\x40\x1c\x61\x20\x4c\x1c\x50\x05\x02\xbf\xd6\x02\x55\
\x24\x30\x09\x05\x13\x02\x04\x03\x55\x34\xf0\x13\x0e\x1a\x7c\x44\
\x04\x5d\x48\xd0\x05\x85\xb4\xdc\xef\x35\x1b\x7d\x92\xf7\x86\x90\
\x44\xbe\x4e\x63\x57\x13\xfa\x09\x11\x13\x7b\xfd\x04\x5f\x2f\xd5\
\x1f\xa1\xfc\xfc\x82\x92\xfc\x24\x12\x7d\x92\x7d\x0c\xc3\x30\x04\
\x00\x04\x00\x04\x00\x0c\xc3\x30\xac\x44\xa2\x80\xad\x30\x10\x45\
\x1c\x30\x09\x04\x51\x44\x02\x55\x28\x08\x12\x0b\xfc\x04\x03\x55\
\x34\x18\x1f\x20\x20\xa8\x22\x42\x4d\x80\xa0\x90\xa6\xfb\xbd\xf6\
\x84\x80\x04\x7e\xbc\x4f\x32\x1f\x94\xd0\xfb\x25\xf5\x7e\x27\xf7\
\xa6\xe4\xde\x94\xe0\x47\x49\xf2\xe3\x26\xfa\x24\xfb\x18\x86\x61\
\x08\x00\x08\x00\x08\x00\x18\x86\x61\x58\x89\x44\x81\x62\x84\x81\
\x20\x71\x20\x4c\x20\x50\x45\x82\x30\xa1\x40\x15\x0b\x74\xc1\x40\
\x15\x0d\x74\xe1\x40\x15\x0f\x82\x44\x84\x20\x51\x21\x69\x37\xbd\
\xae\xfe\x3e\x47\x05\x24\xf2\x23\x7d\xf8\x87\xfb\x24\xf5\x61\x89\
\xfd\x10\xed\x67\x10\x94\xe0\x9b\x92\xfc\x24\x12\x7d\x92\x7d\x0c\
\xc3\x30\x04\x00\x04\x00\x04\x00\x0c\xc3\x30\xac\x42\xc5\x81\x9d\
\x22\x88\x03\x51\x04\x02\x5d\x24\x30\x09\x05\xba\x58\xe0\x27\x18\
\xe8\xa2\x81\x9f\x78\x10\x26\x24\x94\xda\x83\xde\x97\x1f\xc3\x50\
\x43\x42\x3f\xc4\xe7\xfb\x15\x96\xd8\x0f\xf2\xf9\x79\x44\x49\xf0\
\x07\x04\x7c\x06\x48\xf2\x31\x0c\xc3\x30\x04\x00\x04\x00\x0c\xc3\
\x30\xac\x9f\x08\x03\xb6\x02\x41\x90\x48\xe0\x27\x14\xf8\x89\x05\
\x7e\x82\x41\x98\x78\x10\x24\x22\x0c\x89\x28\x2c\xc4\xf1\x28\xaf\
\x19\xf4\x7e\xc3\x18\x07\x45\x48\xea\xdf\x1d\xf2\x7d\x1e\x90\x60\
\x82\x4f\xa2\x8f\x61\x18\x86\x21\x00\x20\x00\x60\x18\x86\x61\x08\
\x04\x46\x81\xa0\x58\xa1\xc0\x24\x1a\x98\x04\x84\x41\x45\x08\x0b\
\xc5\xb8\xcd\x6b\x9b\x38\xa2\x7c\x2f\x6c\x12\x7b\x12\x7c\x0c\xc3\
\x30\x0c\x01\x00\x01\x00\xc3\x30\x0c\xc3\xca\x22\x10\x44\x11\x0a\
\x4c\x82\x41\x31\x02\x42\x25\x79\x54\xae\x28\xdf\x23\xdb\xef\x3b\
\x86\x61\x18\x86\x21\x00\x20\x00\x60\x18\x86\x61\x58\xc5\x8a\x05\
\xb6\xc2\x41\x92\xe2\x42\x12\x49\x7a\x1a\x89\x3c\x49\x3d\x86\x61\
\x18\x86\x00\x80\x00\x80\x00\x80\x61\x18\x86\x21\x1c\xf4\x51\xc7\
\x30\x0c\xc3\x30\x04\x00\x04\x00\x1c\xc7\x71\x1c\xc7\x71\x1c\xc7\
\x71\x1c\xc7\x11\x00\x70\x1c\xc7\x71\x1c\xc7\x71\x1c\xc7\x71\x1c\
\x47\x00\xc0\x71\x1c\xc7\x71\x1c\xc7\x71\x1c\xc7\x71\x1c\x01\x00\
\xc7\x71\x1c\xc7\x71\x1c\xc7\x71\x1c\xc7\x71\x04\x00\x1c\xc7\x71\
\x1c\xc7\x71\x1c\xc7\x71\x1c\x47\x00\xc0\x71\x1c\xc7\x71\x1c\xc7\
\x71\x1c\xc7\x71\x1c\x01\x00\xc7\x71\x1c\xc7\x71\x1c\xc7\x71\x1c\
\xc7\x71\x04\x00\x1c\xc7\x71\x1c\xc7\x71\x1c\xc7\x71\x1c\xc7\x11\
\x00\x70\x1c\xc7\x71\x1c\xc7\x71\x1c\xc7\x71\x1c\x47\x00\xc0\x71\
\x1c\xc7\x71\x1c\xc7\x71\x1c\xc7\x71\x1c\x01\x00\xc7\x71\x1c\xc7\
\x71\x1c\xc7\x71\x1c\xc7\x71\x04\x00\x1c\xc7\x71\x1c\xc7\x71\x1c\
\xc7\x71\x1c\xc7\x11\x00\x70\x1c\xc7\x71\x1c\xc7\x71\x1c\xc7\x71\
\x1c\x01\x00\xc7\x71\x1c\xc7\x71\x1c\xc7\x71\x1c\xc7\x71\x04\x00\
\x1c\xc7\x71\x1c\xc7\x71\x1c\xc7\x71\x1c\xc7\x11\x00\x70\x1c\xc7\
\x71\x1c\xc7\x71\x1c\xc7\x71\x1c\x47\x00\xc0\x71\x1c\xc7\x71\x1c\
\xc7\x71\x1c\xc7\x71\x1c\x01\x00\xc7\x71\x1c\xc7\x71\x1c\xc7\x71\
\x1c\xc7\x71\x04\x00\x1c\xc7\x71\x1c\xc7\x71\x1c\xc7\x71\x1c\xc7\
\x11\x00\x70\x1c\xc7\x71\x1c\xc7\x71\x1c\xc7\x71\x1c\x47\x00\xc0\
\x71\x1c\xc7\x71\x1c\xc7\x71\x1c\xc7\x71\x04\x00\x1c\xc7\x71\x1c\
\xc7\x71\x1c\xc7\x71\x1c\xc7\x11\x00\x70\x1c\xc7\x71\x1c\xc7\x71\
\x1c\xc7\x71\x1c\x47\x00\xc0\x71\x1c\xc7\x71\x1c\xc7\x71\x1c\xc7\
\x71\x1c\x01\x00\xc7\x71\x1c\xc7\x71\x1c\xc7\x71\x1c\xc7\x71\x04\
\x00\x1c\xc7\x71\x1c\xc7\x71\x1c\xc7\x71\x1c\xc7\x11\x00\x70\x1c\
\xc7\x71\x1c\xc7\x71\x1c\xc7\x71\x1c\x47\x00\xc0\x71\x1c\xc7\x71\
\x1c\xc7\x71\x1c\xc7\x71\x1c\x01\x00\xc7\x71\x1c\xc7\x71\x1c\xc7\
\x71\x1c\xc7\x71\x04\x00\x1c\xc7\x71\x1c\xc7\x71\x1c\xc7\x71\x1c\
\x47\x00\xc0\x71\x1c\xc7\x71\x1c\xc7\x71\x1c\xc7\x71\x1c\x01\x00\
\xc7\x71\x1c\xc7\x71\x1c\xc7\x71\x1c\xc7\x71\x04\x00\x1c\xc7\x71\
\x1c\xc7\x71\x1c\xc7\x71\x1c\xc7\x11\x00\x70\x1c\xc7\x71\x1c\xc7\
\x71\x1c\xc7\x71\x1c\x47\x00\xc0\x71\x1c\xc7\x71\x1c\xc7\x71\x1c\
\xc7\x71\x1c\x01\x00\xc7\x71\x1c\xc7\x71\x1c\xc7\x71\x1c\xc7\x71\
\x04\x00\x1c\xc7\x71\x1c\xc7\x71\x1c\xc7\x71\x1c\xc7\x11\x00\x70\
\x1c\xc7\x71\x1c\xc7\x71\x1c\xc7\x71\x1c\x01\x00\xc7\x71\x1c\xc7\
\x71\x1c\xc7\x71\x1c\xc7\x71\x04\x00\x1c\xc7\x71\x1c\xc7\x71\x1c\
\xc7\x71\x1c\xc7\xfb\x9c\xff\x7f\xa0\x2b\xfd\x22\xbc\xd5\x89\x93\
\x00\x00\x00\x00\x49\x45\x4e\x44\xae\x42\x60\x82\
"

qt_resource_name = b"\
\x00\x03\
\x00\x00\x6e\xb9\
\x00\x67\
\x00\x75\x00\x69\
\x00\x03\
\x00\x00\x68\x94\
\x00\x61\
\x00\x72\x00\x74\
\x00\x14\
\x02\x85\xcd\x07\
\x00\x69\
\x00\x63\x00\x6f\x00\x6e\x00\x5f\x00\x72\x00\x6f\x00\x75\x00\x6e\x00\x64\x00\x35\x00\x31\x00\x32\x00\x40\x00\x32\x00\x78\x00\x2e\
\x00\x70\x00\x6e\x00\x67\
"

qt_resource_struct_v1 = b"\
\x00\x00\x00\x00\x00\x02\x00\x00\x00\x01\x00\x00\x00\x01\
\x00\x00\x00\x00\x00\x02\x00\x00\x00\x01\x00\x00\x00\x02\
\x00\x00\x00\x0c\x00\x02\x00\x00\x00\x01\x00\x00\x00\x03\
\x00\x00\x00\x18\x00\x00\x00\x00\x00\x01\x00\x00\x00\x00\
"

qt_resource_struct_v2 = b"\
\x00\x00\x00\x00\x00\x02\x00\x00\x00\x01\x00\x00\x00\x01\
\x00\x00\x00\x00\x00\x00\x00\x00\
\x00\x00\x00\x00\x00\x02\x00\x00\x00\x01\x00\x00\x00\x02\
\x00\x00\x00\x00\x00\x00\x00\x00\
\x00\x00\x00\x0c\x00\x02\x00\x00\x00\x01\x00\x00\x00\x03\
\x00\x00\x00\x00\x00\x00\x00\x00\
\x00\x00\x00\x18\x00\x00\x00\x00\x00\x01\x00\x00\x00\x00\
\x00\x00\x01\x97\x58\xbf\xc0\x04\
"

qt_version = [int(v) for v in QtCore.qVersion().split('.')]
if qt_version < [5, 8, 0]:
    rcc_version = 1
    qt_resource_struct = qt_resource_struct_v1
else:
    rcc_version = 2
    qt_resource_struct = qt_resource_struct_v2

def qInitResources():
    QtCore.qRegisterResourceData(rcc_version, qt_resource_struct, qt_resource_name, qt_resource_data)

def qCleanupResources():
    QtCore.qUnregisterResourceData(rcc_version, qt_resource_struct, qt_resource_name, qt_resource_data)

qInitResources()
